ID de incidencia;Prioridad;Descripción;Estatus;Fecha de envío;Grupo asignado;Fecha de última resolución;Grupo Resolutor;Urgencia;Impacto;Grupo Remitente
INC000003521140;Media;PANGEA / ATAC JEREZ / LENTITUD;Cerrado;17/03/2025 18:44 a;CEP CAU AGI;22/10/2025 18:31;CEP CAU AGI;4-Baja;Masiva;APL_CON_DESA_SERVICIO_ICF
INC000003530988;Media;PANGEA // ATAC JEREZ // ERROR FUNCIONAL;Cerrado;26/03/2025 10:38 a;CEP CAU AGI;22/04/2025 11:00;NEG_CAMP_CERES;4-Baja;Masiva;MESA DE AYUDA GUADALAJARA
INC000003534332;Media;FICHA DE CLIENTE // FOUNDEVER SEVILLA // ERROR FUNCIONAL;Cerrado;28/03/2025 14:32 a;CEP CAU AGI;19/06/2025 12:21;CEP CAU AGI;4-Baja;Masiva;TEIDE_OSP_ICF
INC000003542277;Media;ATENAS // ORANGE // ERROR FUNCIONAL;Cerrado;03/04/2025 10:55 a;CEP CAU AGI;07/08/2025 12:34;Soporte Scoring;4-Baja;Masiva;Soporte Scoring
INC000003543002;Media;FICHA CLIENTE MM // MEDELLIN // LENTITUD;Cerrado;03/04/2025 10:29 a;CEP CAU AGI;24/04/2025 7:44;DES_SOE_FDCMM;4-Baja;Masiva;ATC_MADRID_MASIVO
INC000003543813;Media;PANGEA / JAZZTEL DISTRIBUCION / ERROR FUNCIONAL;Cerrado;03/04/2025 20:27 a;CEP CAU AGI;19/05/2025 17:08;SOP_SMC_AULA_CIMA;4-Baja;Masiva;PROC_CAD
INC000003544913;Media;CRM JAZZTEL / DISTRIBUCION JAZZTEL / ERROR FUNCIONAL;Cerrado;04/04/2025 15:18 a;CEP CAU AGI;21/04/2025 10:10;DES_SOE_ATENAS;4-Baja;Masiva;PROC_CAD
INC000003579306;Media;PRDIAS-22172 DJINGO/ CONTROL ROOM / ERROR FUNCIONAL;Cerrado;08/04/2025 13:15 a;CEP CAU AGI;07/05/2025 11:10;DES_DJINGO;4-Baja;Masiva;FIJO CAU ICFF
INC000003579404;Media;IP24 / SALAMANCA / ERROR FUNCIONAL;Cerrado;08/04/2025 13:17 a;CEP CAU AGI;05/05/2025 16:10;TEIDE_OSP_Soporte_Tecnico;4-Baja;Masiva;APL_CON_DESA_SERVICIO_ICF
INC000003579623;Media;FICHA DE CLIENTE // FOUNDEVER SEVILLA // ERROR FUNCIONAL;Cerrado;08/04/2025 15:36 a;CEP CAU AGI;21/07/2025 8:04;DES_SOE_FICHA;4-Baja;Masiva;TEIDE_OSP_ICF
INC000003580606;Media;[IP24] // ATAC SALAMANCA // ERROR FUNCIONAL;Cerrado;09/04/2025 11:55 a;CEP CAU AGI;12/05/2025 7:26;CEP CAU AGI;4-Baja;Masiva;NEG_PROVISION_PYME
INC000003582091;Media;FICHA DE CLIENTE // FOUNDEVER SEVILLA // ERROR FUNCIONAL;Cerrado;10/04/2025 15:26 a;CEP CAU AGI;16/06/2025 14:11;APL_MOV_SOE;4-Baja;Masiva;TEIDE_OSP_ICF
INC000003583460;Media;ALTITUDE / KONECTA SEVILLA / ERROR FUNCIONAL;Cerrado;12/04/2025 12:21 a;CEP CAU AGI;30/04/2025 11:55;SOP_TECNICO_CALL_CENTER;4-Baja;Masiva;CALLCENTER_KONECTA_SEVILLA
INC000003583918;Media;PRDIAS-22241 DJINGO // CONTROL ROOM // ERROR FUNCIONAL;Cerrado;11/04/2025 17:45 a;CEP CAU AGI;21/04/2025 16:27;SOP_DJINGO;4-Baja;Masiva;TEIDE_OSP_ICF
INC000003583927;Crítica;INDISPONIBILIDAD/BSCS/SL1;Cerrado;11/04/2025 23:28 a;RTV-TECSE RED DATOS;14/04/2025 10:15;Atlas_Soporte_BBDD;1-Crítica;Masiva;Operador (A.G.I.)
INC000003584134;Media;HOW / MAJOREL SALAMANCA / ERROR FUNCIONAL;Cerrado;14/04/2025 9:57 a;CEP CAU AGI;21/04/2025 12:53;CEP CAU AGI;3-Medio;Masiva;APL_CON_DESA_SERVICIO_ICF
INC000003584996;Media;[IP24] // FOUNDEVER SEVILLA // ERROR FUNCIONAL;Cerrado;14/04/2025 16:50 a;CEP CAU AGI;13/05/2025 17:26;CEP CAU AGI;4-Baja;Masiva;TEIDE_OSP_ICF
INC000003585020;Media;IP24 // GUADALAJARA  // ERROR FUNCIONAL;Cerrado;14/04/2025 11:04 a;CEP CAU AGI;21/04/2025 12:52;CEP CAU AGI;4-Baja;Masiva;EDS_MTO
INC000003585843;Media;CORREO // +O // ERROR FUNCIONAL;Cerrado;15/04/2025 9:45 a;FRONTOFFICE;15/04/2025 11:45;SOP_TMC_PORTOS;4-Baja;Masiva;FRONTOFFICE
INC000003586440;Media;IP24 / ATAC JEREZ / ERROR FUNCIONAL;Cerrado;15/04/2025 13:03 a;CEP CAU AGI;18/04/2025 19:16;TEIDE_OSP_Soporte_Tecnico;4-Baja;Masiva;APL_CON_DESA_SERVICIO_ICF
INC000003587340;Media;FICHA DE CLIENTE / JAZZPLAT GUADALAJARA / ERROR FUNCIONAL;Cerrado;16/04/2025 9:31 a;CEP CAU AGI;17/04/2025 11:45;APL_MOV_SOE;3-Medio;Masiva;MESA DE AYUDA GUADALAJARA
INC000003588173;Media;CERES / OVIEDO / ERROR FUNCIONAL;Cerrado;17/04/2025 11:08 a;CEP CAU AGI;17/04/2025 13:46;CEP CAU AGI;4-Baja;Masiva;OEST - SL
INC000003588535;Media;PRDIAS-22364 DJINGO / CONTROL ROOM / ERROR FUNCIONAL;Cerrado;17/04/2025 13:32 a;CEP CAU AGI;22/04/2025 8:15;DES_DJINGO;4-Baja;Masiva;TEIDE_OSP_ICF
INC000003588551;Media;ALTITUDE / MEDELLIN /ERROR FUNCIONAL;Cerrado;17/04/2025 16:41 a;CEP CAU AGI;21/04/2025 8:27;CEP CAU AGI;4-Baja;Masiva;SLN Teleperformance Medellin
INC000003588566;Media;ALTAIR / MAJOREL JEREZ / ERROR FUNCIONAL;Cerrado;17/04/2025 19:39 a;CEP CAU AGI;21/04/2025 13:20;Fijo Activacion LUNA;4-Baja;Masiva;TEIDE_OSP_ICF
INC000003589113;Media;FICHA DE CLIENTE / GUADALAJARA / ERROR FUNCIONAL;Cerrado;18/04/2025 9:41 a;CEP CAU AGI;18/04/2025 14:33;CEP CAU AGI;4-Baja;Masiva;MESA DE AYUDA GUADALAJARA
INC000003589140;Media;PRDIAS-22372 DJINGO / CONTROL ROOM / ERROR FUNCIONAL;Cerrado;20/04/2025 17:59 a;CEP CAU AGI;21/04/2025 14:13;DES_DJINGO;4-Baja;Masiva;TEIDE_OSP_ICF
INC000003589196;Media;01483699 LIVEPERSON / FOUNDEVER SEVILLA / ERROR FUNCIONAL;Cerrado;21/04/2025 10:51 a;CEP CAU AGI;22/04/2025 11:34;CEP CAU AGI;4-Baja;Masiva;FIJO CAU ICFF
INC000003590211;Media;CERES / LEON / ERROR FUNCIONAL;Cerrado;21/04/2025 9:49 a;CEP CAU AGI;21/04/2025 11:28;GC SGP Movil;3-Medio;Masiva;USU_COBROS
INC000003590957;Alta;CRM JAZZTEL / MEDELLIN / ERROR FUNCIONAL;Cerrado;22/04/2025 9:42 a;CEP CAU AGI;22/04/2025 19:47;CEP CAU AGI;3-Medio;Masiva;ATC_MADRID_MASIVO
INC000003590963;Media;FICHA DE CLIENTE // KONECTA SEVILLA // ERROR FUNCIONAL;Cerrado;22/04/2025 9:48 a;CEP CAU AGI;28/04/2025 7:02;CEP CAU AGI;3-Medio;Masiva;CALLCENTER_KONECTA_SEVILLA
INC000003591498;Media;FICHA DE CLIENTE // KONECTA SEVILLA // ERROR FUNCIONAL;Cerrado;22/04/2025 15:07 a;CEP CAU AGI;23/04/2025 11:12;APL_MOV_SOE;4-Baja;Masiva;CALLCENTER_KONECTA_SEVILLA
INC000003591623;Media;SCORING // GUADALAJARA // ERROR FUNCIONAL;Cerrado;22/04/2025 11:18 a;CEP CAU AGI;22/04/2025 16:10;Soporte Scoring;3-Medio;Masiva;MESA DE AYUDA GUADALAJARA
INC000003591636;Alta;SIGMA\ERROR FUNCIONAL\Ordenes rechazadas con OMV_10;Cerrado;22/04/2025 12:20 a;SOP_TMC_SIGMA;22/04/2025 13:19;GC MIDDLEWARE;3-Medio;Masiva;FRONTOFFICE
INC000003591717;Media;FICHA DE CLIENTE / SALAMANCA / ERROR FUNCIONAL;Cerrado;22/04/2025 11:43 a;CEP CAU AGI;23/04/2025 17:25;DES_SOE_MICROSERVICIOS;3-Medio;Masiva;APL_CON_DESA_SERVICIO_ICF
INC000003591724;Media;PANGEA / ATAC SALAMANCA / ERROR FUNCIONAL;Cerrado;22/04/2025 11:55 a;CEP CAU AGI;23/04/2025 17:24;DES_SOE_MICROSERVICIOS;4-Baja;Masiva;NEG_PROVISION_PYME
INC000003591738;Crítica;IP24 / ATAC JEREZ / LENTITUD;Cerrado;22/04/2025 12:27 a;CEP CAU AGI;22/04/2025 21:07;TEIDE_OSP_Soporte_Tecnico;2-Alta;Masiva;MESA DE AYUDA GUADALAJARA
INC000003591747;Media;FICHA DE CLIENTE / LEON / ERROR FUNCIONAL;Cerrado;22/04/2025 12:46 a;CEP CAU AGI;22/04/2025 16:56;TEIDE_OSP_Soporte_Tecnico;4-Baja;Masiva;CALLCENTER_TRANSCOM_LEON
INC000003591784;Media;PRDIAS-22402 LIVEPERSON // KONECTA SEVILLA // ERROR FUNCIONAL;Cerrado;22/04/2025 13:44 a;CEP CAU AGI;23/04/2025 10:40;TEIDE_OSP_Soporte_Tecnico;4-Baja;Masiva;CALLCENTER_KONECTA_SEVILLA
INC000003592136;Alta;POLAR / NTT DATA / LENTITUD;Cerrado;22/04/2025 16:11 a;CEP CAU AGI;22/04/2025 18:14;SOP_TMC_POLAR;3-Medio;Masiva;NEG_PROV_ORANGE
INC000003592214;Alta;ONMOVIL//DUPLICACIONTARJETAS//ERRORFUNCIONAL;Cerrado;23/04/2025 11:24 a;FRONTOFFICE;23/04/2025 12:40;FRONTOFFICE;3-Medio;Masiva;FRONTOFFICE
INC000003592476;Media;IP24 // GUADALAJARA // ERROR FUNCIONAL;Cerrado;23/04/2025 8:38 a;CEP CAU AGI;23/04/2025 9:44;TEIDE_OSP_Soporte_Tecnico;4-Baja;Masiva;MESA DE AYUDA GUADALAJARA
INC000003592506;Media;HOW / MAJOREL SALAMANCA / ERROR FUNCIONAL;Cerrado;22/04/2025 17:41 a;CEP CAU AGI;23/04/2025 9:55;CEP CAU AGI;4-Baja;Masiva;SLN Arvato Salamanca
INC000003592512;Media;IP24 / DISTRIBUIDOR PREPAGO / ERROR FUNCIONAL;Cerrado;22/04/2025 18:50 a;CEP CAU AGI;19/05/2025 7:56;CEP CAU AGI;4-Baja;Masiva;TEIDE_OSP_ICF
INC000003592567;Media;LIVEPERSON / ISGF MURCIA / LENTITUD;Cerrado;23/04/2025 11:16 a;CEP CAU AGI;23/04/2025 12:39;CEP CAU AGI;3-Medio;Masiva;SLN ISGF Murcia
INC000003593217;Media;FICHA DE CLIENTE/ OEST OVIEDO / ERROR FUNCIONAL;Cerrado;23/04/2025 10:58 a;CEP CAU AGI;07/07/2025 12:35;DES_SOE_FICHA;3-Medio;Masiva;OEST - SL
INC000003593292;Alta;ALTAIR / GUADALAJARA / ERROR FUNCIONAL;Cerrado;23/04/2025 14:16 a;CEP CAU AGI;23/04/2025 18:03;Fijo Activacion LUNA;2-Alta;Masiva;MESA DE AYUDA GUADALAJARA
INC000003593556;Media;FICHA DE CLIENTE / GUADALAJARA / ERROR FUNCIONAL;Cerrado;23/04/2025 15:57 a;CEP CAU AGI;23/04/2025 19:28;APL_MOV_SOE;4-Baja;Masiva;MESA DE AYUDA GUADALAJARA
INC000003593591;Crítica;INDISPONIBILIDAD/SAS/SL1;Cerrado;23/04/2025 20:51 a;TS GSS PLANIFICACION;23/04/2025 23:04;Atlas_Soporte_Linux_Vmware;1-Crítica;Masiva;Operador (A.G.I.)
INC000003593762;Media;APRS / DISTRIBUIDORES PREPAGO / ERROR FUNCIONAL;Cerrado;23/04/2025 21:24 a;CEP CAU AGI;25/04/2025 20:23;CEP CAU AGI;4-Baja;Masiva;TEIDE_OSP_ICF
INC000003593841;Media;POLAR / ALICANTE / ERROR FUNCIONAL;Cerrado;24/04/2025 9:08 a;CEP CAU AGI;25/04/2025 10:27;SOP_TMC_POLAR;4-Baja;Masiva;NEG_PROV_ORANGE
INC000003593855;Crítica;INDISPONIBILIDAD/SAS/SL1;Cerrado;24/04/2025 10:32 a;RTV-TECSE RED DATOS;24/04/2025 12:23;Atlas_Soporte_Linux_Vmware;1-Crítica;Masiva;Operador (A.G.I.)
INC000003594419;Media;FICHA DE CLIENTE / LEON / ERROR FUNCIONAL;Cerrado;24/04/2025 9:51 a;CEP CAU AGI;22/05/2025 16:11;CEP CAU AGI;4-Baja;Masiva;CALLCENTER_TRANSCOM_LEON
INC000003594474;Media;FICHA DE CLIENTE / GUADALAJARA / ERROR FUNCIONAL;Cerrado;24/04/2025 13:08 a;CEP CAU AGI;29/04/2025 14:48;CEP CAU AGI;4-Baja;Masiva;EDS_MTO
INC000003594645;Alta;PAE / LA FINCA / ERROR FUNCIONAL;Cerrado;24/04/2025 12:30 a;CEP CAU AGI;28/04/2025 7:02;CEP CAU AGI;2-Alta;Masiva;SOP_RESPONSABLE_SERVICIO
INC000003595005;Media;FICHA DE CLIENTE / JAZZPLAT GUADALAJARA / ERROR FUNCIONAL;Cerrado;24/04/2025 14:11 a;CEP CAU AGI;24/04/2025 16:41;APL_MOV_SOE;4-Baja;Masiva;EDS_MTO
INC000003595531;Alta;Posible masiva ordenes rechazadas con OMV_4/OMV_5;Cerrado;25/04/2025 9:35 a;FRONTOFFICE;25/04/2025 10:54;FRONTOFFICE;1-Crítica;Masiva;FRONTOFFICE
INC000003595584;Media;FICHA CLIENTE MM // MEDELLIN // ERROR FUNCIONAL;Cerrado;25/04/2025 12:42 a;CEP CAU AGI;06/05/2025 17:23;CEP CAU AGI;4-Baja;Masiva;SLN Teleperformance Medellin
INC000003595956;Media;FICHA DE CLIENTE // GUADALAJARA // ERROR FUNCIONAL;Cerrado;25/04/2025 13:35 a;CEP CAU AGI;28/04/2025 7:01;CEP CAU AGI;4-Baja;Masiva;EDS_MTO
INC000003595985;Media;ALTAIR / MEDELLIN / ERROR FUNCIONAL;Cerrado;25/04/2025 16:21 a;CEP CAU AGI;28/04/2025 7:01;CEP CAU AGI;4-Baja;Masiva;SLN Teleperformance Medellin
INC000003596218;Media;KENAN / ISGF MURCIA / ERROR FUNCIONAL;Cerrado;25/04/2025 14:50 a;CEP CAU AGI;25/04/2025 16:40;FIJO EAS-STSIC_BILL. ARBOR;4-Baja;Masiva;SLN ISGF Murcia
INC000003596368;Crítica;INDISPONIBILIDAD/ORBIUM/SL1;Cerrado;27/04/2025 7:14 a;TS GSS MONITORIZACION;27/04/2025 7:55;Atlas_Soporte_Linux_Vmware;1-Crítica;Masiva;Operador (A.G.I.)
INC000003597602;Media;HOW /  MAJOREL SALAMANCA / SIN ACCESO;Cerrado;28/04/2025 8:15 a;CEP CAU AGI;28/04/2025 9:41;CEP CAU AGI;3-Medio;Masiva;APL_CON_DESA_SERVICIO_ICF
INC000003598070;Media;PRDIAS-22454 LIVEPERSON // MEDELLIN // ERROR FUNCIONAL;Cerrado;29/04/2025 9:00 a;CEP CAU AGI;30/04/2025 12:53;SOP_DJINGO;4-Baja;Masiva;SLN Teleperformance Medellin
INC000003598078;Alta;IVR // CONTROL ROOM // ERROR FUNCIONAL;Cerrado;29/04/2025 9:42 a;CEP CAU AGI;05/05/2025 7:47;CEP CAU AGI;2-Alta;Masiva;TEIDE_OSP_ICF
INC000003598080;Media;PANGEA // ATAC SALAMANCA // ERROR FUNCIONAL;Cerrado;29/04/2025 9:46 a;CEP CAU AGI;02/05/2025 11:12;CEP CAU AGI;4-Baja;Masiva;NEG_PROVISION_PYME
INC000003598081;Media;FICHA DE CLIENTE // KONECTA SEVILLA // LENTITUD;Cerrado;29/04/2025 9:55 a;CEP CAU AGI;29/04/2025 12:56;CEP CAU AGI;3-Medio;Masiva;CALLCENTER_KONECTA_SEVILLA
INC000003598086;Media;LIVEPERSON / MEDELLIN / ERROR FUNCIONAL;Cerrado;29/04/2025 9:51 a;CEP CAU AGI;29/04/2025 12:41;SOP_DJINGO;4-Baja;Masiva;SLN Teleperformance Medellin
INC000003598341;Media;GEA / LA FINCA / ERROR FUNCIONAL;Cerrado;29/04/2025 8:51 a;CEP CAU AGI;29/04/2025 13:36;APL_CON_GEA_INFR;4-Baja;Masiva;APL_MOV_SOE
INC000003598361;Media;PRDIAS-22457 DJINGO // LA FINCA // ERROR FUNCIONAL;Cerrado;29/04/2025 9:40 a;CEP CAU AGI;30/04/2025 11:13;SOP_DJINGO;4-Baja;Masiva;APL_MOV_SOE
INC000003613424;Media;ALTAIR / GUADALAJARA / ERROR FUNCIONAL;Cerrado;29/04/2025 9:16 a;CEP CAU AGI;29/04/2025 11:09;Fijo Activacion LUNA;3-Medio;Masiva;MESA DE AYUDA GUADALAJARA
INC000003623670;Media;DJINGO // CONTROLROOM // ERROR FUNCIONAL;Cerrado;29/04/2025 13:21 a;CEP CAU AGI;29/04/2025 13:52;SOP_DJINGO;4-Baja;Masiva;TEIDE_OSP_ICF
INC000003624472;Crítica;INDISPONIBILIDAD/ ESX AOTLXPRVIN10198/SL1;Cerrado;30/04/2025 7:28 a;TS GSS MONITORIZACION;30/04/2025 9:05;Atlas_Soporte_Linux_Vmware;1-Crítica;Masiva;Operador (A.G.I.)
INC000003628141;Media;PRDIAS-22456 LIVEPERSON // MEDELLIN // ERROR FUNCIONAL;Cerrado;29/04/2025 16:53 a;CEP CAU AGI;05/05/2025 7:46;CEP CAU AGI;4-Baja;Masiva;TEIDE_OSP_ICF
INC000003630912;Media;ALTAIR // MEDELLIN // ERROR FUNCIONA;Cerrado;29/04/2025 18:23 a;CEP CAU AGI;29/04/2025 21:45;Soporte Datapower;3-Medio;Masiva;SLN Teleperformance Medellin
INC000003631316;Media;ONMOVIL-CDRs-ERROR FUNCIONAL;Cerrado;30/04/2025 10:57 a;FRONTOFFICE;30/04/2025 19:31;FRONTOFFICE;3-Medio;Masiva;FRONTOFFICE
INC000003631363;Media;FICHA DE CLIENTE // GUADALAJARA // ERROR FUNCIONAL;Cerrado;30/04/2025 14:03 a;CEP CAU AGI;05/05/2025 7:46;CEP CAU AGI;4-Baja;Masiva;MESA DE AYUDA GUADALAJARA
INC000003631369;Media;FICHA DE CLIENTE // FOUNDEVER SEVILLA // ERROR FUNCIONAL;Cerrado;30/04/2025 14:37 a;CEP CAU AGI;07/05/2025 8:34;CEP CAU AGI;4-Baja;Masiva;TEIDE_OSP_ICF
INC000003631855;Media;PRDIAS-22463 LIVEPERSON // MEDELLIN // ERROR FUNCIONAL;Cerrado;30/04/2025 19:25 a;CEP CAU AGI;05/05/2025 22:32;SOP_DJINGO;4-Baja;Masiva;SLN Teleperformance Medellin
INC000003631870;Media;FICHA CLIENTE MM / BOGOTA / ERROR FUNCIONAL;Cerrado;01/05/2025 14:25 a;CEP CAU AGI;28/05/2025 8:58;DES_SOE_FDCMM;4-Baja;Masiva;MESA DE AYUDA COLOMBIA
INC000003631885;Media;LIVEPERSON // MEDELLIN // ERROR FUNCIONAL;Cerrado;02/05/2025 8:48 a;CEP CAU AGI;02/05/2025 10:22;SOP_DJINGO;3-Medio;Masiva;SLN Teleperformance Medellin
INC000003632250;Media;WEB MANTENEDORES // PROVISION // SIN ACCESO;Cerrado;02/05/2025 9:15 a;CEP CAU AGI;05/05/2025 8:41;SOP_TMC_BSS_JAZZTEL;4-Baja;Masiva;NEG_PROV_ORANGE
INC000003632321;Media;LIVEPERSON / ANDES 2 / SIN ACCESO;Cerrado;01/05/2025 13:58 a;CEP CAU AGI;05/05/2025 7:46;CEP CAU AGI;4-Baja;Masiva;SLN Teleperformance Medellin
INC000003632326;Media;PRDIAS-22464DJINGO / CONTROL ROOM / ERROR FUNCIONAL;Cerrado;01/05/2025 20:38 a;CEP CAU AGI;02/05/2025 15:22;SOP_DJINGO;4-Baja;Masiva;FIJO CAU ICFF
INC000003632910;Media;[CSO] IP24 / LA FINCA / ALMACENES DUPLICADOS;Cerrado;02/05/2025 9:36 a;CEP CAU AGI;19/01/2026 8:16;CEP CAU AGI;4-Baja;Masiva;SOP_BIGDATA_MEDIATION
INC000003632911;Media;IP24 // LA FINCA // ERROR FUNCIONAL;Cerrado;02/05/2025 9:48 a;CEP CAU AGI;29/05/2025 19:15;TEIDE_OSP_Soporte_Tecnico;4-Baja;Masiva;SOP_BIGDATA_MEDIATION
INC000003632920;Media;FICHA DE CLIENTE // BOSCH VIGO // ERROR FUNCIONAL;Cerrado;02/05/2025 11:06 a;CEP CAU AGI;05/05/2025 12:27;APL_MOV_SOE;3-Medio;Masiva;TEIDE_OSP_ICF
INC000003632977;Media;PRDIAS-22469 LIVEPERSON // TELEPERFORMANCE SALAMANCA // ERROR FUNCIO;Cerrado;02/05/2025 17:28 a;CEP CAU AGI;06/05/2025 16:24;SOP_DJINGO;4-Baja;Masiva;TEIDE_OSP_ICF
INC000003633198;Media;POLAR / PROVISION / LENTITUD;Cerrado;03/05/2025 10:31 a;CEP CAU AGI;05/05/2025 7:45;CEP CAU AGI;4-Baja;Masiva;ST_FTTH
INC000003633258;Media;PRDIAS-22470 DJINGO / CONTROL ROOM / ERROR FUNCIONAL;Cerrado;04/05/2025 14:30 a;CEP CAU AGI;05/05/2025 11:07;SOP_DJINGO;4-Baja;Masiva;FIJO CAU ICFF
INC000003633439;Media;FICHA DE CLIENTE / GUADALAJARA / ERROR FUNCIONAL;Cerrado;04/05/2025 19:21 a;CEP CAU AGI;04/05/2025 22:19;APL_MOV_SOE;3-Medio;Masiva;MESA DE AYUDA GUADALAJARA
INC000003633817;Media;OCS / MEDELLIN / ERROR FUNCIONAL;Cerrado;03/05/2025 17:31 a;CEP CAU AGI;27/05/2025 11:39;SOP_SMC_BOREAL;3-Medio;Masiva;SLN Teleperformance Medellin
INC000003633993;Media;FICHA DE CLIENTE // KONECTA SEVILLA // ERROR FUNCIONAL;Cerrado;05/05/2025 11:45 a;CEP CAU AGI;06/05/2025 18:09;CEP CAU AGI;3-Medio;Masiva;CALLCENTER_KONECTA_SEVILLA
INC000003634965;Alta;IVR // BOGOTA // ERROR FUNCIONAL;Cerrado;05/05/2025 13:56 a;CEP CAU AGI;05/05/2025 15:17;SOP_TECNICO_CALL_CENTER;3-Medio;Masiva;MESA DE AYUDA COLOMBIA
INC000003635033;Media;IVR // CONTROL ROOM // ERROR FUNCIONAL;Cerrado;05/05/2025 13:29 a;CEP CAU AGI;05/05/2025 16:09;SOP_TECNICO_CALL_CENTER;4-Baja;Masiva;SOP_SMC_AULA_CIMA
INC000003635092;Media;POLAR // PROVISION ORANGE // LENTITUD;Cerrado;05/05/2025 17:05 a;CEP CAU AGI;05/05/2025 18:31;SOP_TMC_POLAR;4-Baja;Masiva;ST_FTTH
INC000003635518;Media;OPENAPI // LA FINCA // ERROR FUNCIONAL;Cerrado;05/05/2025 16:54 a;CEP CAU AGI;24/06/2025 15:32;CEP CAU AGI;3-Medio;Masiva;DES_SOE_MIJAZZTEL
INC000003636271;Media;REMEDY JAZZTEL // GUADALAJARA // ERROR FUNCIONAL;Cerrado;06/05/2025 13:09 a;CEP CAU AGI;06/05/2025 16:40;SOP_TECNICO_OSS;4-Baja;Masiva;MESA DE AYUDA GUADALAJARA
INC000003636349;Media;POLAR // MADRID // LENTITUD;Cerrado;06/05/2025 13:11 a;CEP CAU AGI;07/05/2025 10:25;SOP_TMC_POLAR;4-Baja;Masiva;ST_FTTH
INC000003637073;Media;SGF // LEON // ERROR FUNCIONAL;Cerrado;07/05/2025 10:09 a;CEP CAU AGI;08/05/2025 8:02;Soporte_CRM_SGF_LOCAL;4-Baja;Masiva;CALLCENTER_TRANSCOM_LEON
INC000003637615;Media;FICHE DE CLIENTE ORANGE //  GUADALAJARA // ERROR FUNCIONAL;Cerrado;07/05/2025 10:33 a;CEP CAU AGI;07/05/2025 12:52;GC FACTURACION 1;3-Medio;Masiva;MESA DE AYUDA GUADALAJARA
INC000003637624;Media;PRDIAS-22503 LIVEPERSON // MEDELLIN // ERROR FUNCIONAL;Cerrado;07/05/2025 11:03 a;CEP CAU AGI;13/05/2025 8:34;DES_DJINGO;3-Medio;Masiva;ATC_MADRID_MASIVO
INC000003637991;Media;PRDIAS-22511 LIVEPERSON // MEDELLIN // ERROR FUNCIONAL;Cerrado;07/05/2025 18:22 a;CEP CAU AGI;08/05/2025 13:55;SOP_DJINGO;4-Baja;Masiva;SLN Teleperformance Medellin
INC000003638126;Media;FICHA DE CLIENTE // LEON // ERROR FUNCIONAL;Cerrado;07/05/2025 15:23 a;CEP CAU AGI;07/05/2025 16:40;APL_MOV_SOE;3-Medio;Masiva;CALLCENTER_TRANSCOM_LEON
INC000003638161;Media;PRDIAS-22510 LIVEPERSON // MEDELLIN // ERROR FUNCIONAL;Cerrado;07/05/2025 18:28 a;CEP CAU AGI;12/05/2025 13:53;CEP CAU AGI;4-Baja;Masiva;SLN Teleperformance Medellin
INC000003638308;Media;POLAR // PROVISION // LENTITUD;Cerrado;07/05/2025 16:20 a;CEP CAU AGI;08/05/2025 9:59;SOP_TMC_POLAR;4-Baja;Masiva;ST_FTTH
INC000003638446;Media;PRDIAS-22512 DJINGO // CONTROL ROOM // ERROR FUNCIONAL;Cerrado;08/05/2025 8:42 a;CEP CAU AGI;12/05/2025 11:52;DES_DJINGO;3-Medio;Masiva;SOP_SMC_AULA_CIMA
INC000003638608;Media;CRM4TELCO // GUADALAJARA // LENTITUD;Cerrado;07/05/2025 20:49 a;CEP CAU AGI;07/05/2025 21:40;SOP_TMC_BSS_JAZZTEL;4-Baja;Masiva;MESA DE AYUDA GUADALAJARA
INC000003638650;Media;ALTITUDE // KONECTA SEVILLA // ERROR FUNCIONAL;Cerrado;08/05/2025 10:45 a;CEP CAU AGI;08/05/2025 12:33;SOP_TECNICO_CALL_CENTER;4-Baja;Masiva;CALLCENTER_KONECTA_SEVILLA
INC000003639538;Media;CRM JAZZTEL // MEDELLIN // ERROR FUNCIONAL;Cerrado;08/05/2025 14:02 a;CEP CAU AGI;08/05/2025 19:35;SOP_TMC_BSS_JAZZTEL;4-Baja;Masiva;ATC_MADRID_MASIVO
INC000003639809;Media;SIGMA\ERROR FUNCIONAL\Ordenes rechazadas con OMV_10;Cerrado;08/05/2025 16:04 a;SOP_TMC_SIGMA;14/05/2025 10:21;FRONTOFFICE;4-Baja;Masiva;FRONTOFFICE
INC000003639840;Media;ALTAIR // GUADALAJARA // ERROR FUNCIONAL;Cerrado;08/05/2025 18:13 a;CEP CAU AGI;13/06/2025 13:33;CEP CAU AGI;3-Medio;Masiva;MESA DE AYUDA GUADALAJARA
INC000003639887;Media;ALTITUDE //  MEDELLIN  // ERROR FUNCIONAL;Cerrado;09/05/2025 10:02 a;CEP CAU AGI;09/05/2025 13:12;SOP_TECNICO_CALL_CENTER;4-Baja;Masiva;ATC_MADRID_MASIVO
INC000003639992;Media;LIVEPERSON //  MAJOREL JEREZ  // SIN ACCESO;Cerrado;09/05/2025 12:27 a;CEP CAU AGI;12/05/2025 11:18;SOP_DJINGO;3-Medio;Masiva;APL_CON_DESA_SERVICIO_ICF
INC000003640401;Media;Incidencia Ordenes Rechazadas WS_OMV_0//Error de Sistema;Cerrado;09/05/2025 5:16 a;FRONTOFFICE;18/11/2025 12:24;FRONTOFFICE;4-Baja;Masiva;FRONTOFFICE
INC000003640732;Media;IP24 // LA FINCA // ERROR FUNCIONAL;Cerrado;09/05/2025 13:22 a;CEP CAU AGI;14/05/2025 7:16;DES_TEIDE;4-Baja;Masiva;TEIDE_OSP_ICF
INC000003640764;Media;DJINGO // CONTROLROOM // ERROR FUNCIONAL;Cerrado;09/05/2025 14:45 a;CEP CAU AGI;12/05/2025 7:23;CEP CAU AGI;4-Baja;Masiva;SOP_SMC_AULA_CIMA
INC000003640942;Media;DJINGO // CONTROL ROOM // ERROR FUNCIONAL;Cerrado;09/05/2025 15:00 a;CEP CAU AGI;12/05/2025 7:23;CEP CAU AGI;4-Baja;Masiva;TEIDE_OSP_ICF
INC000003641062;Media;MM - Reseteo / Desbloqueo COSMOS;Cerrado;10/05/2025 1:05 a;FRONTOFFICE;10/05/2025 1:12;FRONTOFFICE;4-Baja;Masiva;FRONTOFFICE
INC000003641085;Media;[2025R5] - FICHA CLIENTE MM // MEDELLIN // ERROR FUNCIONAL;Cerrado;11/05/2025 9:59 a;CEP CAU AGI;11/05/2025 12:58;DES_SOE_FDCMM;4-Baja;Masiva;SLN Teleperformance Medellin
INC000003641088;Media;[2025R5] - CRM JAZZTEL - BOGOTA - Importes duplicados para un mismo dispositivo;Cerrado;11/05/2025 10:33 a;CEP CAU AGI;11/05/2025 16:53;CEP CAU AGI;4-Baja;Masiva;MESA DE AYUDA COLOMBIA
INC000003641162;Media;LIVEPERSON // MEDELLIN // ERROR FUNCIONAL;Cerrado;09/05/2025 17:37 a;CEP CAU AGI;12/05/2025 13:54;CEP CAU AGI;4-Baja;Masiva;SLN Teleperformance Medellin
INC000003641164;Media;DJINGO // CONTROL ROOM // SIN ACCESO;Cerrado;09/05/2025 18:07 a;CEP CAU AGI;12/05/2025 7:22;CEP CAU AGI;4-Baja;Masiva;TEIDE_OSP_ICF
INC000003641171;Alta;FICHA DE CLIENTE // GUADALAJARA // ERROR FUNCIONAL;Cerrado;09/05/2025 21:05 a;CEP CAU AGI;12/05/2025 7:22;CEP CAU AGI;4-Baja;Masiva;MESA DE AYUDA GUADALAJARA
INC000003641195;Media;MM - Reseteo / Desbloqueo COSMOS;Cerrado;10/05/2025 23:38 a;FRONTOFFICE;10/05/2025 23:39;FRONTOFFICE;4-Baja;Masiva;FRONTOFFICE
INC000003641740;Media;[2025R5] - FICHA CLIENTE MM - BOGOTA - No cargan los datos del apartado de logistica;Cerrado;11/05/2025 14:29 a;CEP CAU AGI;11/05/2025 15:18;APL_MOV_SOE;4-Baja;Masiva;MESA DE AYUDA COLOMBIA
INC000003642003;Media;ALTITUDE // GUADALAJARA // ERROR FUNCIONAL;Cerrado;11/05/2025 8:20 a;CEP CAU AGI;11/05/2025 12:18;SOP_TECNICO_CALL_CENTER;4-Baja;Masiva;MESA DE AYUDA GUADALAJARA
INC000003642260;Media;CERES // OVIEDO // ERROR FUNCIONAL;Cerrado;12/05/2025 10:21 a;CEP CAU AGI;12/05/2025 12:31;CEP CAU AGI;3-Medio;Masiva;OEST - SL
INC000003642288;Media;[2025R5] FICHA DE CLIENTE / GUADALAJARA / ERROR FUNCIONAL;Cerrado;12/05/2025 11:56 a;CEP CAU AGI;27/05/2025 11:09;DES_SOE_FICHA;3-Medio;Masiva;EDS_MTO
INC000003642469;Media;CITRIX / ATENTO / SIN ACCESO;Cerrado;12/05/2025 10:24 a;CEP CAU AGI;12/05/2025 13:19;CEP CAU AGI;3-Medio;Masiva;TEIDE_OSP_ICF
INC000003642484;Media;FICHA DE CLIENTE / FOUNDEVER SEVILLA / ERROR FUNCIONAL;Cerrado;12/05/2025 10:55 a;CEP CAU AGI;12/05/2025 13:52;CEP CAU AGI;4-Baja;Masiva;TEIDE_OSP_ICF
INC000003642493;Media;[2025R5] SIEBEL 7 / MAJOREL SALAMANCA / ERROR FUNCIONAL;Cerrado;12/05/2025 11:28 a;CEP CAU AGI;27/05/2025 10:40;DESARROLLO MIDDLEWARE;4-Baja;Masiva;APL_CON_DESA_SERVICIO_ICF
INC000003642808;Media;[2025R5] FICHA CLIENTE MM - MEDELLIN - ERROR FUNCIONAL;Cerrado;12/05/2025 10:59 a;CEP CAU AGI;14/05/2025 7:45;DES_SOE_FDCMM;4-Baja;Masiva;SLN Teleperformance Medellin
INC000003642824;Media;FICHA DE CLIENTE // LEÓN // ERROR FUNCIONAL;Cerrado;12/05/2025 12:09 a;CEP CAU AGI;12/05/2025 13:08;CEP CAU AGI;3-Medio;Masiva;CALLCENTER_TRANSCOM_LEON
INC000003642841;Media;ALTITUDE // LEON // ERROR FUNCIONAL;Cerrado;12/05/2025 12:35 a;CEP CAU AGI;09/06/2025 7:45;CEP CAU AGI;4-Baja;Masiva;CALLCENTER_TRANSCOM_LEON
INC000003643062;Media;[2025R5] FICHA DE CLIENTE // KONECTA SEVILLA // ERROR FUNCIONAL;Cerrado;12/05/2025 14:39 a;CEP CAU AGI;09/07/2025 10:24;DES_SOE_FICHA;4-Baja;Masiva;CALLCENTER_KONECTA_SEVILLA
INC000003643170;Media;[2025R5] FICHA DE CLIENTE // FOUNDEVER SEVILLA // ERROR FUNCIONAL;Cerrado;12/05/2025 14:23 a;CEP CAU AGI;13/05/2025 17:01;CEP CAU AGI;4-Baja;Masiva;TEIDE_OSP_ICF
INC000003643618;Media;FICHA DE CLIENTE // JCP2CALL // ERROR FUNCIONAL;Cerrado;12/05/2025 17:27 a;CEP CAU AGI;19/05/2025 7:56;CEP CAU AGI;4-Baja;Masiva;TEIDE_OSP_ICF
INC000003644304;Media;CERES / OEST OVIEDO / ERROR FUNCIONAL;Cerrado;13/05/2025 10:09 a;CEP CAU AGI;13/05/2025 11:15;CEP CAU AGI;3-Medio;Masiva;OEST - SL
INC000003644325;Media;FICHA CLIENTE MM / GUADALAJARA / ERROR FUNCIONAL;Cerrado;13/05/2025 11:21 a;CEP CAU AGI;02/06/2025 10:43;DES_SOE_XPL;4-Baja;Masiva;MESA DE AYUDA GUADALAJARA
INC000003644358;Media;FICHA DE CLIENTE / OEST OVIEDO / ERROR FUNCIONAL;Cerrado;13/05/2025 12:41 a;CEP CAU AGI;13/05/2025 15:19;CEP CAU AGI;3-Medio;Masiva;OEST - SL
INC000003644373;Media;POLAR // PROVISION // SIN ACCESO;Cerrado;13/05/2025 13:21 a;CEP CAU AGI;13/05/2025 14:32;SOP_TMC_POLAR;4-Baja;Masiva;ST_FTTH
INC000003644479;Media;[2025R5] LIVEPERSON - FOUNDEVER SEVILLA - Al enviar bundle no vuelca en conversacion;Cerrado;13/05/2025 13:51 a;CEP CAU AGI;19/05/2025 7:55;CEP CAU AGI;4-Baja;Masiva;CALLCENTER_SITEL_SEVILLA
INC000003644485;Media;FICHA CLIENTE MM // JAZZPLAT COLOMBIA // ERROR FUNCIONAL;Cerrado;13/05/2025 14:10 a;CEP CAU AGI;29/05/2025 8:44;DES_SOE_MICROSJZ;4-Baja;Masiva;MESA DE AYUDA COLOMBIA
INC000003644568;Media;IVR // MARKTEL VALENCIA // ERROR FUNCIONAL;Cerrado;13/05/2025 14:42 a;CEP CAU AGI;13/05/2025 15:01;SOP_TECNICO_CALL_CENTER;4-Baja;Masiva;SLN Marktel Valencia
INC000003644593;Media;POLAR // APPLUS // ERROR FUNCIONAL;Cerrado;13/05/2025 16:47 a;CEP CAU AGI;16/05/2025 9:05;DES_MANTENEDORES;4-Baja;Masiva;ST_FTTH
INC000003644637;Media;SIEBEL 7 // KONECTA SEVILLA // ERROR FUNCIONAL;Cerrado;13/05/2025 12:57 a;CEP CAU AGI;16/05/2025 11:27;CEP CAU AGI;4-Baja;Masiva;CALLCENTER_KONECTA_SEVILLA
INC000003644639;Media;REMEDY JAZZTEL // GUADALAJARA // ERROR FUNCIONAL;Cerrado;13/05/2025 13:05 a;CEP CAU AGI;14/05/2025 7:30;CEP CAU AGI;4-Baja;Masiva;MESA DE AYUDA GUADALAJARA
INC000003644679;Media;FICHA DE CLIENTE // OEST Oviedo // ERROR FUNCIONAL;Cerrado;13/05/2025 16:24 a;CEP CAU AGI;02/06/2025 10:40;DES_SOE_FICHA;3-Medio;Masiva;OEST - SL
INC000003645468;Media;[IP24] / MEDELLIN / ERROR FUNCIONAL;Cerrado;14/05/2025 10:47 a;CEP CAU AGI;19/05/2025 11:08;TEIDE_OSP_Soporte_Tecnico;4-Baja;Masiva;SLN Teleperformance Medellin
INC000003645808;Media;DIGO // PUNTOS DE VENTA // ERROR FUNCIONAL;Cerrado;14/05/2025 9:39 a;CEP CAU AGI;14/05/2025 11:21;CEP CAU AGI;3-Medio;Masiva;TEIDE_OSP_ICF
INC000003646144;Media;FICHA DE CLIENTE // OEST OVIEDO // ERROR FUNCIONAL;Cerrado;14/05/2025 14:06 a;CEP CAU AGI;22/09/2025 10:34;DES_SOE_FICHA;3-Medio;Masiva;OEST - SL
INC000003646159;Media;DJINGO // KONECTA SEVILLA // ERROR FUNCIONAL;Cerrado;14/05/2025 14:44 a;CEP CAU AGI;16/05/2025 10:37;SOP_DJINGO;3-Medio;Masiva;CALLCENTER_KONECTA_SEVILLA
INC000003646190;Media;FICHA DE CLIENTE // COVISIAN // LENTITUD;Cerrado;14/05/2025 18:44 a;CEP CAU AGI;19/05/2025 7:55;CEP CAU AGI;4-Baja;Masiva;TEIDE_OSP_ICF
INC000003646214;Media;FICHA DE CLIENTE // TRANSCOM LEON // ERROR FUNCIONAL;Cerrado;14/05/2025 13:01 a;CEP CAU AGI;19/05/2025 15:53;NEG_CAMP_CERES;3-Medio;Masiva;CALLCENTER_TRANSCOM_LEON
INC000003646370;Media;CERES // SALAMANCA // ERROR FUNCIONAL;Cerrado;14/05/2025 16:53 a;CEP CAU AGI;14/05/2025 17:21;CEP CAU AGI;3-Medio;Masiva;OEST - SL
INC000003646650;Media;GDU/ERROR FUNCIONAL;Cerrado;15/05/2025 9:33 a;FRONTOFFICE;15/05/2025 10:35;OPER_Soporte_GdU;4-Baja;Masiva;FRONTOFFICE
INC000003646653;Media;FICHA DE CLIENTE // KONECTA SEVILLA // ERROR FUNCIONAL;Cerrado;14/05/2025 18:14 a;CEP CAU AGI;19/05/2025 16:21;NEG_CAMP_CERES;4-Baja;Masiva;CALLCENTER_KONECTA_SEVILLA
INC000003646980;Media;IP24 / ATAC JEREZ / ERROR FUNCIONAL;Cerrado;15/05/2025 16:02 a;CEP CAU AGI;15/05/2025 19:38;CEP CAU AGI;4-Baja;Masiva;MESA DE AYUDA GUADALAJARA
INC000003647341;Media;PRDIAS-22716 DJINGO // OEST OVIEDO // ERROR FUNCIONAL;Cerrado;15/05/2025 14:11 a;CEP CAU AGI;19/05/2025 10:05;DES_DJINGO;4-Baja;Masiva;OEST - SL
INC000003647348;Media;IVR // GUADALAJARA // ERROR FUNCIONAL;Cerrado;15/05/2025 14:59 a;CEP CAU AGI;15/05/2025 16:04;SOP_TECNICO_CALL_CENTER;4-Baja;Masiva;MESA DE AYUDA GUADALAJARA
INC000003647705;Media;PRDIAS-22717 DJINGO / CONTROL ROOM / ERROR FUNCIONAL;Cerrado;15/05/2025 16:59 a;CEP CAU AGI;16/05/2025 9:41;DES_DJINGO;4-Baja;Masiva;TEIDE_OSP_ICF
INC000003648090;Media;[IP24] / TP JEREZ / ERROR FUNCIONAL;Cerrado;16/05/2025 13:39 a;CEP CAU AGI;28/05/2025 9:37;TEIDE_OSP_Soporte_Tecnico;4-Baja;Masiva;TEIDE_OSP_ICF
INC000003648447;Alta;INDISPONIBILIDAD/AUFDD03/SL2;Cerrado;16/05/2025 14:39 a;RTV-TECSE RED DATOS;20/05/2025 15:11;ADM. HWSAN;2-Alta;Masiva;Operador (A.G.I.)
INC000003648491;Media;ALTITUDE / KONECTA SEVILLA / ERROR FUNCIONAL;Cerrado;18/05/2025 13:22 a;CEP CAU AGI;19/05/2025 8:34;SOP_TECNICO_CALL_CENTER;4-Baja;Masiva;CALLCENTER_KONECTA_SEVILLA
INC000003648694;Media;IVR // ISGF MURCIA // ERROR FUNCIONAL;Cerrado;16/05/2025 19:24 a;CEP CAU AGI;22/05/2025 12:36;SOP_TECNICO_CALL_CENTER;4-Baja;Masiva;SLN ISGF Murcia
INC000003648741;Media;PRDIAS-22730 LIVEPERSON / ISGF MURCIA / ERROR FUNCIONAL;Cerrado;16/05/2025 14:26 a;CEP CAU AGI;19/05/2025 10:35;SOP_LIVEPERSON;3-Medio;Masiva;SLN ISGF Murcia
INC000003648854;Alta;A-Salva-REINICIO SUPERVISORA SWITCH ES1SW07AUN6/SL2;Cerrado;16/05/2025 20:11 a;RTV-TECSE RED DATOS;18/05/2025 0:56;RTV-TECSE RED DATOS;2-Alta;Masiva;Operador (A.G.I.)
INC000003648891;Media;PROMETHEUS // MEDELLIN // ERROR FUNCIONAL;Cerrado;19/05/2025 8:19 a;CEP CAU AGI;19/05/2025 9:17;SOP_PROMETHEUS;4-Baja;Masiva;ATC_MADRID_MASIVO
INC000003649210;Media;GDU / KONECTA SEVILLA / ERROR FUNCIONAL;Cerrado;17/05/2025 12:10 a;CEP CAU AGI;17/05/2025 13:40;OPER_Soporte_GdU;3-Medio;Masiva;CALLCENTER_KONECTA_SEVILLA
INC000003649277;Media;BSCS // MAJOREL SALAMANCA// ERROR FUNCIONAL;Cerrado;19/05/2025 10:06 a;CEP CAU AGI;19/05/2025 12:24;COMISIONES;4-Baja;Masiva;APL_CON_DESA_SERVICIO_ICF
INC000003649926;Media;GDU // GUADALAJARA // ERROR FUNCIONAL;Cerrado;19/05/2025 9:55 a;CEP CAU AGI;20/05/2025 0:06;CEP CAU AGI;3-Medio;Masiva;MESA DE AYUDA GUADALAJARA
INC000003649940;Media;CERES // OVIEDO // ERROR FUNCIONAL;Cerrado;19/05/2025 10:36 a;CEP CAU AGI;19/05/2025 11:42;GC SGP Movil;3-Medio;Masiva;OEST - SL
INC000003649975;Media;ALTAIR // BOGOTA // ERROR FUNCIONAL;Cerrado;19/05/2025 11:46 a;CEP CAU AGI;19/05/2025 15:39;Soporte Datapower;3-Medio;Masiva;MESA DE AYUDA COLOMBIA
INC000003650022;Media;KENAN // LA FINCA // ERROR FUNCIONAL;Cerrado;19/05/2025 9:50 a;CEP CAU AGI;27/05/2025 15:15;FIJO EAS-STSIC_BILL. ARBOR;4-Baja;Masiva;SOP_BIGDATA_MEDIATION
INC000003650347;Media;LIVEPERSON // LEÓN // ERROR FUNCIONAL;Cerrado;19/05/2025 13:05 a;CEP CAU AGI;19/05/2025 14:54;CEP CAU AGI;3-Medio;Masiva;CALLCENTER_TRANSCOM_LEON
INC000003650760;Media;FICHA DE CLIENTE // BOSCH VIGO // LENTITUD;Cerrado;19/05/2025 15:31 a;CEP CAU AGI;19/05/2025 16:04;APL_MOV_SOE;3-Medio;Masiva;TEIDE_OSP_ICF
INC000003650776;Media;[IP24] // ATAC JEREZ // ERROR FUNCIONAL;Cerrado;19/05/2025 16:58 a;CEP CAU AGI;20/05/2025 10:47;SOP_KRATOS;4-Baja;Masiva;MESA DE AYUDA GUADALAJARA
INC000003650975;Media;FICHA CLIENTE MM // MEDELLIN // ERROR FUNCIONAL;Cerrado;19/05/2025 19:23 a;CEP CAU AGI;17/07/2025 14:16;DES_SOE_FDCMM;4-Baja;Masiva;SLN Teleperformance Medellin
INC000003651199;Media;GDU// CAU // ERROR FUNCIONAL;Cerrado;20/05/2025 11:22 a;FRONTOFFICE;20/05/2025 11:39;OPER_Soporte_GdU;3-Medio;Masiva;FRONTOFFICE
INC000003651762;Media;AURORA // LA FINCA // ERROR FUNCIONAL;Cerrado;20/05/2025 11:53 a;CEP CAU AGI;01/09/2025 12:04;CEP CAU AGI;4-Baja;Masiva;Soporte CCA
INC000003651763;Media;FICHA DE CLIENTE // OEST Oviedo // ERROR FUNCIONAL;Cerrado;20/05/2025 11:58 a;CEP CAU AGI;21/05/2025 9:27;SOP_KRATOS;3-Medio;Masiva;OEST - SL
INC000003651794;Media;IVR // TWW León (ControlRoom) // ERROR FUNCIONAL;Cerrado;20/05/2025 13:19 a;CEP CAU AGI;22/05/2025 9:30;SOP_TECNICO_CALL_CENTER;4-Baja;Masiva;SOP_SMC_AULA_CIMA
INC000003651921;Media;Fallo de proceso de notificaciones de rechazo;Cerrado;20/05/2025 12:27 a;FRONTOFFICE;26/08/2025 14:53;GESTION_DEL_CONOCIMIENTO;2-Alta;Masiva;Gestion de Problemas
INC000003651937;Media;FICHA DE CLIENTE \\KONECTA SEVILLA // ERROR FUNCIONAL;Cerrado;20/05/2025 12:58 a;CEP CAU AGI;20/05/2025 13:39;APL_MOV_SOE;3-Medio;Masiva;CALLCENTER_KONECTA_SEVILLA
INC000003651984;Media;ALTAIR // GUADALAJARA // ERROR FUNCIONAL;Cerrado;20/05/2025 15:40 a;CEP CAU AGI;14/07/2025 8:02;CEP CAU AGI;4-Baja;Masiva;MESA DE AYUDA GUADALAJARA
INC000003652156;Media;SIEBEL 7 // MAJOREL SALAMANCA // ERROR FUNCIONAL;Cerrado;20/05/2025 13:59 a;CEP CAU AGI;20/05/2025 16:47;Soporte Siebel;4-Baja;Masiva;APL_CON_DESA_SERVICIO_ICF
INC000003652159;Media;CATALOGO CORPORATIVO // LA FINCA // ERROR FUNCIONAL;Cerrado;20/05/2025 14:04 a;CEP CAU AGI;21/05/2025 10:19;FIJO APL Mto. Catalogo;4-Baja;Masiva;Soporte CCA
INC000003652160;Media;FICHA DE CLIENTE // MAJOREL SALAMANCA // ERROR FUNCIONAL;Cerrado;20/05/2025 14:11 a;CEP CAU AGI;20/05/2025 17:57;APL_MOV_SOE;4-Baja;Masiva;APL_CON_DESA_SERVICIO_ICF
INC000003652163;Media;DJINGO // MEDELLIN // ERROR FUNCIONAL;Cerrado;20/05/2025 14:07 a;CEP CAU AGI;20/05/2025 14:36;SOP_DJINGO;3-Medio;Masiva;SLN Teleperformance Medellin
INC000003652376;Media;LIVEPERSON // MEDELLIN // ERROR FUNCIONAL;Cerrado;20/05/2025 19:39 a;CEP CAU AGI;21/05/2025 8:55;SOP_DJINGO;4-Baja;Masiva;SLN Teleperformance Medellin
INC000003652378;Media;DJINGO // CONTROL ROOM // ERROR FUNCIONAL;Cerrado;20/05/2025 19:54 a;CEP CAU AGI;20/05/2025 22:22;SOP_DJINGO;4-Baja;Masiva;TEIDE_OSP_ICF
INC000003652388;Alta;POLAR // LA FINCA // ERROR FUNCIONAL;Cerrado;21/05/2025 7:53 a;CEP CAU AGI;21/05/2025 9:30;SOP_TMC_POLAR;3-Medio;Masiva;ST_FTTH
INC000003652396;Media;DJINGO // MEDELLIN // ERROR FUNCIONAL;Cerrado;21/05/2025 8:22 a;CEP CAU AGI;21/05/2025 8:56;SOP_DJINGO;3-Medio;Masiva;ATC_MADRID_MASIVO
INC000003652737;Media;DJINGO // CONTROL ROOM // ERROR FUNCIONAL;Cerrado;20/05/2025 21:20 a;CEP CAU AGI;20/05/2025 22:26;SOP_DJINGO;4-Baja;Masiva;TEIDE_OSP_ICF
INC000003653000;Media;PANGEA // DISTRIBUCION JAZZ // ERROR FUNCIONAL;Cerrado;21/05/2025 13:14 a;CEP CAU AGI;22/05/2025 11:10;APL_MOV_SOE;4-Baja;Masiva;PROC_CAD
INC000003653327;Media;ALTITUDE // SALAMANCA // ERROR FUNCIONAL;Cerrado;21/05/2025 10:35 a;CEP CAU AGI;21/05/2025 11:27;SOP_TECNICO_CALL_CENTER;4-Baja;Masiva;APL_CON_DESA_SERVICIO_ICF
INC000003653365;Alta;CRM JAZZTEL // MEDELLIN // ERROR FUNCIONAL;Cerrado;21/05/2025 12:35 a;CEP CAU AGI;21/05/2025 14:28;SOP_BSS_JAZZTEL;3-Medio;Masiva;ATC_MADRID_MASIVO
INC000003653600;Crítica;INDISPONIBILIDAD/ESX AOTLXPRVIN10238/SL1;Cerrado;21/05/2025 15:30 a;RTV-TECSE RED DATOS;22/05/2025 11:03;ADM. HWSAN;1-Crítica;Masiva;Operador (A.G.I.)
INC000003653939;Media;[IP24] // GUADALAJARA // ERROR FUNCIONAL;Cerrado;21/05/2025 15:09 a;CEP CAU AGI;26/05/2025 15:23;TEIDE_OSP_Soporte_Tecnico;4-Baja;Masiva;NEG_PROVISION_PYME
INC000003653961;Media;IVR // CONTROL ROOM // ERROR FUNCIONAL;Cerrado;21/05/2025 17:05 a;CEP CAU AGI;21/05/2025 17:20;SOP_TECNICO_CALL_CENTER;4-Baja;Masiva;TEIDE_OSP_ICF
INC000003653972;Media;ATENAS // CONTROL ROOM // ERROR FUNCIONAL;Cerrado;21/05/2025 19:20 a;CEP CAU AGI;22/05/2025 9:09;SOP_KRATOS;4-Baja;Masiva;TEIDE_OSP_ICF
INC000003654095;Alta;CRM JAZZTEL // MEDELLIN // ERROR FUNCIONAL;Cerrado;21/05/2025 19:10 a;CEP CAU AGI;26/05/2025 7:04;CEP CAU AGI;3-Medio;Masiva;TEIDE_OSP_ICF
INC000003654420;Media;PRDIAS-22821 LIVEPERSON // OEST OVIEDO // ERROR FUNCIONAL;Cerrado;21/05/2025 17:28 a;CEP CAU AGI;22/05/2025 12:24;DES_DJINGO;4-Baja;Masiva;OEST - SL
INC000003655553;Media;WEB MANTENEDORES // PROVISION // ERROR FUNCIONAL;Cerrado;22/05/2025 17:03 a;CEP CAU AGI;22/05/2025 17:36;SOP_BSS_JAZZTEL;4-Baja;Masiva;ST_FTTH
INC000003655833;Media;POLAR // PROVISION // LENTITUD;Cerrado;22/05/2025 17:21 a;CEP CAU AGI;22/05/2025 18:00;SOP_TMC_POLAR;4-Baja;Masiva;ST_FTTH
INC000003656471;Media;FICHA DE CLIENTE // KONECTA SEVILLA // ERROR FUNCIONAL;Cerrado;23/05/2025 13:57 a;CEP CAU AGI;27/05/2025 13:42;CEP CAU AGI;3-Medio;Masiva;CALLCENTER_KONECTA_SEVILLA
INC000003656477;Alta;DEGRADACION/JAZZPLAT INFRA/SL2;Cerrado;23/05/2025 13:53 a;TS GSS MONITORIZACION;23/05/2025 19:44;MESA DE AYUDA COLOMBIA;2-Alta;Masiva;Operador (A.G.I.)
INC000003656480;Media;FICHA DE CLIENTE // GUADALAJARA // ERROR FUNCIONAL;Cerrado;23/05/2025 14:01 a;CEP CAU AGI;26/05/2025 7:04;CEP CAU AGI;4-Baja;Masiva;MESA DE AYUDA GUADALAJARA
INC000003656708;Media;FICHA DE CLIENTE // GUADALAJARA // ERROR FUNCIONAL;Cerrado;23/05/2025 10:54 a;CEP CAU AGI;23/05/2025 11:29;APL_MOV_SOE;3-Medio;Masiva;MESA DE AYUDA GUADALAJARA
INC000003656804;Media;FICHA DE CLIENTE // LEON // ERROR FUNCIONAL;Cerrado;23/05/2025 10:36 a;CEP CAU AGI;23/05/2025 11:29;APL_MOV_SOE;3-Medio;Masiva;CALLCENTER_TRANSCOM_LEON
INC000003656895;Media;CRM // JAZZPLAT COLOMBIA // ERROR FUNCIONAL;Cerrado;23/05/2025 17:45 a;CEP CAU AGI;24/05/2025 18:08;CEP CAU AGI;4-Baja;Masiva;MESA DE AYUDA COLOMBIA
INC000003657092;Alta;CRM JAZZTEL // MEDELLIN // LENTITUD;Cerrado;26/05/2025 10:36 a;CEP CAU AGI;27/05/2025 11:39;SOP_BSS_JAZZTEL;3-Medio;Masiva;ATC_MADRID_MASIVO
INC000003657096;Media;SIRES / SOFFTEK MADRID / ERROR FUNCIONAL;Cerrado;26/05/2025 10:49 a;CEP CAU AGI;21/07/2025 8:05;DES_SOE_FICHA;4-Baja;Masiva;FIJO CAU ICFF
INC000003657420;Media;COCO // ISGF MADRID // ERROR FUNCIONAL;Cerrado;24/05/2025 17:47 a;CEP CAU AGI;26/05/2025 7:03;CEP CAU AGI;4-Baja;Masiva;SLN ISGF Murcia
INC000003657426;Crítica;DEGRADACIÓN / DWDM / SL1;Cerrado;26/05/2025 7:26 a;SPAIN ALMACENAMIENTO;26/05/2025 22:13;SPAIN ALMACENAMIENTO;1-Crítica;Masiva;SPAIN ALMACENAMIENTO
INC000003657446;Media;FICHA DE CLIENTE / TRANSCOM LEON / ERROR FUNCIONAL;Cerrado;26/05/2025 9:22 a;CEP CAU AGI;26/05/2025 16:42;NEG_CAMP_CERES;4-Baja;Masiva;CALLCENTER_TRANSCOM_LEON
INC000003657453;Media;SIEBEL 7 / ISGF MURCIA / ERROR FUNCIONAL;Cerrado;26/05/2025 10:05 a;CEP CAU AGI;26/05/2025 10:53;Soporte Siebel;4-Baja;Masiva;SLN ISGF Murcia
INC000003658469;Media;FICHA CLIENTE MM // BOGOTA // ERROR FUNCIONAL;Cerrado;26/05/2025 13:01 a;CEP CAU AGI;26/05/2025 16:59;APL_MOV_SOE;4-Baja;Masiva;MESA DE AYUDA COLOMBIA
INC000003658802;Media;CRM JAZZTEL // TRANSCOM // ERROR FUNCIONAL;Cerrado;26/05/2025 12:16 a;CEP CAU AGI;27/05/2025 11:20;SOP_TMC_BSS_JAZZTEL;4-Baja;Masiva;USU_COBROS
INC000003658813;Media;WEB DE INSTANCIAS // MARKTEL VALENCIA // LENTITUD;Cerrado;26/05/2025 12:46 a;CEP CAU AGI;26/05/2025 16:35;SOP_TECNICO_CALL_CENTER;4-Baja;Masiva;SLN Marktel Valencia
INC000003658831;Media;COCO// ISGF MADRID // ERROR FUNCIONAL;Cerrado;26/05/2025 13:21 a;CEP CAU AGI;27/05/2025 17:21;CEP CAU AGI;4-Baja;Masiva;TEIDE_OSP_ICF
INC000003658835;Media;POLAR // PROVISION // LENTITUD;Cerrado;26/05/2025 13:29 a;CEP CAU AGI;26/05/2025 16:35;SOP_TMC_POLAR;4-Baja;Masiva;ST_FTTH
INC000003659084;Media;FICHA CLIENTE / ISGF MURCIA / ERROR FUNCIONAL;Cerrado;27/05/2025 8:46 a;CEP CAU AGI;27/05/2025 10:35;SOP_BSS_JAZZTEL;4-Baja;Masiva;SLN ISGF Murcia
INC000003659281;Media;ALTITUDE // FOUNDEVER SEVILLA // ERROR FUNCIONAL;Cerrado;27/05/2025 9:22 a;CEP CAU AGI;27/05/2025 9:43;SOP_TECNICO_CALL_CENTER;4-Baja;Masiva;TEIDE_OSP_ICF
INC000003659308;Media;CRM JAZZTEL // JAZZPLAT BOGOTA // LENTITUD;Cerrado;26/05/2025 17:33 a;CEP CAU AGI;26/05/2025 18:17;SOP_BSS_JAZZTEL;4-Baja;Masiva;MESA DE AYUDA COLOMBIA
INC000003659362;Media;IVR / ISGF MURCIA / ERROR FUNCIONAL;Cerrado;27/05/2025 10:01 a;CEP CAU AGI;28/05/2025 17:29;CEP CAU AGI;4-Baja;Masiva;SLN ISGF Murcia
INC000003659586;Media;FICHA DE CLIENTE / LEON / ERROR FUNCIONAL;Cerrado;27/05/2025 12:59 a;CEP CAU AGI;28/05/2025 16:35;NEG_CAMP_CERES;4-Baja;Masiva;CALLCENTER_TRANSCOM_LEON
INC000003660227;Media;PANGEA // JAZZTEL DISTRIBUCION // ERROR FUNCIONAL;Cerrado;27/05/2025 15:12 a;CEP CAU AGI;07/07/2025 18:45;DES_SOE_PANGEA;4-Baja;Masiva;PROC_CAD
INC000003660262;Crítica;INDISPONIBILIDAD / RED CALL CENTERS OSP / SL1;Cerrado;27/05/2025 19:10 a;CEP CAU AGI;28/05/2025 7:18;CEP CAU AGI;1-Crítica;Masiva;OEST - SL
INC000003660281;Media;LIVEPERSON // KONECTA SEVILLA // ERROR FUNCIONAL;Cerrado;28/05/2025 8:27 a;CEP CAU AGI;28/05/2025 12:33;SOP_DJINGO;3-Medio;Masiva;CALLCENTER_KONECTA_SEVILLA
INC000003660567;Media;WEB y APP JAZZTEL / CONTROL ROOM / ERROR FUNCIONAL;Cerrado;27/05/2025 21:56 a;CEP CAU AGI;29/05/2025 9:55;DES_SOE_ATENAS;4-Baja;Masiva;TEIDE_OSP_ICF
INC000003660635;Media;IP24 // OEST OVIEDO // ERROR FUNCIONAL;Cerrado;27/05/2025 17:59 a;CEP CAU AGI;09/06/2025 7:44;CEP CAU AGI;4-Baja;Masiva;OEST - SL
INC000003661292;Media;POLAR / PROVISION / LENTITUD;Cerrado;28/05/2025 16:32 a;CEP CAU AGI;28/05/2025 17:51;SOP_TMC_POLAR;4-Baja;Masiva;ST_FTTH
INC000003661338;Media;LIVEPERSON // MEDELLIN // ERROR FUNCIONAL;Cerrado;28/05/2025 12:11 a;CEP CAU AGI;02/06/2025 7:25;CEP CAU AGI;4-Baja;Masiva;SLN Teleperformance Medellin
INC000003661524;Media;GIROS / MEDELLIN / ERROR FUNCIONAL;Cerrado;28/05/2025 12:41 a;CEP CAU AGI;28/05/2025 14:41;Fijo Activacion LUNA;4-Baja;Masiva;ATC_MADRID_MASIVO
INC000003661946;Media;CRM B2B // PROVISION // ERROR FUNCIONAL;Cerrado;29/05/2025 9:17 a;CEP CAU AGI;09/06/2025 7:44;CEP CAU AGI;3-Medio;Masiva;NEG_PROVISION_PYME
INC000003662201;Media;ACME APP ORANGE / ISGF MADRID / ERROR FUNCIONAL;Cerrado;28/05/2025 18:24 a;CEP CAU AGI;10/09/2025 15:34;CEP CAU AGI;4-Baja;Masiva;SLN ISGF Murcia
INC000003663287;Crítica;A-INDISPONIBILIDAD/VPN/SL1;Cerrado;30/05/2025 7:26 a;CEP CAU AGI;30/05/2025 9:31;ADM. SISFUN;1-Crítica;Masiva;MESA DE AYUDA GUADALAJARA
INC000003663415;Media;IP24 // JEREZ // ERROR FUNCIONAL;Cerrado;29/05/2025 13:13 a;CEP CAU AGI;04/06/2025 15:09;DES_TEIDE;4-Baja;Masiva;MESA DE AYUDA GUADALAJARA
INC000003663427;Media;A-ALTITUDE / FOUNDEVER / ERROR FUNCIONAL;Cerrado;29/05/2025 14:07 a;CEP CAU AGI;29/05/2025 16:13;SOP_TECNICO_CALL_CENTER;4-Baja;Masiva;CALLCENTER_SITEL_SEVILLA
INC000003663470;Media;PRDIAS-22908 LIVEPERSON /OEST / ERROR FUNCIONAL;Cerrado;29/05/2025 21:22 a;CEP CAU AGI;02/06/2025 11:49;SOP_DJINGO;3-Medio;Masiva;OEST - SL
INC000003663574;Media;IP24 // FOUNDEVER SEVILLA //  ERROR FUNCIONAL;Cerrado;29/05/2025 19:10 a;CEP CAU AGI;02/06/2025 10:54;SOP_KRATOS;4-Baja;Masiva;TEIDE_OSP_ICF
INC000003664478;Media;ALTITUDE // GUADALAJARA // ERROR FUNCIONAL;Cerrado;30/05/2025 11:44 a;CEP CAU AGI;03/06/2025 11:46;SOP_TECNICO_CALL_CENTER;4-Baja;Masiva;MESA DE AYUDA GUADALAJARA
INC000003664600;Media;IP24 / MAJOREL JEREZ / ERROR FUNCIONAL;Cerrado;30/05/2025 14:10 a;CEP CAU AGI;11/06/2025 19:58;CEP CAU AGI;4-Baja;Masiva;APL_CON_DESA_SERVICIO_ICF
INC000003664617;Media;LIVEPERSON // KONECTA SEVILLA // ERROR FUNCIONAL;Cerrado;30/05/2025 9:51 a;CEP CAU AGI;03/06/2025 8:56;SOP_DJINGO;3-Medio;Masiva;CALLCENTER_KONECTA_SEVILLA
INC000003664661;Alta;DEGRADACION/CRM JAZZTEL/SL2;Cerrado;30/05/2025 12:00 a;CEP CAU AGI;02/06/2025 7:24;CEP CAU AGI;3-Medio;Masiva;SLN Marktel Valencia
INC000003664676;Media;FICHA DE CLIENTE / MARKTEL VALENCIA / ERROR FUNCIONAL;Cerrado;30/05/2025 13:17 a;CEP CAU AGI;02/06/2025 13:39;TEIDE_OSP_Soporte_Tecnico;3-Medio;Masiva;SLN Marktel Valencia
INC000003664692;Media;IP24 / JAZZPLAT ESPAÑA / ERROR FUNCIONAL;Cerrado;30/05/2025 14:07 a;CEP CAU AGI;03/06/2025 12:14;DES_TEIDE;4-Baja;Masiva;EDS_MTO
INC000003664896;Media;LIVEPERSON // JAZZPLAT BOGOTA // ERROR FUNCIONAL;Cerrado;31/05/2025 9:29 a;CEP CAU AGI;02/06/2025 9:54;SOP_DJINGO;4-Baja;Masiva;MESA DE AYUDA COLOMBIA
INC000003664925;Media;FICHA DE CLIENTE // KONECTA SEVILLA // ERROR FUNCIONAL;Cerrado;30/05/2025 13:41 a;CEP CAU AGI;09/06/2025 7:45;CEP CAU AGI;3-Medio;Masiva;CALLCENTER_KONECTA_SEVILLA
INC000003665102;Media;FICHA DE CLIENTE / SOFFTEK MADRID / ERROR FUNCIONAL;Cerrado;30/05/2025 14:21 a;CEP CAU AGI;30/06/2025 8:57;SOP_TURING_OSP;4-Baja;Masiva;TEIDE_OSP_ICF
INC000003665162;Media;FICHA DE CLIENTE / SOFTTEK MADRID / ERROR FUNCIONAL;Cerrado;31/05/2025 11:46 a;CEP CAU AGI;31/05/2025 12:25;APL_MOV_SOE;4-Baja;Masiva;TEIDE_OSP_ICF
INC000003665183;Alta;CRM JAZZTEL / LA FINCA / ERROR FUNCIONAL;Cerrado;02/06/2025 9:30 a;CEP CAU AGI;02/06/2025 10:54;SOP_TMC_GIROS;3-Medio;Masiva;FIJO CAU ICFF
INC000003665307;Media;PRDIAS-22914 LIVEPERSON / MEDELLIN / ERROR FUNCIONAL;Cerrado;30/05/2025 15:32 a;CEP CAU AGI;02/06/2025 9:53;SOP_DJINGO;4-Baja;Masiva;SLN Teleperformance Medellin
INC000003665336;Crítica;"Reincio del esx aotlxprvin10229

aot#aotlxprvin10229#ICMP: Unavailable by ICMP ping: 10.132.76.108";Cerrado;30/05/2025 20:19 a;TS GSS MONITORIZACION;30/05/2025 21:23;SOPORTE ADM WINTEL;1-Crítica;Masiva;Operador (A.G.I.)
INC000003666017;Media;LIVEPERSON / JAZZPLAT BOGOTA / ERROR FUNCIONAL;Cerrado;01/06/2025 10:24 a;CEP CAU AGI;03/06/2025 8:56;SOP_DJINGO;3-Medio;Masiva;MESA DE AYUDA COLOMBIA
INC000003666105;Media;LIVEPERSON / CONTROL ROOM /  ERROR FUNCIONAL;Cerrado;01/06/2025 10:07 a;CEP CAU AGI;02/06/2025 7:23;CEP CAU AGI;4-Baja;Masiva;BO CLIENTE FINAL
INC000003666188;Media;LIVEPERSON // MEDELLIN // ERROR FUNCIONAL;Cerrado;02/06/2025 12:50 a;CEP CAU AGI;03/06/2025 8:56;SOP_DJINGO;4-Baja;Masiva;SLN Teleperformance Medellin
INC000003666189;Media;DJINGO / CONTROL ROOM / ERROR FUNCIONAL;Cerrado;02/06/2025 12:52 a;CEP CAU AGI;03/06/2025 8:56;SOP_DJINGO;4-Baja;Masiva;FIJO CAU ICFF
INC000003666632;Media;DJINGO / CONTROL ROOM / ERROR FUNCIONAL;Cerrado;02/06/2025 11:31 a;CEP CAU AGI;03/06/2025 8:56;SOP_DJINGO;4-Baja;Masiva;FIJO CAU ICFF
INC000003666736;Media;AVA // MAJOREL SALAMANCA // ERROR FUNCIONAL;Cerrado;02/06/2025 11:29 a;CEP CAU AGI;03/06/2025 9:04;SOP_AVA;3-Medio;Masiva;APL_CON_DESA_SERVICIO_ICF
INC000003666771;Media;DJINGO // CONTROL ROOM // ERROR FUNCIONAL;Cerrado;02/06/2025 13:36 a;CEP CAU AGI;03/06/2025 8:55;SOP_DJINGO;4-Baja;Masiva;TEIDE_OSP_ICF
INC000003666789;Media;Error reseteo en GDI;Cerrado;02/06/2025 14:26 a;FRONTOFFICE;02/06/2025 14:40;OPER_Soporte_GdU;3-Medio;Masiva;FRONTOFFICE
INC000003666798;Media;DJINGO // TP MEDELLIN // ERROR FUNCIONAL;Cerrado;02/06/2025 15:15 a;CEP CAU AGI;03/06/2025 8:55;SOP_DJINGO;4-Baja;Masiva;SLN Teleperformance Medellin
INC000003667018;Media;WEB MANTENEDORES // APPLUS MADRID // ERROR FUNCIONAL;Cerrado;02/06/2025 13:50 a;CEP CAU AGI;02/06/2025 16:14;SOP_TMC_PORTAL DE REDES;4-Baja;Masiva;ST_FTTH
INC000003667052;Media;LIVEPERSON // KONECTA SEVILLA // ERROR FUNCIONAL;Cerrado;02/06/2025 16:49 a;CEP CAU AGI;03/06/2025 8:52;SOP_DJINGO;3-Medio;Masiva;CALLCENTER_KONECTA_SEVILLA
INC000003667070;Media;FICHA DE CLIENTE // FOUNDEVER // ERROR FUNCIONAL;Cerrado;02/06/2025 19:23 a;CEP CAU AGI;02/06/2025 20:07;APL_MOV_SOE;4-Baja;Masiva;TEIDE_OSP_ICF
INC000003667141;Media;LIVEPERSON // LEÓN // ERROR FUNCIONAL;Cerrado;02/06/2025 14:40 a;CEP CAU AGI;03/06/2025 14:16;SOP_DJINGO;3-Medio;Masiva;CALLCENTER_TRANSCOM_LEON
INC000003667178;Media;POLAR // APPLUS MADRID // LENTITUD;Cerrado;02/06/2025 17:51 a;CEP CAU AGI;02/06/2025 18:16;SOP_TMC_POLAR;4-Baja;Masiva;ST_FTTH
INC000003667448;Media;IVR // MURCIA // ERROR FUNCIONAL;Cerrado;02/06/2025 19:16 a;CEP CAU AGI;04/06/2025 18:06;SOP_NABOO;4-Baja;Masiva;SLN ISGF Murcia
INC000003667502;Media;FICHA DE CLIENTE // BOSCH // ERROR FUNCIONAL;Cerrado;02/06/2025 15:18 a;CEP CAU AGI;02/06/2025 19:14;NEG_CONTENIDOS;4-Baja;Masiva;TEIDE_OSP_ICF
INC000003667517;Media;REMEDY // JAZZPLAT ESPAÑA // ERROR FUNCIONAL;Cerrado;02/06/2025 15:52 a;CEP CAU AGI;02/06/2025 17:20;SOP_TECNICO_OSS;4-Baja;Masiva;MESA DE AYUDA GUADALAJARA
INC000003667922;Media;SGF / ISGF MURCIA / ERROR FUNCIONAL;Cerrado;03/06/2025 10:05 a;CEP CAU AGI;03/06/2025 12:14;CEP CAU AGI;4-Baja;Masiva;SLN ISGF Murcia
INC000003667962;Media;CRM JAZZTEL // BOGOTA // LENTITUD;Cerrado;03/06/2025 11:56 a;CEP CAU AGI;03/06/2025 13:05;SOP_BSS_JAZZTEL;4-Baja;Masiva;MESA DE AYUDA COLOMBIA
INC000003667977;Media;LIVEPERSON // MEDELLIN // ERROR FUNCIONAL;Cerrado;03/06/2025 13:35 a;CEP CAU AGI;03/06/2025 14:39;SOP_DJINGO;4-Baja;Masiva;SLN Teleperformance Medellin
INC000003668162;Media;FICHA CLIENTE MM // MEDELLIN // ERROR FUNCIONAL;Cerrado;03/06/2025 12:34 a;CEP CAU AGI;09/06/2025 7:43;CEP CAU AGI;4-Baja;Masiva;SLN Teleperformance Medellin
INC000003668174;Media;DJINGO // CONTROL ROOM // ERROR FUNCIONAL;Cerrado;03/06/2025 13:22 a;CEP CAU AGI;03/06/2025 13:29;SOP_DJINGO;4-Baja;Masiva;TEIDE_OSP_ICF
INC000003668367;Media;LIVEPERSON // GUADALAJARA // ERROR FUNCIONAL;Cerrado;03/06/2025 13:32 a;CEP CAU AGI;03/06/2025 14:17;SOP_LIVEPERSON;3-Medio;Masiva;MESA DE AYUDA GUADALAJARA
INC000003668370;Media;PRDIAS-22995 - LIVEPERSON // MEDELLIN // ERROR FUNCIONAL;Cerrado;03/06/2025 14:02 a;CEP CAU AGI;09/06/2025 7:42;CEP CAU AGI;4-Baja;Masiva;SLN Teleperformance Medellin
INC000003668492;Media;ACME APP ORANGE / LA FINCA / ERROR FUNCIONAL;Cerrado;03/06/2025 17:31 a;CEP CAU AGI;04/06/2025 15:05;SOP_TMC_APIGEE;3-Medio;Masiva;Fijo FrontEnd Residencial
INC000003668496;Media;PRDIAS-22996 - LIVEPERSON // TP MEDELLIN // ERROR FUNCIONAL;Cerrado;03/06/2025 18:26 a;CEP CAU AGI;09/06/2025 7:45;CEP CAU AGI;4-Baja;Masiva;SLN Teleperformance Medellin
INC000003669047;Media;PRDIAS-22998 - DJINGO / CONTROL ROOM / ERROR FUNCIONAL;Cerrado;04/06/2025 8:26 a;CEP CAU AGI;09/06/2025 10:59;DES_DJINGO;4-Baja;Masiva;FIJO CAU ICFF
INC000003669097;Media;IP24 // BOGOTA // ERROR FUNCIONAL;Cerrado;04/06/2025 11:15 a;CEP CAU AGI;09/06/2025 7:42;CEP CAU AGI;4-Baja;Masiva;MESA DE AYUDA COLOMBIA
INC000003669608;Crítica;DEGRADACION/TEIDE/SL1;Cerrado;04/06/2025 9:26 a;CEP CAU AGI;09/06/2025 7:43;CEP CAU AGI;1-Crítica;Masiva;MESA DE AYUDA GUADALAJARA
INC000003669658;Media;PANGEA  / ATAC SALAMANCA / ERROR FUNCIONAL;Cerrado;04/06/2025 12:07 a;CEP CAU AGI;22/07/2025 10:21;CEP CAU AGI;4-Baja;Masiva;NEG_PROVISION_PYME
INC000003669716;Media;LIVEPERSON / BOGOTA / ERROR FUNCIONAL;Cerrado;04/06/2025 10:24 a;CEP CAU AGI;09/06/2025 7:40;CEP CAU AGI;4-Baja;Masiva;MESA DE AYUDA COLOMBIA
INC000003669755;Media;PANGEA // JAZZTEL DISTRIBUCION // ERROR FUNCIONAL;Cerrado;04/06/2025 11:58 a;CEP CAU AGI;09/06/2025 9:48;DES_SOE_PANGEA;4-Baja;Masiva;PROC_CAD
INC000003669906;Media;DJINGO / CONTROL ROOM / ERROR FUNCIONAL;Cerrado;04/06/2025 11:49 a;CEP CAU AGI;09/06/2025 7:41;CEP CAU AGI;4-Baja;Masiva;FIJO CAU ICFF
INC000003669939;Media;FICHA DE CLIENTE // FOUNDEVER // ERROR FUNCIONAL;Cerrado;04/06/2025 13:21 a;CEP CAU AGI;09/06/2025 7:41;CEP CAU AGI;4-Baja;Masiva;TEIDE_OSP_ICF
INC000003670219;Media;PANGEA // JAZZTEL DISTRIBUCION // ERROR FUNCIONAL;Cerrado;04/06/2025 16:03 a;CEP CAU AGI;05/06/2025 14:31;CEP CAU AGI;4-Baja;Masiva;PROC_CAD
INC000003670282;Media;DJINGO // CONTROL ROOM // ERROR FUNCIONAL;Cerrado;05/06/2025 8:36 a;CEP CAU AGI;05/06/2025 8:57;SOP_DJINGO;3-Medio;Masiva;TEIDE_OSP_ICF
INC000003670331;Media;WEB MANTENEDORES // GUADALAJARA // ERROR FUNCIONAL;Cerrado;04/06/2025 17:11 a;CEP CAU AGI;04/06/2025 17:55;SOP_BSS_JAZZTEL;4-Baja;Masiva;MESA DE AYUDA GUADALAJARA
INC000003670378;Media;CRM JAZZTEL // MEDELLIN // ERROR FUNCIONAL;Cerrado;05/06/2025 9:01 a;CEP CAU AGI;09/06/2025 7:44;CEP CAU AGI;4-Baja;Masiva;ATC_MADRID_MASIVO
INC000003670386;Media;WEB MANTENEDORES // PROVISION // ERROR FUNCIONAL;Cerrado;05/06/2025 9:39 a;CEP CAU AGI;05/06/2025 11:37;SOP_BSS_JAZZTEL;4-Baja;Masiva;ST_FTTH
INC000003670400;Alta;INDISPONIBILIDAD/FICHA DE CLIENTE/SL2;Cerrado;05/06/2025 10:15 a;CEP CAU AGI;09/06/2025 7:40;CEP CAU AGI;1-Crítica;Masiva;APL_CON_DESA_SERVICIO_ICF
INC000003671213;Alta;INDISPONIBILIDAD/CRM JAZZTEL/SL2;Cerrado;05/06/2025 10:32 a;RTV-TECSE RED DATOS;05/06/2025 10:58;Atlas_Soporte_BBDD;2-Alta;Masiva;Operador (A.G.I.)
INC000003671326;Alta;DEGRADACION/CERES/SL2;Cerrado;05/06/2025 12:16 a;RTV-TECSE RED DATOS;05/06/2025 13:11;Atlas_Soporte_BBDD;2-Alta;Masiva;Operador (A.G.I.)
INC000003671432;Media;POLAR // PROVISION // ERROR FUNCIONAL;Cerrado;05/06/2025 13:46 a;CEP CAU AGI;05/06/2025 17:35;SOP_TMC_POLAR;4-Baja;Masiva;ST_FTTH
INC000003671710;Media;A-IVR // CONTROL ROOM // LENTITUD;Cerrado;05/06/2025 14:14 a;CEP CAU AGI;05/06/2025 14:58;CEP CAU AGI;4-Baja;Masiva;TEIDE_OSP_ICF
INC000003671713;Alta;CRM JAZZTEL // MARKTEL VALENCIA // ERROR FUNCIONAL;Cerrado;05/06/2025 14:35 a;CEP CAU AGI;05/06/2025 18:15;SOP_ONURIS;3-Medio;Masiva;SLN Marktel Valencia
INC000003671907;Media;VERINT // ISGF MURCIA // ERROR FUNCIONAL;Cerrado;05/06/2025 16:48 a;CEP CAU AGI;09/06/2025 7:41;CEP CAU AGI;3-Medio;Masiva;SLN ISGF Murcia
INC000003672006;Media;PANGEA // ATAC JEREZ // ERROR FUNCIONAL;Cerrado;05/06/2025 16:55 a;CEP CAU AGI;10/06/2025 9:20;TEIDE_OSP_Soporte_Tecnico;4-Baja;Masiva;MESA DE AYUDA GUADALAJARA
INC000003672829;Media;FICHA CLIENTE MM / BOGOTA / ERROR FUNCIONAL;Cerrado;06/06/2025 12:24 a;CEP CAU AGI;10/06/2025 9:07;DES_SOE_MICROSERVICIOS;4-Baja;Masiva;MESA DE AYUDA COLOMBIA
INC000003672834;Media;FICHA DE CLIENTE / LEON / ERROR FUNCIONAL;Cerrado;06/06/2025 12:26 a;CEP CAU AGI;09/06/2025 8:29;NEG_CAMP_CERES;4-Baja;Masiva;CALLCENTER_TRANSCOM_LEON
INC000003673126;Media;ABACUS BRM // SAN FERNANDO // SIN ACCESO;Cerrado;06/06/2025 14:19 a;CEP CAU AGI;09/06/2025 7:40;CEP CAU AGI;3-Medio;Masiva;CALLCENTER_TRANSCOM_LEON
INC000003673170;Media;ALTITUDE / GUADALAJARA / ERROR FUNCIONAL;Cerrado;07/06/2025 9:38 a;CEP CAU AGI;07/06/2025 10:52;SOP_TECNICO_CALL_CENTER;4-Baja;Masiva;MESA DE AYUDA GUADALAJARA
INC000003674211;Media;ALTAIR // MAJOREL JEREZ // ERROR FUNCIONAL;Cerrado;09/06/2025 7:54 a;CEP CAU AGI;11/06/2025 11:12;Soporte Datapower;3-Medio;Masiva;SOP_SMC_AULA_CIMA
INC000003674275;Media;PANGEA // ATAC JEREZ // ERROR FUNCIONAL;Cerrado;09/06/2025 12:30 a;CEP CAU AGI;10/06/2025 15:52;NEG_CONTENIDOS;4-Baja;Masiva;MESA DE AYUDA GUADALAJARA
INC000003674389;Media;[2025R6] - PAE // MASORANGE // ERROR FUNCIONAL;Cerrado;09/06/2025 13:21 a;CEP CAU AGI;11/06/2025 14:20;DES_SOE_PAE;4-Baja;Masiva;SOP_TMC_ACME
INC000003674395;Media;LIVEPERSON // KONECTA SEVILLA // ERROR FUNCIONAL;Cerrado;09/06/2025 13:25 a;CEP CAU AGI;16/07/2025 12:58;CEP CAU AGI;3-Medio;Masiva;CALLCENTER_KONECTA_SEVILLA
INC000003674853;Media;PANGEA: // DISTRIBUCION JAZZTEL // ERROR FUNCIONAL;Cerrado;09/06/2025 13:00 a;CEP CAU AGI;09/06/2025 17:47;APL_MOV_SOE;4-Baja;Masiva;PROC_CAD
INC000003675066;Media;PRDIAS-23181 LIVEPERSON // MEDELLIN // ERROR FUNCIONAL;Cerrado;09/06/2025 19:41 a;CEP CAU AGI;30/07/2025 12:45;DES_DJINGO;4-Baja;Masiva;ATC_MADRID_MASIVO
INC000003675374;Crítica;indisponibilidad/VERINT/SL1;Cerrado;10/06/2025 6:54 a;RTV-TECSE RED DATOS;12/06/2025 14:40;SOPORTE ADM WINTEL;1-Crítica;Masiva;Operador (A.G.I.)
INC000003675509;Media;PRDIAS-23180 LIVEPERSON // OEST OVIEDO // ERROR FUNCIONAL;Cerrado;09/06/2025 17:03 a;CEP CAU AGI;18/06/2025 10:13;DES_DJINGO;4-Baja;Masiva;OEST - SL
INC000003676035;Media;A-RED // GUADALAJARA // SIN ACCESO;Cerrado;10/06/2025 11:04 a;CEP CAU AGI;11/06/2025 10:09;CEP CAU AGI;3-Medio;Masiva;MESA DE AYUDA GUADALAJARA
INC000003676177;Media;FICHA CLIENTE MM // BOGOTA // ERROR FUNCIONAL;Cerrado;10/06/2025 13:54 a;CEP CAU AGI;10/06/2025 14:16;APL_MOV_SOE;4-Baja;Masiva;MESA DE AYUDA COLOMBIA
INC000003676179;Alta;FICHA CLIENTE MM // OEST OVIEDO // SIN ACCESO;Cerrado;10/06/2025 13:57 a;CEP CAU AGI;10/06/2025 17:55;APL_MOV_SOE;3-Medio;Masiva;OEST - SL
INC000003676202;Media;PANGEA // DISTRIBUCION // ERROR FUNCIONAL;Cerrado;10/06/2025 10:10 a;PROC_CAD;07/07/2025 18:46;DES_SOE_PANGEA;4-Baja;Masiva;PROC_CAD
INC000003676292;Media;IP24 // JAZZPLAT COLOMBIA // ERROR FUNCIONAL;Cerrado;10/06/2025 14:47 a;CEP CAU AGI;13/06/2025 9:33;TEIDE_OSP_Soporte_Tecnico;4-Baja;Masiva;MESA DE AYUDA COLOMBIA
INC000003676484;Media;PRDIAS-23259 LIVEPERSON // LA FINCA // ERROR FUNCIONAL;Cerrado;10/06/2025 18:21 a;CEP CAU AGI;11/06/2025 10:56;DES_DJINGO;4-Baja;Masiva;ATC_MADRID_MASIVO
INC000003676630;Media;CRM // GUADALAJARA // LENTITUD;Cerrado;10/06/2025 17:05 a;CEP CAU AGI;10/06/2025 18:26;CEP CAU AGI;4-Baja;Masiva;MESA DE AYUDA GUADALAJARA
INC000003676684;Media;A-RED // GUADALAJARA // LENTITUD;Cerrado;11/06/2025 9:46 a;CEP CAU AGI;11/06/2025 10:17;RTV-TECSE RED DATOS;3-Medio;Masiva;MESA DE AYUDA GUADALAJARA
INC000003676893;Media;CRM B2B // MAJOREL SALAMANCA // ERROR FUNCIONAL;Cerrado;11/06/2025 12:07 a;CEP CAU AGI;16/06/2025 7:31;CEP CAU AGI;3-Medio;Masiva;APL_CON_DESA_SERVICIO_ICF
INC000003677760;Media;FICHA DE CLIENTE // OEST OVIEDO // ERROR FUNCIONAL;Cerrado;11/06/2025 12:41 a;CEP CAU AGI;11/06/2025 17:07;APL_MOV_SOE;3-Medio;Masiva;OEST - SL
INC000003678239;Media;CRM JAZZTEL // MEDELLIN // ERROR FUNCIONAL;Cerrado;11/06/2025 12:24 a;CEP CAU AGI;16/06/2025 7:31;CEP CAU AGI;4-Baja;Masiva;SLN Teleperformance Medellin
INC000003678332;Crítica;A-SIN ACCESO // SEDES ORANGE-JAZZTEL // SL1;Cerrado;11/06/2025 14:11 a;CEP CAU AGI;11/06/2025 17:14;CEP CAU AGI;1-Crítica;Masiva;SLN Marktel Valencia
INC000003678572;Media;ALTITUDE // FOUNDEVER SEVILLA // ERROR FUNCIONAL;Cerrado;11/06/2025 18:20 a;CEP CAU AGI;12/06/2025 10:11;SOP_TECNICO_CALL_CENTER;4-Baja;Masiva;TEIDE_OSP_ICF
INC000003678618;Media;WEB JAZZTEL // LA FINCA // ERROR FUNCIONAL;Cerrado;11/06/2025 16:22 a;CEP CAU AGI;12/06/2025 10:17;SOP_CIBER_PERIMETRAL;4-Baja;Masiva;TEIDE_OSP_ICF
INC000003678634;Media;WEB MANTENEDORES // MEDELLIN // SIN ACCESO;Cerrado;11/06/2025 17:35 a;CEP CAU AGI;11/06/2025 18:43;CEP CAU AGI;4-Baja;Masiva;ATC_MADRID_MASIVO
INC000003679260;Media;FICHA DE CLIENTE // MARKTEL VALENCIA // ERROR FUNCIONAL;Cerrado;12/06/2025 11:29 a;CEP CAU AGI;16/06/2025 13:46;APL_MOV_SOE;3-Medio;Masiva;SLN Marktel Valencia
INC000003679329;Crítica;MYADDRESS // NTT DATA  // ERROR FUNCIONAL;Cerrado;12/06/2025 10:15 a;CEP CAU AGI;12/06/2025 20:22;SOP_TMC_MYADDRESS;1-Crítica;Masiva;DES_SOE_ATENAS
INC000003679657;Media;PANGEA // ATAC SALAMANCA // ERROR FUNCIONAL;Cerrado;12/06/2025 14:32 a;CEP CAU AGI;13/06/2025 10:26;APL_MOV_SOE;4-Baja;Masiva;NEG_PROVISION_PYME
INC000003679970;Media;PRDIAS-23282 LIVEPERSON // MEDELLIN // ERROR FUNCIONAL;Cerrado;12/06/2025 17:33 a;CEP CAU AGI;19/08/2025 8:39;SOP_DJINGO;4-Baja;Masiva;ATC_MADRID_MASIVO
INC000003679976;Media;CRM JAZZTEL ENERGIA // ISGF MURCIA // ERROR ACCESO;Cerrado;12/06/2025 18:21 a;CEP CAU AGI;12/06/2025 23:38;CEP CAU AGI;4-Baja;Masiva;SLN ISGF Murcia
INC000003680031;Media;FICHA DE CLIENTE // MAJOREL SALAMANCA // ERROR FUNCIONAL;Cerrado;12/06/2025 19:16 a;CEP CAU AGI;12/06/2025 20:59;APL_MOV_SOE;4-Baja;Masiva;TEIDE_OSP_ICF
INC000003680310;Media;ALTITUDE // MAJOREL SALAMANCA // ERROR FUNCIONAL;Cerrado;12/06/2025 17:26 a;CEP CAU AGI;16/06/2025 7:28;CEP CAU AGI;4-Baja;Masiva;SLN Arvato Salamanca
INC000003680365;Media;ALTITUDE // LÉON // ERROR FUNCIONAL;Cerrado;13/06/2025 9:39 a;CEP CAU AGI;19/06/2025 15:06;APL_CON_GEA_APL;4-Baja;Masiva;CALLCENTER_TRANSCOM_LEON
INC000003680436;Media;ALTAIR // MAJOREL JEREZ / ERROR FUNCIONAL;Cerrado;13/06/2025 10:25 a;CEP CAU AGI;11/07/2025 11:42;Soporte Datapower;3-Medio;Masiva;APL_CON_DESA_SERVICIO_ICF
INC000003680745;Media;PRDIAS-23315DJINGO // CONTROLROOM // ERROR FUNCIONAL;Cerrado;13/06/2025 11:44 a;CEP CAU AGI;26/06/2025 17:21;DES_DJINGO;3-Medio;Masiva;SOP_SMC_AULA_CIMA
INC000003681009;Media;WEB DE INSTANCIAS // MEDELLIN // ERROR FUNCIONAL;Cerrado;13/06/2025 11:29 a;CEP CAU AGI;16/06/2025 7:27;CEP CAU AGI;4-Baja;Masiva;SLN Teleperformance Medellin
INC000003681126;Media;FICHA DE CLIENTE // GUADALAJARA // ERROR FUNCIONAL;Cerrado;13/06/2025 13:49 a;CEP CAU AGI;16/06/2025 7:27;CEP CAU AGI;3-Medio;Masiva;MESA DE AYUDA GUADALAJARA
INC000003681179;Media;ALTITUDE // GUADALAJARA // ERROR FUNCIONAL;Cerrado;14/06/2025 9:49 a;CEP CAU AGI;14/06/2025 12:03;SOP_TECNICO_CALL_CENTER;4-Baja;Masiva;MESA DE AYUDA GUADALAJARA
INC000003681194;Media;LIVEPERSON // MEDELLIN // ERROR FUNCIONAL;Cerrado;15/06/2025 9:43 a;CEP CAU AGI;16/06/2025 12:53;SOP_DJINGO;4-Baja;Masiva;SLN Teleperformance Medellin
INC000003681196;Media;LIVEPERSON // OEST OVIEDO // LENTITUD;Cerrado;15/06/2025 9:18 a;CEP CAU AGI;15/06/2025 12:15;SOP_DJINGO;3-Medio;Masiva;BO-ATC_MADRID_MASIVO
INC000003681199;Alta;DEGRADACION/CABINA DISCOS/SL1;Cerrado;15/06/2025 17:23 a;RTV-TECSE RED DATOS;16/06/2025 8:27;SPAIN ALMACENAMIENTO;2-Alta;Masiva;Operador (A.G.I.)
INC000003681349;Media;AVA // MEDELLIN // ERROR FUNCIONAL;Cerrado;14/06/2025 16:17 a;CEP CAU AGI;16/06/2025 14:15;SOP_DJINGO;3-Medio;Masiva;ATC_MADRID_MASIVO
INC000003681350;Media;PRDIAS-23293 DJINGO // CONTROL ROOM // ERROR FUNCIONAL;Cerrado;14/06/2025 17:35 a;CEP CAU AGI;23/06/2025 8:09;CEP CAU AGI;4-Baja;Masiva;TEIDE_OSP_ICF
INC000003681357;Media;LIVEPERSON / KONECTA SEVILLA. // ERROR FUNCIONAL;Cerrado;15/06/2025 9:24 a;CEP CAU AGI;15/06/2025 11:02;SOP_DJINGO;3-Medio;Masiva;CALLCENTER_KONECTA_SEVILLA
INC000003681392;Media;FICHA DE CLIENTE // GUADALAJARA // ERROR FUNCIONAL;Cerrado;16/06/2025 9:15 a;CEP CAU AGI;16/06/2025 13:00;SOP_DJINGO;3-Medio;Masiva;MESA DE AYUDA GUADALAJARA
INC000003681446;Media;COCO // ISGF MADRID // ERROR FUNCIONAL;Cerrado;15/06/2025 17:27 a;CEP CAU AGI;16/06/2025 7:27;CEP CAU AGI;3-Medio;Masiva;SLN ISGF Murcia
INC000003681450;Media;ALTITUDE // GUADALAJARA // ERROR FUNCIONAL;Cerrado;15/06/2025 18:04 a;CEP CAU AGI;16/06/2025 9:44;SOP_TECNICO_CALL_CENTER;4-Baja;Masiva;MESA DE AYUDA GUADALAJARA
INC000003682113;Media;LIVEPERSON // BOGOTA // ERROR FUNCIONAL;Cerrado;15/06/2025 9:55 a;CEP CAU AGI;15/06/2025 12:14;SOP_DJINGO;3-Medio;Masiva;MESA DE AYUDA COLOMBIA
INC000003682120;Alta;FICHA DE CLIENTE // ISGF MADRID // ERROR FUNCIONAL;Cerrado;15/06/2025 17:48 a;CEP CAU AGI;16/06/2025 15:09;SOP_TMC_FDCS;1-Crítica;Masiva;SLN ISGF Murcia
INC000003682174;Alta;DEGRADACION/CIRCUITO/SL2;Cerrado;16/06/2025 14:17 a;RTV-TECSE RED DATOS;16/06/2025 17:55;RTV-EXTERNAS RDC;2-Alta;Masiva;Operador (A.G.I.)
INC000003682902;Media;LIVEPERSON // GUADALAJARA // ERROR FUNCIONAL;Cerrado;15/06/2025 18:32 a;CEP CAU AGI;15/06/2025 21:53;SOP_DJINGO;3-Medio;Masiva;MESA DE AYUDA GUADALAJARA
INC000003683508;Media;AURORA / ATAC GUADALAJARA / ERROR FUNCIONAL;Cerrado;16/06/2025 10:15 a;CEP CAU AGI;14/07/2025 8:03;CEP CAU AGI;4-Baja;Masiva;NEG_PROVISION_PYME
INC000003683518;Alta;GDU // OEST OVIEDO // SIN ACCESO;Cerrado;16/06/2025 10:23 a;CEP CAU AGI;16/06/2025 12:11;OPER_Soporte_GdU;3-Medio;Masiva;OEST - SL
INC000003683522;Alta;DEGRADACION // MGD // SL2;Cerrado;16/06/2025 10:39 a;RTV-TECSE RED DATOS;16/06/2025 11:53;Atlas_Soporte_Unix;2-Alta;Masiva;Operador (A.G.I.)
INC000003683607;Media;GDU/ CAU/ ERROR FUNCIONAL;Cerrado;16/06/2025 11:17 a;OPER_Soporte_GdU;16/06/2025 12:13;OPER_Soporte_GdU;1-Crítica;Masiva;FRONTOFFICE
INC000003683873;Media;LIVEPERSON // ANDES // ERROR FUNCIONAL;Cerrado;16/06/2025 16:38 a;CEP CAU AGI;23/06/2025 8:11;CEP CAU AGI;3-Medio;Masiva;ATC_MADRID_MASIVO
INC000003684012;Media;FICHA DE CLIENTE // OEST OVIEDO // ERROR FUNCIONAL;Cerrado;16/06/2025 13:13 a;CEP CAU AGI;16/06/2025 16:01;APL_MOV_SOE;4-Baja;Masiva;OEST - SL
INC000003684036;Media;ALTITUDE / BOGOTA / ERROR FUNCIONAL;Cerrado;16/06/2025 15:05 a;CEP CAU AGI;17/06/2025 10:56;SOP_TECNICO_CALL_CENTER;4-Baja;Masiva;MESA DE AYUDA COLOMBIA
INC000003684161;Alta;ACME // LA FINCA // SIN ACCESO;Cerrado;17/06/2025 7:55 a;CEP CAU AGI;17/06/2025 9:13;CEP CAU AGI;3-Medio;Masiva;SOP_SOE_ESPECIALIZADO
INC000003684172;Media;DJINGO // CONTROLROOM // ERROR FUNCIONAL;Cerrado;17/06/2025 8:58 a;CEP CAU AGI;17/06/2025 9:35;SOP_DJINGO;3-Medio;Masiva;SOP_SMC_AULA_CIMA
INC000003684849;Alta;ONMOVIL/OMV/Sin datos en Italia y Francia;Cerrado;17/06/2025 11:50 a;SOP_TECNICO_CALL_CENTER;17/06/2025 18:15;SOP_TECNICO_CALL_CENTER;1-Crítica;Masiva;FRONTOFFICE
INC000003685252;Media;GDU// ACM//CAU// ERROR FUNCIONAL;Cerrado;17/06/2025 15:20 a;FRONTOFFICE;17/06/2025 16:50;OPER_Soporte_GdU;3-Medio;Masiva;FRONTOFFICE
INC000003685314;Media;FICHA DE CLIENTE // GUADALAJARA  // ERROR FUNCIONAL;Cerrado;17/06/2025 13:05 a;CEP CAU AGI;21/08/2025 8:32;DES_SOE_FICHA;4-Baja;Masiva;EDS_MTO
INC000003685353;Media;ALTITUDE // OEST OVIEDO // LENTITUD;Cerrado;17/06/2025 15:54 a;CEP CAU AGI;30/06/2025 7:38;CEP CAU AGI;4-Baja;Masiva;OEST - SL
INC000003685634;Media;ALTAIR // BOGOTA // ERROR FUNCIONAL;Cerrado;17/06/2025 16:34 a;CEP CAU AGI;18/06/2025 8:33;Soporte Datapower;3-Medio;Masiva;MESA DE AYUDA COLOMBIA
INC000003685743;Media;FICHA DE CLIENTE // MALAGA// ERROR FUNCIONAL;Cerrado;17/06/2025 20:22 a;CEP CAU AGI;20/06/2025 14:02;SOP_NABOO;4-Baja;Masiva;TEIDE_OSP_ICF
INC000003686274;Media;LIVEPERSON / BOGOTA / ERROR FUNCIONAL;Cerrado;18/06/2025 12:01 a;CEP CAU AGI;18/06/2025 15:41;SOP_DJINGO;3-Medio;Masiva;MESA DE AYUDA COLOMBIA
INC000003686334;Media;PRDIAS-23339LIVEPERSON // MEDELLIN // ERROR FUNCIONAL;Cerrado;18/06/2025 10:57 a;CEP CAU AGI;23/06/2025 8:12;CEP CAU AGI;3-Medio;Masiva;ATC_MADRID_MASIVO
INC000003686386;Alta;PANGEA // ATAC JEREZ // LENTITUD;Cerrado;18/06/2025 12:46 a;CEP CAU AGI;19/06/2025 9:56;DES_SOE_PANGEA;3-Medio;Masiva;MESA DE AYUDA GUADALAJARA
INC000003686550;Media;POLAR / APPLUS / ERROR FUNCIONAL;Cerrado;18/06/2025 11:37 a;CEP CAU AGI;18/06/2025 14:35;SOP_TMC_POLAR;4-Baja;Masiva;ST_FTTH
INC000003686594;Media;FICHA DE CLIENTE // KONECTA SEVILLA // ERROR FUNCIONAL;Cerrado;18/06/2025 13:55 a;CEP CAU AGI;07/07/2025 12:43;DES_SOE_FICHA;3-Medio;Masiva;CALLCENTER_KONECTA_SEVILLA
INC000003686601;Media;FICHA DE CLIENTE //  FOUNDEVER // LENTITUD;Cerrado;18/06/2025 11:47 a;CEP CAU AGI;23/06/2025 8:12;CEP CAU AGI;3-Medio;Masiva;CALLCENTER_SITEL_SEVILLA
INC000003686643;Media;IVR // ISGF MURCIA // ERROR FUNCIONAL;Cerrado;18/06/2025 13:23 a;CEP CAU AGI;19/06/2025 10:37;CEP CAU AGI;4-Baja;Masiva;SLN ISGF Murcia
INC000003686698;Media;DJINGO // CONTROL ROOM // ERROR FUNCIONAL;Cerrado;18/06/2025 19:09 a;CEP CAU AGI;18/06/2025 21:23;SOP_DJINGO;4-Baja;Masiva;TEIDE_OSP_ICF
INC000003686914;Media;FICHA DE CLIENTE / MARKTEL VALENCIA / ERROR FUNCIONAL;Cerrado;18/06/2025 13:54 a;CEP CAU AGI;19/06/2025 10:46;APL_MOV_SOE;3-Medio;Masiva;SLN Marktel Valencia
INC000003687179;Media;CERES // OVIEDO // ERROR FUNCIONAL;Cerrado;19/06/2025 9:20 a;CEP CAU AGI;23/06/2025 8:13;CEP CAU AGI;3-Medio;Masiva;OEST - SL
INC000003687417;Media;LIVEPERSON // BOGOTA // ERROR FUNCIONAL;Cerrado;19/06/2025 6:19 a;CEP CAU AGI;23/06/2025 8:12;CEP CAU AGI;3-Medio;Masiva;MESA DE AYUDA COLOMBIA
INC000003687468;Alta;FICHA DE CLIENTE // TRANSCOM LEON // ERROR FUNCIONAL;Cerrado;19/06/2025 10:56 a;CEP CAU AGI;19/06/2025 14:24;Soporte Siebel;1-Crítica;Masiva;CALLCENTER_TRANSCOM_LEON
INC000003688062;Media;GDU / ACM // CAU // ERROR FUNCIONAL;Cerrado;19/06/2025 13:49 a;FRONTOFFICE;19/06/2025 14:30;OPER_Soporte_GdU;3-Medio;Masiva;FRONTOFFICE
INC000003688849;Media;PRDIAS-23363 LIVEPERSON // OEST OVIEDO // ERROR FUNCIONAL;Cerrado;19/06/2025 22:38 a;CEP CAU AGI;01/07/2025 11:26;DES_DJINGO;3-Medio;Masiva;OEST - SL
INC000003688897;Media;PRDIAS-24839 DJINGO // CONTROLROOM // ERROR FUNCIONAL;Cerrado;20/06/2025 10:03 a;CEP CAU AGI;22/10/2025 11:57;DES_DJINGO;3-Medio;Masiva;SOP_SMC_AULA_CIMA
INC000003689296;Media;PANGEA / TLP JEREZ / ERROR FUNCIONAL;Cerrado;20/06/2025 18:02 a;CEP CAU AGI;20/06/2025 19:37;APL_MOV_SOE;4-Baja;Masiva;MESA DE AYUDA GUADALAJARA
INC000003689618;Media;IVR // GUADALAJARA // ERROR FUNCIONAL;Cerrado;20/06/2025 10:58 a;CEP CAU AGI;24/06/2025 8:56;SOP_TECNICO_CALL_CENTER;4-Baja;Masiva;MESA DE AYUDA GUADALAJARA
INC000003689660;Media;ALTITUDE //  MARKTEL VALENCIA  // LENTITUD;Cerrado;20/06/2025 12:57 a;CEP CAU AGI;23/06/2025 11:03;SOP_TECNICO_CALL_CENTER;4-Baja;Masiva;SLN Marktel Valencia
INC000003689923;Media;PRDIAS-23396 LIVEPERSON // KONECTA SEVILLA // ERROR FUNCIONAL;Cerrado;20/06/2025 19:29 a;CEP CAU AGI;23/06/2025 9:35;DES_DJINGO;3-Medio;Masiva;CALLCENTER_KONECTA_SEVILLA
INC000003690040;Media;CRM JAZZTEL // MEDELLIN // ERROR FUNCIONAL;Cerrado;21/06/2025 13:38 a;CEP CAU AGI;23/06/2025 8:13;CEP CAU AGI;4-Baja;Masiva;ATC_MADRID_MASIVO
INC000003690367;Media;REMEDY / WHOLESALE / ERROR FUNCIONAL;Cerrado;23/06/2025 10:15 a;CEP CAU AGI;24/06/2025 11:14;CEP CAU AGI;4-Baja;Masiva;USU_WHOLESALE
INC000003690383;Alta;INDISPONIBILIDAD/DATARYS/SL1;Cerrado;23/06/2025 10:47 a;RTV-TECSE RED DATOS;23/06/2025 14:24;SOP_DATARYS;1-Crítica;Masiva;Operador (A.G.I.)
INC000003690416;Media;ALTITUDE / SOFTEK MADRID / ERROR FUNCIONAL;Cerrado;20/06/2025 19:52 a;CEP CAU AGI;23/06/2025 8:13;CEP CAU AGI;4-Baja;Masiva;TEIDE_OSP_ICF
INC000003690418;Media;PRDIAS-23395 DJINGO / CONTROL ROOM / ERROR FUNCIONAL;Cerrado;20/06/2025 20:39 a;CEP CAU AGI;14/07/2025 8:03;CEP CAU AGI;4-Baja;Masiva;TEIDE_OSP_ICF
INC000003691359;Media;BSCS // COLOMBIA // ERROR FUNCIONAL;Cerrado;23/06/2025 14:24 a;CEP CAU AGI;23/06/2025 14:59;GC FACTURACION 1;4-Baja;Masiva;MESA DE AYUDA COLOMBIA
INC000003691406;Media;LIVEPERSON // OEST OVIEDO // ERROR FUNCIONAL;Cerrado;23/06/2025 12:04 a;CEP CAU AGI;23/06/2025 12:27;SOP_DJINGO;3-Medio;Masiva;OEST - SL
INC000003691540;Media;WEB INSTANCIAS // MEDELLIN // ERROR FUNCIONAL;Cerrado;23/06/2025 13:56 a;CEP CAU AGI;25/06/2025 9:03;SOP_TECNICO_CALL_CENTER;4-Baja;Masiva;ATC_MADRID_MASIVO
INC000003691541;Media;ALTITUDE // LÉON // ERROR FUNCIONAL;Cerrado;23/06/2025 13:57 a;CEP CAU AGI;26/06/2025 14:31;SOP_TECNICO_CALL_CENTER;4-Baja;Masiva;TEIDE_OSP_ICF
INC000003691810;Media;PANGEA // GUADALAJARA // ERROR FUNCIONAL;Cerrado;23/06/2025 15:58 a;CEP CAU AGI;24/06/2025 14:45;NEG_CAMP_CERES;4-Baja;Masiva;NEG_PROVISION_PYME
INC000003692742;Media;PANGEA / TLP JEREZ / ERROR FUNCIONAL;Cerrado;24/06/2025 14:23 a;CEP CAU AGI;25/06/2025 9:25;SOP_SAP_LO;4-Baja;Masiva;MESA DE AYUDA GUADALAJARA
INC000003692745;Media;PRDIAS-23264 DJINGO / CONTROL ROOM / ERROR FUNCIONAL;Cerrado;24/06/2025 14:14 a;CEP CAU AGI;17/09/2025 12:02;DES_DJINGO;4-Baja;Masiva;TEIDE_OSP_ICF
INC000003692835;Media;ABACUS / ISGF MURCIA / ERROR FUNCIONAL;Cerrado;24/06/2025 16:51 a;CEP CAU AGI;24/06/2025 20:06;Soporte BRM;3-Medio;Masiva;SLN ISGF Murcia
INC000003692844;Media;A-Javi-RED DE DATOS / GUADALAJARA / ERROR FUNCIONAL;Cerrado;24/06/2025 19:54 a;CEP CAU AGI;07/07/2025 8:08;CEP CAU AGI;3-Medio;Masiva;MESA DE AYUDA GUADALAJARA
INC000003693230;Media;ALTAIR / JAZZPLAT COLOMBIA / ERROR FUNCIONAL;Cerrado;24/06/2025 17:21 a;CEP CAU AGI;24/06/2025 19:27;CEP CAU AGI;3-Medio;Masiva;MESA DE AYUDA COLOMBIA
INC000003693608;Media;OPENCOBROS / SAN FERNANDO / ERROR FUNCIONAL;Cerrado;25/06/2025 8:32 a;CEP CAU AGI;25/06/2025 9:50;COBROS Y RECOBROS - CONTROL;3-Medio;Masiva;CALLCENTER_TRANSCOM_LEON
INC000003693991;Media;ALTAIR / GUADALAJARA / ERROR FUNCIONAL;Cerrado;25/06/2025 16:54 a;CEP CAU AGI;25/06/2025 17:39;CEP CAU AGI;3-Medio;Masiva;MESA DE AYUDA GUADALAJARA
INC000003694110;Media;CRM / JAZZPLAT ESPAÑA / ERROR FUNCIONAL;Cancelado;25/06/2025 12:28 a;SOP_BSS_JAZZTEL;25/06/2025 12:44;;4-Baja;Masiva;MESA DE AYUDA GUADALAJARA
INC000003694156;Media;IVR / CONTROL ROOM / ERROR FUNCIONAL;Cerrado;25/06/2025 15:18 a;CEP CAU AGI;26/06/2025 8:56;SOP_TECNICO_CALL_CENTER;4-Baja;Masiva;TEIDE_OSP_ICF
INC000003694198;Media;FICHA DE CLIENTE // GUADALAJARA // ERROR FUNCIONAL;Cerrado;25/06/2025 22:27 a;CEP CAU AGI;26/06/2025 10:31;SOP_TMC_PREPAGO;3-Medio;Masiva;MESA DE AYUDA GUADALAJARA
INC000003694317;Media;WEB DE INSTANCIAS / MEDELLIN / ERROR FUNCIONAL;Cerrado;25/06/2025 14:35 a;CEP CAU AGI;14/07/2025 8:04;CEP CAU AGI;4-Baja;Masiva;ATC_MADRID_MASIVO
INC000003694355;Media;POLAR / PROVISION / LENTITUD;Cerrado;25/06/2025 17:34 a;CEP CAU AGI;25/06/2025 19:49;SOP_TMC_POLAR;4-Baja;Masiva;ST_FTTH
INC000003694716;Crítica;INDISPONIBILIDAD//CIRCUITO VALENCIA//SL1;Cerrado;26/06/2025 5:02 a;RTV-TECSE RED DATOS;26/06/2025 5:54;RTV-EXTERNAS RDC;2-Alta;Masiva;Operador (A.G.I.)
INC000003694880;Media;DJINGO / CONTROL ROOM / ERROR FUNCIONAL;Cerrado;26/06/2025 11:25 a;CEP CAU AGI;30/06/2025 7:40;CEP CAU AGI;4-Baja;Masiva;TEIDE_OSP_ICF
INC000003694883;Media;FICHA CLIENTE MM / MEDELLIN / ERROR FUNCIONAL;Cerrado;26/06/2025 11:29 a;CEP CAU AGI;27/06/2025 8:42;APL_MOV_SOE;4-Baja;Masiva;SLN Teleperformance Medellin
INC000003695018;Alta;INDISPONIBILIDAD/VERINT/SL2;Cerrado;26/06/2025 8:47 a;RTV-TECSE RED DATOS;26/06/2025 12:03;T.S. BYR;1-Crítica;Masiva;Operador (A.G.I.)
INC000003695042;Media;RIKO / MEDELLIN / ERROR FUNCIONAL;Cerrado;26/06/2025 10:40 a;CEP CAU AGI;30/06/2025 7:39;CEP CAU AGI;4-Baja;Masiva;SLN Teleperformance Medellin
INC000003695059;Alta;INDISPONIBILIDAD/REVENTA FIBRA ISP/SL2;Cerrado;26/06/2025 11:53 a;RTV-TECSE RED DATOS;26/06/2025 11:59;Atlas_Soporte_BBDD;1-Crítica;Masiva;Operador (A.G.I.)
INC000003695380;Media;ALTITUDE / MARKTEL VALENCIA / LENTITUD;Cerrado;26/06/2025 13:31 a;CEP CAU AGI;30/06/2025 7:40;CEP CAU AGI;4-Baja;Masiva;SLN Marktel Valencia
INC000003696032;Media;RIKO / MEDELLIN / LENTITUD;Cerrado;26/06/2025 19:39 a;CEP CAU AGI;30/06/2025 7:41;CEP CAU AGI;4-Baja;Masiva;SLN Teleperformance Medellin
INC000003696708;Media;IP24 // GUADALAJARA // ERROR FUNCIONAL;Cerrado;27/06/2025 11:01 a;CEP CAU AGI;30/06/2025 9:58;NEG_CAMP_CERES;4-Baja;Masiva;NEG_PROVISION_PYME
INC000003697703;Media;ALTAIR / BOGOTA / ERROR FUNCIONAL;Cerrado;29/06/2025 15:03 a;CEP CAU AGI;29/06/2025 22:12;Soporte Datapower;3-Medio;Masiva;MESA DE AYUDA COLOMBIA
INC000003698123;Media;HOW // MAJOREL SALAMANCA // ERROR FUNCIONAL;Cerrado;30/06/2025 8:47 a;CEP CAU AGI;30/06/2025 10:34;CEP CAU AGI;3-Medio;Masiva;APL_CON_DESA_SERVICIO_ICF
INC000003698194;Media;IP24 // MAJOREL SALAMANCA // ERROR FUNCIONAL;Cerrado;30/06/2025 13:26 a;CEP CAU AGI;30/06/2025 19:53;SOP_TMC_GIROS;4-Baja;Masiva;APL_CON_DESA_SERVICIO_ICF
INC000003698450;Crítica;INDISPONIBILIDAD/AOTLXPRVIN10289/SL1;Cerrado;30/06/2025 11:26 a;RTV-TECSE RED DATOS;30/06/2025 12:53;Atlas_Soporte_Linux_Vmware;1-Crítica;Masiva;Operador (A.G.I.)
INC000003698488;Crítica;Indisponibilidad/Consulta direcciones/SL1;Cerrado;30/06/2025 13:31 a;CEP CAU AGI;30/06/2025 19:55;SOP_TMC_GIROS;1-Crítica;Masiva;APL_CON_DESA_SERVICIO_ICF
INC000003698496;Alta;INDISPONIBILIDAD/AOTLXPRGIR10001/SL2;Cerrado;30/06/2025 13:54 a;RTV-TECSE RED DATOS;30/06/2025 16:19;Atlas_Soporte_Linux_Vmware;1-Crítica;Masiva;Operador (A.G.I.)
INC000003698856;Media;RED DE DATOS / BOGOTA / NO ACCESO;Cerrado;30/06/2025 19:27 a;CEP CAU AGI;11/09/2025 10:57;CEP CAU AGI;4-Baja;Masiva;TEIDE_OSP_ICF
INC000003699130;Media;FICHA DE CLIENTE / MEDELLIN / ERROR FUNCIONAL;Cerrado;30/06/2025 15:34 a;CEP CAU AGI;07/07/2025 11:03;DES_SOE_FICHA;4-Baja;Masiva;SLN Teleperformance Medellin
INC000003699281;Media;WEB MANTENEDORES // APPLUS // ERROR FUNCIONAL;Cerrado;01/07/2025 9:07 a;CEP CAU AGI;01/07/2025 10:17;SOP_BSS_JAZZTEL;4-Baja;Masiva;ST_FTTH
INC000003699823;Media;LIVEPERSON // MEDELLIN // ERROR FUNCIONAL;Cerrado;01/07/2025 11:03 a;CEP CAU AGI;01/07/2025 13:56;SOP_DJINGO;3-Medio;Masiva;ATC_MADRID_MASIVO
INC000003700153;Media;FICHA DE CLIENTE // FOUNDEVER // ERROR FUNCIONAL;Cerrado;01/07/2025 12:28 a;CEP CAU AGI;01/07/2025 15:57;APL_MOV_SOE;3-Medio;Masiva;SOP_SMC_AULA_CIMA
INC000003700162;Media;HPFMS // ISGF Madrid // SIN ACCESO;Cerrado;01/07/2025 13:15 a;CEP CAU AGI;01/07/2025 14:07;FRAUDE;3-Medio;Masiva;SLN ISGF Murcia
INC000003700181;Media;POLAR // PROVISION // SIN ACCESO;Cerrado;01/07/2025 14:29 a;CEP CAU AGI;01/07/2025 14:49;SOP_TMC_POLAR;4-Baja;Masiva;ST_FTTH
INC000003700714;Alta;FICHA DE CLIENTE / MAJOREL JEREZ / ERROR FUNCIONAL;Cerrado;01/07/2025 17:37 a;CEP CAU AGI;01/07/2025 20:53;Tecnología;1-Crítica;Masiva;APL_CON_DESA_SERVICIO_ICF
INC000003700776;Media;PRDIAS-23538 LIVEPERSON // MEDELLIN // ERROR FUNCIONAL;Cerrado;02/07/2025 10:45 a;CEP CAU AGI;05/08/2025 10:11;DES_DJINGO;4-Baja;Masiva;ATC_MADRID_MASIVO
INC000003701207;Media;FICHA DE CLIENTE // BOGOTA // ERROR FUNCIONAL;Cerrado;02/07/2025 11:29 a;CEP CAU AGI;02/07/2025 15:05;SOP_TMC_FDCS;3-Medio;Masiva;MESA DE AYUDA COLOMBIA
INC000003701338;Media;HOW // MAJOREL SALAMANCA // ERROR FUNCIONAL;Cerrado;02/07/2025 12:44 a;CEP CAU AGI;02/07/2025 13:54;CEP CAU AGI;3-Medio;Masiva;APL_CON_DESA_SERVICIO_ICF
INC000003701373;Media;LIVEPERSON / ISGF MURCIA / NO ACCESO;Cerrado;02/07/2025 15:38 a;CEP CAU AGI;02/07/2025 17:29;SOP_DJINGO;4-Baja;Masiva;SLN ISGF Murcia
INC000003701391;Media;FICHA DE CLIENTE / FOUNDEVER SEVILLA / ERROR FUNCIONAL;Cerrado;02/07/2025 17:33 a;CEP CAU AGI;09/07/2025 9:51;CEP CAU AGI;4-Baja;Masiva;TEIDE_OSP_ICF
INC000003701581;Media;PRDIAS-23537 LIVEPERSON // GUADALAJARA // ERROR FUNCIONAL;Cerrado;03/07/2025 9:21 a;CEP CAU AGI;14/07/2025 8:05;CEP CAU AGI;3-Medio;Masiva;MESA DE AYUDA GUADALAJARA
INC000003701624;Media;FICHA DE CLIENTE // MAJOREL SALAMANCA // ERROR FUNCIONAL;Cerrado;02/07/2025 13:09 a;CEP CAU AGI;07/07/2025 8:10;CEP CAU AGI;3-Medio;Masiva;APL_CON_DESA_SERVICIO_ICF
INC000003702083;Media;CRM4TELCO // MEDELLIN // ERROR FUNCIONAL;Cerrado;03/07/2025 12:57 a;CEP CAU AGI;03/07/2025 14:06;Tecnología;4-Baja;Masiva;ATC_MADRID_MASIVO
INC000003702091;Media;IVR // CONTROLROOM // ERROR FUNCIONAL;Cerrado;03/07/2025 13:11 a;CEP CAU AGI;07/07/2025 12:44;SOP_TECNICO_CALL_CENTER;4-Baja;Masiva;SOP_SMC_AULA_CIMA
INC000003702148;Alta;IP24 // OEST OVIEDO // ERROR FUNCIONAL;Cerrado;03/07/2025 10:35 a;CEP CAU AGI;03/07/2025 20:34;CEP CAU AGI;2-Alta;Masiva;OEST - SL
INC000003702350;Media;CRM JAZZTEL // MEDELLIN // ERROR FUNCIONAL;Cerrado;03/07/2025 12:47 a;CEP CAU AGI;07/07/2025 8:13;CEP CAU AGI;4-Baja;Masiva;ATC_MADRID_MASIVO
INC000003702371;Media;FICHA DE CLIENTE // COLOMBIA // ERROR FUNCIONAL;Cerrado;03/07/2025 13:23 a;CEP CAU AGI;03/07/2025 15:15;Tecnología;3-Medio;Masiva;MESA DE AYUDA COLOMBIA
INC000003703092;Media;IP24 // ATAC Jerez // ERROR FUNCIONAL;Cerrado;04/07/2025 11:55 a;CEP CAU AGI;07/07/2025 11:13;TEIDE_OSP_Soporte_Tecnico;4-Baja;Masiva;MESA DE AYUDA GUADALAJARA
INC000003703714;Alta;DEGRADACIÓN/PANGEA/SL2;Cerrado;04/07/2025 11:24 a;CEP CAU AGI;04/07/2025 13:31;T.S. BYR;2-Alta;Masiva;MESA DE AYUDA GUADALAJARA
INC000003703717;Media;FICHA CLIENTE MM // BOGOTA // ERROR FUNCIONAL;Cerrado;04/07/2025 12:13 a;CEP CAU AGI;07/07/2025 8:16;CEP CAU AGI;4-Baja;Masiva;MESA DE AYUDA COLOMBIA
INC000003703785;Media;FICHA DE CLIENTE / MARKTEL VALENCIA / ERROR FUNCIONAL;Cerrado;04/07/2025 15:32 a;CEP CAU AGI;04/07/2025 16:14;APL_MOV_SOE;4-Baja;Masiva;SLN Marktel Valencia
INC000003704077;Crítica;INDISPONIBILIDAD/CIRCUITO GRAN CANARIA/SL1;Cerrado;06/07/2025 5:38 a;RTV-TECSE RED DATOS;06/07/2025 13:16;RTV-EXTERNAS RDC;1-Crítica;Masiva;Operador (A.G.I.)
INC000003704144;Media;FICHA DE CLIENTE / MAJOREL JEREZ / LENTITUD;Cerrado;04/07/2025 20:11 a;CEP CAU AGI;04/07/2025 20:47;APL_MOV_SOE;4-Baja;Masiva;TEIDE_OSP_ICF
INC000003704277;Media;LUNA / GUADALAJARA / ERROR FUNCIONAL;Cerrado;07/07/2025 8:55 a;CEP CAU AGI;07/07/2025 13:27;Fijo Activacion LUNA;4-Baja;Masiva;MESA DE AYUDA GUADALAJARA
INC000003705218;Media;FICHA CLIENTE MM / MEDELLIN / ERROR FUNCIONAL;Cerrado;07/07/2025 9:43 a;CEP CAU AGI;07/07/2025 13:18;APL_MOV_SOE;4-Baja;Masiva;SLN Teleperformance Medellin
INC000003705220;Media;EGEO / LA FINCA / SIN ACCESO;Cerrado;07/07/2025 10:13 a;CEP CAU AGI;07/07/2025 13:40;APL_MOV_SOE;4-Baja;Masiva;FIJO CAU ICFF
INC000003705554;Media;FICHA DE CLIENTE / FOUNDEVER / ERROR FUNCIONAL;Cerrado;07/07/2025 13:04 a;CEP CAU AGI;08/07/2025 14:50;DES_SOE_MICROSERVICIOS;4-Baja;Masiva;FIJO CAU ICFF
INC000003705561;Media;PANGEA // ATAC SALAMANCA // ERROR FUNCIONAL;Cerrado;07/07/2025 13:16 a;CEP CAU AGI;08/07/2025 11:23;APL_MOV_SOE;4-Baja;Masiva;NEG_PROVISION_PYME
INC000003705792;Media;PANGEA / ATAC JEREZ / ERROR FUNCIONAL;Cerrado;07/07/2025 17:01 a;CEP CAU AGI;07/07/2025 20:23;APL_MOV_SOE;4-Baja;Masiva;TEIDE_OSP_ICF
INC000003706211;Alta;JIRA / GUADALAJARA / SIN ACCESO;Cerrado;08/07/2025 7:17 a;CEP CAU AGI;08/07/2025 9:18;SOP_DEVOPS_OPERACION;1-Crítica;Masiva;MESA DE AYUDA GUADALAJARA
INC000003706267;Media;FICHA CLIENTE MM / OEST OVIEDO / ERROR FUNCIONAL;Cerrado;08/07/2025 11:45 a;CEP CAU AGI;09/07/2025 12:13;APL_MOV_SOE;4-Baja;Masiva;OEST - SL
INC000003706302;Media;WEB DE INSTANCIAS / MEDELLIN / ERROR FUNCIONAL;Cerrado;07/07/2025 18:44 a;CEP CAU AGI;14/07/2025 8:05;CEP CAU AGI;4-Baja;Masiva;ATC_MADRID_MASIVO
INC000003706334;Media;WEB MANTENEDORES / GUADALAJARA / ERROR FUNCIONAL;Cerrado;08/07/2025 8:49 a;CEP CAU AGI;08/07/2025 12:34;SOP_TMC_APIGEE;4-Baja;Masiva;MESA DE AYUDA GUADALAJARA
INC000003706803;Media;FICHA DE CLIENTE / JAZZPLAT // ERROR FUNCIONAL;Cerrado;08/07/2025 10:58 a;CEP CAU AGI;08/07/2025 16:30;Tecnología;4-Baja;Masiva;EDS_MTO
INC000003706807;Media;GESTOCK / ATAC SALAMANCA / ERROR FUNCIONAL;Cerrado;08/07/2025 10:57 a;CEP CAU AGI;08/07/2025 14:02;SOP_SAP_BASIS;3-Medio;Masiva;NEG_PROVISION_PYME
INC000003706829;Media;A-ALTITUDE / MARKTEL VALENCIA / LENTITUD;Cerrado;08/07/2025 12:14 a;CEP CAU AGI;08/07/2025 14:36;CEP CAU AGI;4-Baja;Masiva;SLN Marktel Valencia
INC000003706834;Media;LIVEPERSON / MEDELLIN / ERROR FUNCIONAL;Cerrado;08/07/2025 12:26 a;CEP CAU AGI;14/07/2025 8:06;CEP CAU AGI;4-Baja;Masiva;SLN Teleperformance Medellin
INC000003706914;Media;DJINGO / CONTROL ROOM / ERROR FUNCIONAL;Cerrado;08/07/2025 12:58 a;CEP CAU AGI;08/07/2025 15:21;SOP_DJINGO;4-Baja;Masiva;FIJO CAU ICFF
INC000003707188;Media;CRM / MEDELLIN / ERROR FUNCIONAL;Cerrado;09/07/2025 9:13 a;CEP CAU AGI;14/07/2025 8:06;CEP CAU AGI;4-Baja;Masiva;ATC_MADRID_MASIVO
INC000003707259;Media;ALTITUDE / ATENTO MADRID / SIN ACCESO;Cerrado;08/07/2025 16:43 a;CEP CAU AGI;08/07/2025 17:25;SOP_TECNICO_CALL_CENTER;4-Baja;Masiva;TEIDE_OSP_ICF
INC000003707269;Media;LIVEPERSON / MEDELLIN / ERROR FUNCIONAL;Cerrado;08/07/2025 18:01 a;CEP CAU AGI;08/07/2025 19:42;CEP CAU AGI;3-Medio;Masiva;SLN Teleperformance Medellin
INC000003707397;Media;PANGEA / ATAC JEREZ / ERROR FUNCIONAL;Cerrado;09/07/2025 12:22 a;CEP CAU AGI;10/07/2025 8:31;CEP CAU AGI;4-Baja;Masiva;MESA DE AYUDA GUADALAJARA
INC000003707934;Media;PRDIAS-23610LIVEPERSON / MEDELLIN / ERROR FUNCIONAL;Cerrado;09/07/2025 12:16 a;CEP CAU AGI;15/07/2025 17:36;DES_DJINGO;4-Baja;Masiva;SLN Teleperformance Medellin
INC000003707954;Media;FICHA DE CLIENTE / SALAMANCA / ERROR FUNCIONAL;Cerrado;09/07/2025 13:17 a;CEP CAU AGI;14/07/2025 8:08;CEP CAU AGI;4-Baja;Masiva;FIJO CAU ICFF
INC000003707977;Media;WEB DE INSTANCIA / JAZZPLAT COLOMBIA / ERROR FUNCIONAL;Cerrado;09/07/2025 14:47 a;CEP CAU AGI;04/08/2025 8:24;CEP CAU AGI;4-Baja;Masiva;MESA DE AYUDA COLOMBIA
INC000003708046;Media;LIVE PERSON / LEON / ERROR FUNCIONAL;Cerrado;09/07/2025 12:40 a;CEP CAU AGI;09/07/2025 15:09;SOP_DJINGO;3-Medio;Masiva;CALLCENTER_TRANSCOM_LEON
INC000003708051;Media;PAE / MAJOREL SALAMANCA / SIN ACCESO;Cerrado;09/07/2025 12:45 a;CEP CAU AGI;14/07/2025 8:07;CEP CAU AGI;4-Baja;Masiva;APL_CON_DESA_SERVICIO_ICF
INC000003708055;Media;LIVEPERSON / MEDELLIN / ERROR FUNCIONAL;Cerrado;09/07/2025 12:52 a;CEP CAU AGI;14/07/2025 8:07;CEP CAU AGI;4-Baja;Masiva;SLN Teleperformance Medellin
INC000003708063;Media;LIVEPERSON / KONECTA SEVILLA / ERROR FUNCIONAL;Cerrado;09/07/2025 13:14 a;CEP CAU AGI;09/07/2025 15:28;SOP_DJINGO;3-Medio;Masiva;CALLCENTER_KONECTA_SEVILLA
INC000003708067;Alta;IP24 / LA FINCA / ERROR FUNCIONAL;Cerrado;09/07/2025 13:01 a;CEP CAU AGI;10/07/2025 19:30;APL_MOV_SOE;2-Alta;Masiva;MESA DE AYUDA GUADALAJARA
INC000003708310;Media;FICHA DE CLIENTE / KONECTA SEVILLA. / ERROR FUNCIONAL;Cerrado;09/07/2025 13:46 a;CEP CAU AGI;07/08/2025 7:52;DES_SOE_FICHA;4-Baja;Masiva;CALLCENTER_KONECTA_SEVILLA
INC000003708329;Media;DJINGO / CONTROL ROOM / ERROR FUNCIONAL;Cerrado;09/07/2025 13:52 a;CEP CAU AGI;14/07/2025 8:09;CEP CAU AGI;4-Baja;Masiva;FIJO CAU ICFF
INC000003708515;Media;PANGEA / ATAC JEREZ / ERROR FUNCIONAL;Cerrado;09/07/2025 14:52 a;CEP CAU AGI;23/07/2025 9:23;DES_SOE_PANGEA;4-Baja;Masiva;MESA DE AYUDA GUADALAJARA
INC000003708600;Alta;HELIO / PROVISION / SIN ACCESO;Cerrado;10/07/2025 9:44 a;CEP CAU AGI;10/07/2025 10:34;Soporte Helio;2-Alta;Masiva;NEG_PROV_ORANGE
INC000003708738;Media;FICHA DE CLIENTE / MEDELLIN / ERROR FUNCIONAL;Cerrado;09/07/2025 19:34 a;CEP CAU AGI;15/07/2025 12:18;CEP CAU AGI;4-Baja;Masiva;SLN Teleperformance Medellin
INC000003708764;Media;DJINGO / CONTROL ROOM / ERROR FUNCIONAL;Cerrado;10/07/2025 9:00 a;CEP CAU AGI;10/07/2025 9:41;SOP_DJINGO;4-Baja;Masiva;FIJO CAU ICFF
INC000003708775;Media;PANGEA // ATAC SALAMANCA // ERROR FUNCIONAL;Cerrado;10/07/2025 9:54 a;CEP CAU AGI;23/07/2025 10:11;DES_SOE_PANGEA;4-Baja;Masiva;NEG_PROVISION_PYME
INC000003708860;Media;FICHA DE CLIENTE / FOUNDEVER / ERROR FUNCIONAL;Cerrado;10/07/2025 11:46 a;CEP CAU AGI;14/07/2025 14:42;APL_MOV_SOE;4-Baja;Masiva;FIJO CAU ICFF
INC000003709252;Media;CRM / BOGOTA / ERROR FUNCIONAL;Cerrado;10/07/2025 11:52 a;CEP CAU AGI;14/07/2025 8:16;CEP CAU AGI;4-Baja;Masiva;MESA DE AYUDA COLOMBIA
INC000003709444;Alta;GDU/ACM/ ERROR FUNCIONAL;Cerrado;10/07/2025 11:41 a;OPER_Soporte_GdU;10/07/2025 11:43;OPER_Soporte_GdU;3-Medio;Masiva;FRONTOFFICE
INC000003709479;Alta;DEGRADACIÓN / FICHA CLIENTE / SL2;Cerrado;10/07/2025 13:58 a;CEP CAU AGI;14/07/2025 8:15;CEP CAU AGI;1-Crítica;Masiva;APL_CON_DESA_SERVICIO_ICF
INC000003709557;Media;PRDIAS-23628 LIVEPERSON / KONECTA SEVILLA;Cerrado;10/07/2025 14:28 a;CEP CAU AGI;24/07/2025 7:59;SOP_LIVEPERSON;3-Medio;Masiva;CALLCENTER_KONECTA_SEVILLA
INC000003709828;Alta;DEGRADACIÓN / CATALOGO CORPORATIVO / SL2;Cerrado;10/07/2025 16:18 a;CEP CAU AGI;14/07/2025 8:15;CEP CAU AGI;1-Crítica;Masiva;Soporte CCA
INC000003710034;Media;CATALOGO CORPORATIVO / LA FINCA / ERROR FUNCIONAL;Cerrado;10/07/2025 19:24 a;CEP CAU AGI;11/07/2025 12:15;FIJO APL Mto. Catalogo;4-Baja;Masiva;Soporte CCA
INC000003710395;Alta;PANGEA / ATAC JEREZ / ERROR FUNCIONAL;Cerrado;11/07/2025 13:28 a;CEP CAU AGI;13/07/2025 10:59;CEP CAU AGI;2-Alta;Masiva;MESA DE AYUDA GUADALAJARA
INC000003710735;Media;FICHA DE CLIENTE / FOUNDEVER / ERROR FUNCIONAL;Cerrado;11/07/2025 12:58 a;CEP CAU AGI;14/07/2025 9:50;NEG_CONTENIDOS;4-Baja;Masiva;FIJO CAU ICFF
INC000003710739;Media;DEGRADACIÓN / PANGEA / SL3;Cerrado;11/07/2025 13:13 a;CEP CAU AGI;15/07/2025 10:45;APL_MOV_SOE;4-Baja;Masiva;MESA DE AYUDA GUADALAJARA
INC000003711148;Media;GDU / BOGOTA / ERROR FUNCIONAL;Cerrado;11/07/2025 18:00 a;CEP CAU AGI;14/07/2025 8:13;CEP CAU AGI;3-Medio;Masiva;MESA DE AYUDA COLOMBIA
INC000003711173;Media;FICHA DE CLIENTE / KONECTA SEVILLA / ERROR FUNCIONAL;Cerrado;13/07/2025 18:00 a;CEP CAU AGI;21/07/2025 11:27;CEP CAU AGI;4-Baja;Masiva;CALLCENTER_KONECTA_SEVILLA
INC000003711445;Media;CRM JAZZTEL // MEDELLIN // LENTITUD;Cerrado;14/07/2025 9:26 a;CEP CAU AGI;14/07/2025 10:16;CEP CAU AGI;4-Baja;Masiva;ATC_MADRID_MASIVO
INC000003711485;Media;CRM JAZZTEL // ATOS // ERROR FUNCIONAL;Cerrado;14/07/2025 11:49 a;CEP CAU AGI;28/07/2025 8:03;CEP CAU AGI;4-Baja;Masiva;SOP_BIGDATA_MEDIATION
INC000003712312;Media;CERES // OVIEDO // ERROR FUNCIONAL;Cerrado;14/07/2025 10:10 a;CEP CAU AGI;14/07/2025 12:50;GC SGP Movil;3-Medio;Masiva;OEST - SL
INC000003712668;Media;VERINT / SOFTTEK MADRID / ERROR FUNCIONAL;Cerrado;14/07/2025 16:33 a;CEP CAU AGI;16/07/2025 9:21;SOP_TECNICO_CALL_CENTER;4-Baja;Masiva;TEIDE_OSP_ICF
INC000003713062;Media;FICHA DE CLIENTE // GUADALAJARA // ERROR FUNCIONAL;Cerrado;15/07/2025 9:28 a;CEP CAU AGI;28/07/2025 9:00;DES_SOE_FICHA;4-Baja;Masiva;EDS_MTO
INC000003713099;Media;FICHA DE CLIENTE // MARKTEL VALENCIA // ERROR FUNCIONAL;Cerrado;15/07/2025 12:02 a;CEP CAU AGI;16/07/2025 9:14;NEG_CONTENIDOS;3-Medio;Masiva;SLN Marktel Valencia
INC000003713111;Media;FICHA DE CLIENTE / FOUNDEVER SEVILLA  / ERROR FUNCIONAL;Cerrado;14/07/2025 18:15 a;CEP CAU AGI;14/07/2025 19:24;APL_MOV_SOE;4-Baja;Masiva;TEIDE_OSP_ICF
INC000003714160;Media;DJINGO / CONTROL ROOM / ERROR FUNCIONAL;Cerrado;15/07/2025 18:03 a;CEP CAU AGI;16/07/2025 9:16;SOP_DJINGO;4-Baja;Masiva;TEIDE_OSP_ICF
INC000003714163;Media;CATALOGO CORPORATIVO / LA FINCA / ERROR FUNCIONAL;Cerrado;15/07/2025 18:03 a;CEP CAU AGI;15/07/2025 21:03;CEP CAU AGI;4-Baja;Masiva;Soporte CCA
INC000003714716;Media;DEGRADACIÓN\EPSILON\SL3;Cerrado;16/07/2025 9:14 a;RTV-TECSE RED DATOS;16/07/2025 10:49;SOP_TECNICO_OSS;4-Baja;Masiva;Operador (A.G.I.)
INC000003714990;Media;VERINT // LEÓN // ERROR FUNCIONAL;Cerrado;16/07/2025 14:48 a;CEP CAU AGI;16/07/2025 17:01;SOP_TECNICO_CALL_CENTER;3-Medio;Masiva;CALLCENTER_TRANSCOM_LEON
INC000003715385;Media;IP24 // GUADALAJARA // ERROR FUNCIONAL;Cerrado;17/07/2025 9:24 a;CEP CAU AGI;17/07/2025 14:53;NEG_CAMP_CERES;4-Baja;Masiva;NEG_PROVISION_PYME
INC000003716388;Media;IVR / CONTROL ROOM / ERROR FUNCIONAL;Cerrado;17/07/2025 17:43 a;CEP CAU AGI;18/07/2025 7:50;SOP_TECNICO_CALL_CENTER;4-Baja;Masiva;TEIDE_OSP_ICF
INC000003716428;Media;FICHA DE CLIENTE // JCP2CALL // ERROR FUNCIONAL;Cerrado;17/07/2025 12:31 a;CEP CAU AGI;28/07/2025 8:04;CEP CAU AGI;3-Medio;Masiva;SOP_SMC_AULA_CIMA
INC000003716518;Media;PANGEA // ATAC Jerez // ERROR FUNCIONAL;Cerrado;17/07/2025 13:14 a;CEP CAU AGI;22/07/2025 14:56;TEIDE_OSP_Soporte_Tecnico;4-Baja;Masiva;MESA DE AYUDA GUADALAJARA
INC000003717315;Media;FICHA DE CLIENTE // LEÓN // ERROR FUNCIONAL;Cerrado;18/07/2025 9:44 a;CEP CAU AGI;18/07/2025 10:53;APL_MOV_SOE;3-Medio;Masiva;CALLCENTER_TRANSCOM_LEON
INC000003717332;Media;ALTITUDE //  GUADALAJARA // ERROR FUNCIONAL;Cerrado;18/07/2025 11:27 a;CEP CAU AGI;21/07/2025 11:05;SOP_TECNICO_CALL_CENTER;4-Baja;Masiva;MESA DE AYUDA GUADALAJARA
INC000003717383;Media;PRDIAS-23731 LIVEPERSON // MAJOREL JEREZ // ERROR FUNCIONAL;Cerrado;18/07/2025 15:05 a;CEP CAU AGI;04/08/2025 8:25;CEP CAU AGI;3-Medio;Masiva;APL_CON_DESA_SERVICIO_ICF
INC000003717606;Media;GDU / ACM // CAU // ERROR FUNCIONAL;Cerrado;18/07/2025 16:37 a;FRONTOFFICE;19/07/2025 13:38;OPER_Soporte_GdU;3-Medio;Masiva;FRONTOFFICE
INC000003717641;Media;GDU // BOGOTA // SIN ACCESO;Cerrado;19/07/2025 16:08 a;CEP CAU AGI;19/07/2025 18:43;OPER_Soporte_GdU;3-Medio;Masiva;MESA DE AYUDA COLOMBIA
INC000003717667;Media;[2025R7] - FICHA DE CLIENTE // KONECTA SEVILLA // ERROR FUNCIONAL;Cerrado;20/07/2025 12:18 a;CEP CAU AGI;20/07/2025 15:42;DES_SOE_FICHA;3-Medio;Masiva;CALLCENTER_KONECTA_SEVILLA
INC000003717790;Media;POLAR / APPLUS / ERROR FUNCIONAL;Cerrado;21/07/2025 9:19 a;CEP CAU AGI;24/07/2025 12:35;SOP_TMC_GIROS;4-Baja;Masiva;ST_FTTH
INC000003717805;Media;LIVEPERSON / MEDELLIN / ERROR FUNCIONAL;Cerrado;18/07/2025 15:40 a;CEP CAU AGI;21/07/2025 11:27;CEP CAU AGI;3-Medio;Masiva;ATC_MADRID_MASIVO
INC000003717807;Media;REMEDY / GUADALAJARA / LENTITUD;Cerrado;18/07/2025 16:18 a;CEP CAU AGI;21/07/2025 11:27;CEP CAU AGI;4-Baja;Masiva;MESA DE AYUDA GUADALAJARA
INC000003718038;Media;[2025R7] - ALTAIR MOVIL // GUADAJALARA // ERROR FUNCIONAL;Cerrado;20/07/2025 10:10 a;CEP CAU AGI;20/07/2025 16:18;DESARROLLO MIDDLEWARE;3-Medio;Masiva;MESA DE AYUDA GUADALAJARA
INC000003718044;Media;[2025R7] - FICHA DE CLIENTE // FOUNDEVER SEVILLA // ERROR FUNCIONAL;Cerrado;20/07/2025 11:24 a;CEP CAU AGI;20/07/2025 18:26;DES_SOE_FICHA;3-Medio;Masiva;TEIDE_OSP_ICF
INC000003718054;Media;[2025R7] - FICHA CLIENTE MM // MEDELLIN // ERROR FUNCIONAL;Cerrado;20/07/2025 15:10 a;CEP CAU AGI;21/07/2025 13:34;DES_SOE_FDCMM;4-Baja;Masiva;SLN Teleperformance Medellin
INC000003719108;Media;FICHA DE CLIENTE / MAJOREL JEREZ // ERROR FUNCIONAL;Cerrado;21/07/2025 9:48 a;CEP CAU AGI;21/07/2025 15:01;CEP CAU AGI;4-Baja;Masiva;Soporte CCA
INC000003719294;Media;[2025R7] FICHA DE CLIENTES // FOUNDEVER SEVILLA // ERROR FUNCIONAL;Cerrado;21/07/2025 14:16 a;CEP CAU AGI;28/07/2025 8:05;CEP CAU AGI;4-Baja;Masiva;CALLCENTER_SITEL_SEVILLA
INC000003719429;Media;[2025R7] IP24 / FOUNDEVER SEVILLA / ERROR FUNCIONAL;Cerrado;21/07/2025 13:40 a;CEP CAU AGI;28/07/2025 8:04;CEP CAU AGI;4-Baja;Masiva;FIJO CAU ICFF
INC000003719488;Media;[2025R7] FICHA DE CLIENTE // BOSCH // ERROR FUNCIONAL;Cerrado;21/07/2025 17:21 a;CEP CAU AGI;22/07/2025 10:17;TEIDE_OSP_Soporte_Tecnico;4-Baja;Masiva;TEIDE_OSP_ICF
INC000003719702;Media;FICHA DE CLIENTE // SEVILLA // ERROR FUNCIONAL;Cerrado;21/07/2025 14:35 a;CEP CAU AGI;07/08/2025 7:39;DES_SOE_FICHA;4-Baja;Masiva;TEIDE_OSP_ICF
INC000003719915;Media;IVR // ISGF MURCIA // ERROR FUNCIONAL;Cerrado;21/07/2025 17:18 a;CEP CAU AGI;31/07/2025 10:54;SOP_NABOO;4-Baja;Masiva;SLN ISGF Murcia
INC000003719952;Media;LIVEPERSON / GUADALAJARA / ERROR FUNCIONAL;Cerrado;22/07/2025 9:33 a;CEP CAU AGI;28/07/2025 8:06;CEP CAU AGI;3-Medio;Masiva;MESA DE AYUDA GUADALAJARA
INC000003719953;Media;PANGEA / JAZZTEL DISTRIBUCION / ERROR FUNCIONAL;Cerrado;22/07/2025 9:40 a;CEP CAU AGI;22/07/2025 16:05;SOP_BSS_JAZZTEL;4-Baja;Masiva;PROC_CAD
INC000003720192;Crítica;INDISPONIBILIDAD / USUARIOS COSMOS / SL1;Cerrado;22/07/2025 12:18 a;CEP CAU AGI;28/07/2025 8:07;CEP CAU AGI;2-Alta;Masiva;MESA DE AYUDA GUADALAJARA
INC000003720613;Media;CRM JAZZTEL // MARKTEL VALENCIA // ERROR FUNCIONAL;Cerrado;22/07/2025 11:52 a;CEP CAU AGI;04/08/2025 8:25;CEP CAU AGI;4-Baja;Masiva;SLN Marktel Valencia
INC000003720632;Media;FICHA DE CLIENTE // MARKTEL  VALENCIA // ERROR FUNCIONAL;Cerrado;22/07/2025 12:40 a;CEP CAU AGI;28/07/2025 8:07;CEP CAU AGI;4-Baja;Masiva;SLN Marktel Valencia
INC000003720645;Media;CRM JAZZTEL // LA FINCA // ERROR FUNCIONAL;Cerrado;22/07/2025 13:19 a;CEP CAU AGI;04/08/2025 8:26;CEP CAU AGI;4-Baja;Masiva;USU_GEST_JAZZPLAT
INC000003720671;Media;CATALOGO CORPORATIVO // LA FINCA // ERROR FUNCIONAL;Cerrado;22/07/2025 14:51 a;CEP CAU AGI;22/07/2025 20:32;CEP CAU AGI;4-Baja;Masiva;Soporte CCA
INC000003720805;Media;BSCS / SALAMANCA / ERROR FUNCIONAL;Cerrado;22/07/2025 11:57 a;CEP CAU AGI;28/07/2025 8:36;GC FACTURACION 1;4-Baja;Masiva;SLN Arvato Salamanca
INC000003720854;Alta;DEGRADACIÓN // SAP LOGISTICA // SL2;Cerrado;22/07/2025 14:52 a;CEP CAU AGI;28/07/2025 8:08;CEP CAU AGI;2-Alta;Masiva;DES_SAP_BASIS
INC000003720897;Media;IP24 // GUADALAJARA // ERROR FUNCIONAL;Cerrado;22/07/2025 19:27 a;CEP CAU AGI;25/08/2025 8:02;CEP CAU AGI;4-Baja;Masiva;NEG_PROVISION_PYME
INC000003720968;Media;FICHA DE CLIENTE / MAJOREL JEREZ / ERROR FUNCIONAL;Cerrado;22/07/2025 15:37 a;CEP CAU AGI;22/07/2025 19:16;APL_MOV_SOE;4-Baja;Masiva;APL_CON_DESA_SERVICIO_ICF
INC000003721358;Media;WEB DE INSTANCIAS / ISGF MURCIA / ERROR FUNCIONAL;Cerrado;23/07/2025 9:40 a;CEP CAU AGI;23/07/2025 12:16;SOP_TECNICO_CALL_CENTER;4-Baja;Masiva;FIJO CAU ICFF
INC000003721485;Media;LIVEPERSON // BOGOTA // ERROR FUNCIONAL;Cerrado;23/07/2025 11:42 a;CEP CAU AGI;28/07/2025 8:08;CEP CAU AGI;3-Medio;Masiva;MESA DE AYUDA COLOMBIA
INC000003721696;Media;ALTITUDE / KONECTA SEVILLA / ERROR FUNCIONAL;Cerrado;23/07/2025 11:57 a;CEP CAU AGI;28/07/2025 8:09;CEP CAU AGI;4-Baja;Masiva;CALLCENTER_KONECTA_SEVILLA
INC000003721700;Media;DJINGO / CONTROL ROOM / ERROR FUNCIONAL;Cerrado;23/07/2025 12:04 a;CEP CAU AGI;28/07/2025 8:10;CEP CAU AGI;4-Baja;Masiva;FIJO CAU ICFF
INC000003722345;Media;FICHA DE CLIENTE // OVIEDO - GUADALAJARA // ERROR FUNCIONAL;Cerrado;23/07/2025 15:38 a;CEP CAU AGI;13/08/2025 14:28;DES_SOE_FICHA;4-Baja;Masiva;OEST - SL
INC000003722371;Media;FICHA DE CLIENTE // MAJOREL JEREZ // ERROR FUNCIONAL;Cerrado;23/07/2025 17:59 a;CEP CAU AGI;05/08/2025 10:12;DES_SOE_FICHA;4-Baja;Masiva;APL_CON_DESA_SERVICIO_ICF
INC000003722387;Media;DJINGO // KONECTA MADRID // ERROR FUNCIONAL;Cerrado;23/07/2025 21:48 a;CEP CAU AGI;28/07/2025 8:11;CEP CAU AGI;4-Baja;Masiva;PROC_CAD
INC000003722423;Media;PORTOS // OEST OVIEDO // ERROR FUNCIONAL;Cerrado;23/07/2025 14:09 a;CEP CAU AGI;28/07/2025 8:10;CEP CAU AGI;4-Baja;Masiva;OEST - SL
INC000003722602;Media;AGORA / ATAC GUADALAJARA / PUNTOS CLIENTES;Cerrado;23/07/2025 12:48 a;CEP CAU AGI;24/07/2025 15:13;NEG_CAMP_CERES;4-Baja;Masiva;NEG_PROVISION_PYME
INC000003723116;Media;PRDIAS-23778 LIVEPERON / GUADALAJARA / ERROR FUNCIONAL;Cerrado;24/07/2025 9:50 a;CEP CAU AGI;30/07/2025 11:08;DES_DJINGO;3-Medio;Masiva;MESA DE AYUDA GUADALAJARA
INC000003723147;Media;ORANGE ROD // LEON // ERROR FUNCIONAL;Cerrado;24/07/2025 12:14 a;CEP CAU AGI;28/07/2025 8:12;CEP CAU AGI;4-Baja;Masiva;CALLCENTER_TRANSCOM_LEON
INC000003723432;Media;REMEDY / GUADALAJARA / LENTITUD;Cerrado;24/07/2025 11:30 a;CEP CAU AGI;28/07/2025 8:12;CEP CAU AGI;4-Baja;Masiva;MESA DE AYUDA GUADALAJARA
INC000003723561;Media;ALTITUDE / BOGOTA / ERROR FUNCIONAL;Cerrado;24/07/2025 13:13 a;CEP CAU AGI;28/07/2025 13:09;SOP_TECNICO_CALL_CENTER;4-Baja;Masiva;MESA DE AYUDA COLOMBIA
INC000003723590;Media;FICHA DE CLIENTE // OEST OVIEDO // ERROR FUNCIONAL;Cerrado;24/07/2025 15:31 a;CEP CAU AGI;07/08/2025 7:39;DES_SOE_FICHA;4-Baja;Masiva;OEST - SL
INC000003723815;Media;PRDIAS-23787 LIVEPERSON // KONECTA SEVILLA // ERROR FUNCIONAL;Cerrado;24/07/2025 19:05 a;CEP CAU AGI;04/08/2025 13:19;DES_DJINGO;4-Baja;Masiva;CALLCENTER_KONECTA_SEVILLA
INC000003723892;Media;CRM JAZZTEL // MARKTEL VALENCIA // ERROR FUNCIONAL;Cerrado;25/07/2025 15:09 a;CEP CAU AGI;28/07/2025 8:13;CEP CAU AGI;4-Baja;Masiva;SLN Marktel Valencia
INC000003723893;Alta;FICHA DE CLIENTE // OEST OVIEDO // ERROR FUNCIONAL;Cerrado;25/07/2025 15:37 a;CEP CAU AGI;28/07/2025 8:14;CEP CAU AGI;1-Crítica;Masiva;OEST - SL
INC000003724125;Media;[IP24] / ATAC GUADALAJARA / ERROR FUNCIONAL;Cerrado;25/07/2025 9:38 a;CEP CAU AGI;25/07/2025 10:42;SOP_SMC_TEIDE;4-Baja;Masiva;NEG_PROVISION_PYME
INC000003724447;Alta;DEGRADACION/APP ORANGE /SL2;Cerrado;25/07/2025 13:34 a;CEP CAU AGI;29/07/2025 12:03;CEP CAU AGI;3-Medio;Masiva;CALLCENTER_KONECTA_SEVILLA
INC000003724824;Media;MIORANGE // OEST OVIEDO // ERROR FUNCIONAL;Cerrado;25/07/2025 18:36 a;CEP CAU AGI;28/07/2025 8:25;DES_ESHOP_FRONTEND_OSP;4-Baja;Masiva;OEST - SL
INC000003724838;Alta;FICHA DE CLIENTE / LEÓN / ERROR FUNCIONAL;Cerrado;26/07/2025 10:47 a;CEP CAU AGI;27/07/2025 22:12;CEP CAU AGI;4-Baja;Masiva;CALLCENTER_TRANSCOM_LEON
INC000003724960;Media;DJINGO / CONTROL ROOM / ERROR FUNCIONAL;Cerrado;26/07/2025 13:59 a;CEP CAU AGI;26/07/2025 15:31;SOP_DJINGO;3-Medio;Masiva;TEIDE_OSP_ICF
INC000003725210;Media;ALTITUDE / GUADALAJARA / ERROR FUNCIONAL;Cerrado;26/07/2025 11:13 a;CEP CAU AGI;27/07/2025 22:10;CEP CAU AGI;4-Baja;Masiva;MESA DE AYUDA GUADALAJARA
INC000003725275;Alta;DEGRADACIÓN / CHASIS-HP5 / SL2;Cerrado;28/07/2025 10:49 a;ADM. HWSAN;31/07/2025 1:45;ADM. HWSAN;2-Alta;Masiva;Atlas_Soporte_Linux_Vmware
INC000003725786;Alta;DEGRDACION / IP24 / SL2;Cerrado;28/07/2025 12:38 a;CEP CAU AGI;31/07/2025 15:38;SOP_SMC_BOREAL;3-Medio;Masiva;APL_CON_DESA_SERVICIO_ICF
INC000003726301;Media;FICHEROEUS//EUSKALTEL//ERRORFUNCIONAL;Cerrado;28/07/2025 11:40 a;FRONTOFFICE;28/07/2025 14:57;INTRANSIT;3-Medio;Masiva;FRONTOFFICE
INC000003726340;Media;LIVEPERSON // Lanalden (Derio y Bilbao) // ERROR FUNCIONAL;Cerrado;28/07/2025 14:21 a;CEP CAU AGI;28/07/2025 17:42;SOP_ASISTENTE;3-Medio;Masiva;SLN Arvato Salamanca
INC000003726346;Media;FICHA DE CLIENTE \ KONECTA SEVILLA / ERROR FUNCIONAL;Cerrado;28/07/2025 14:29 a;CEP CAU AGI;29/07/2025 14:39;CEP CAU AGI;4-Baja;Masiva;CALLCENTER_KONECTA_SEVILLA
INC000003726362;Media;FICHA DE CLIENTE / OEST OVIEDO / ERROR FUNCIONAL;Cerrado;28/07/2025 15:21 a;CEP CAU AGI;29/07/2025 23:15;APL_MOV_SOE;4-Baja;Masiva;OEST - SL
INC000003726538;Media;SGF / MAJOREL JEREZ / ERROR FUNCIONAL;Cerrado;28/07/2025 17:14 a;CEP CAU AGI;04/08/2025 8:26;CEP CAU AGI;4-Baja;Masiva;APL_CON_DESA_SERVICIO_ICF
INC000003726760;Media;COCO // ISGF MADRID // ERROR FUNCIONAL;Cerrado;29/07/2025 7:40 a;CEP CAU AGI;29/07/2025 9:13;Control de Consumo;3-Medio;Masiva;SLN ISGF Murcia
INC000003726766;Alta;DEGRADACIÓN // FICHA DE CLIENTE // SL2;Cerrado;29/07/2025 8:11 a;CEP CAU AGI;04/08/2025 8:27;CEP CAU AGI;1-Crítica;Masiva;MESA DE AYUDA GUADALAJARA
INC000003726786;Media;PRDIAS-23822 DJINGO // CONTROLROOM // ERROR FUNCIONAL;Cerrado;29/07/2025 9:17 a;CEP CAU AGI;27/08/2025 14:36;DES_DJINGO;3-Medio;Masiva;SOP_SMC_AULA_CIMA
INC000003726853;Media;FICHA DE CLIENTE / OEST OVIEDO / ERROR FUNCIONAL;Cerrado;28/07/2025 19:42 a;CEP CAU AGI;30/07/2025 11:28;SOP_TMC_EXCALIBUR;3-Medio;Masiva;OEST - SL
INC000003727412;Media;FICHA DE CLIENTE // MAJOREL JEREZ // ERROR FUNCIONAL;Cerrado;29/07/2025 10:42 a;CEP CAU AGI;30/07/2025 7:08;SOP_TMC_FDCS;3-Medio;Masiva;APL_CON_DESA_SERVICIO_ICF
INC000003727435;Media;IVR //  ISGF MURCIA // ERROR FUNCIONAL;Cerrado;29/07/2025 11:53 a;CEP CAU AGI;31/07/2025 10:55;SOP_NABOO;4-Baja;Masiva;SLN ISGF Murcia
INC000003727453;Media;VIVEORANGE // CONTROLROOM // SIN ACCESO;Cerrado;29/07/2025 13:09 a;CEP CAU AGI;31/07/2025 10:03;CEP CAU AGI;3-Medio;Masiva;SOP_SMC_AULA_CIMA
INC000003727513;Media;PRDIAS-23935 LIVEPERSON //  KONECTA SEVILLA // ERROR FUNCIONAL;Cerrado;29/07/2025 10:46 a;CEP CAU AGI;18/08/2025 8:29;CEP CAU AGI;3-Medio;Masiva;CALLCENTER_KONECTA_SEVILLA
INC000003727528;Media;CRM JAZZTEL // MEDELLIN // LENTITUD;Cerrado;29/07/2025 11:39 a;CEP CAU AGI;29/07/2025 19:16;SOP_BSS_JAZZTEL;4-Baja;Masiva;ATC_MADRID_MASIVO
INC000003727786;Alta;GDU/ACM/ ERROR FUNCIONAL;Cerrado;29/07/2025 16:18 a;OPER_Soporte_GdU;29/07/2025 17:26;OPER_Soporte_GdU;3-Medio;Masiva;FRONTOFFICE
INC000003728007;Media;GDU / JAZZPLAT COLOMBIA / LENTITUD;Cerrado;29/07/2025 16:22 a;CEP CAU AGI;30/07/2025 10:05;OPER_Soporte_GdU;3-Medio;Masiva;MESA DE AYUDA COLOMBIA
INC000003728040;Media;PRDIAS-23831 LIVEPERSON / FOUNDEVER SEVILLA / ERROR FUNCIONAL;Cerrado;29/07/2025 21:16 a;CEP CAU AGI;04/08/2025 8:27;CEP CAU AGI;4-Baja;Masiva;TEIDE_OSP_ICF
INC000003728055;Media;FICHA DE CLIENTE // BOSCH VIGO // ERROR FUNCIONAL;Cerrado;30/07/2025 8:34 a;CEP CAU AGI;04/08/2025 8:28;CEP CAU AGI;3-Medio;Masiva;SOP_SMC_AULA_CIMA
INC000003728062;Media;LIVEPERSON // MEDELLIN // ERROR FUNCIONAL;Cerrado;30/07/2025 9:12 a;CEP CAU AGI;30/07/2025 12:38;SOP_ASISTENTE;3-Medio;Masiva;ATC_MADRID_MASIVO
INC000003728907;Media;LIVEPERSON // Bilbao y Derio // ERROR FUNCIONAL;Cerrado;30/07/2025 11:38 a;CEP CAU AGI;30/07/2025 12:24;SOP_ASISTENTE;3-Medio;Masiva;SLN Arvato Salamanca
INC000003728924;Media;LIVEPERSON // MEDELLIN // ERROR FUNCIONAL;Cerrado;30/07/2025 12:44 a;CEP CAU AGI;30/07/2025 14:01;SOP_ASISTENTE;3-Medio;Masiva;ATC_MADRID_MASIVO
INC000003728995;Media;DJINGO / CONTROL ROOM / ERROR FUNCIONAL;Cerrado;30/07/2025 18:56 a;CEP CAU AGI;04/08/2025 8:28;CEP CAU AGI;3-Medio;Masiva;TEIDE_OSP_ICF
INC000003729089;Media;LIVEPERSON / MEDELLIN / ERROR FUNCIONAL;Cerrado;30/07/2025 18:55 a;CEP CAU AGI;30/07/2025 20:59;SOP_LIVEPERSON;3-Medio;Masiva;ATC_MADRID_MASIVO
INC000003729226;Media;FICHA CLIENTE MM / MEDELLIN / ERROR FUNCIONAL;Cerrado;30/07/2025 14:11 a;CEP CAU AGI;18/08/2025 9:11;CEP CAU AGI;4-Baja;Masiva;SLN Teleperformance Medellin
INC000003729637;Media;LIVEPERSON // MEDELLIN // ERROR FUNCIONAL;Cerrado;31/07/2025 10:22 a;CEP CAU AGI;29/08/2025 10:48;CEP CAU AGI;3-Medio;Masiva;ATC_MADRID_MASIVO
INC000003729824;Media;GDU / ACM // CAU // ERROR FUNCIONAL;Cerrado;31/07/2025 9:37 a;FRONTOFFICE;31/07/2025 10:16;OPER_Soporte_GdU;3-Medio;Masiva;FRONTOFFICE
INC000003729834;Media;COCO // ISGF MADRID // ERROR FUNCIONAL;Cerrado;31/07/2025 10:11 a;CEP CAU AGI;31/07/2025 11:27;Control de Consumo;3-Medio;Masiva;SLN ISGF Murcia
INC000003729857;Media;LIVEPERSON // ISGF MURCIA // ERROR FUNCIONAL;Cerrado;31/07/2025 11:52 a;CEP CAU AGI;31/07/2025 13:04;SOP_DJINGO;3-Medio;Masiva;SLN ISGF Murcia
INC000003730242;Media;FICHA DE CLIENTE // MAJOREL JEREZ // ERROR FUNCIONAL;Cerrado;31/07/2025 11:45 a;CEP CAU AGI;15/09/2025 7:59;CEP CAU AGI;3-Medio;Masiva;APL_CON_DESA_SERVICIO_ICF
INC000003730369;Media;CRM JAZZTEL // MEDELLIN // LENTITUD;Cerrado;31/07/2025 13:46 a;CEP CAU AGI;04/08/2025 10:59;SOP_BSS_JAZZTEL;4-Baja;Masiva;ATC_MADRID_MASIVO
INC000003730525;Media;[IP24] / GUADALAJARA / ERROR FUNCIONAL;Cerrado;31/07/2025 16:42 a;CEP CAU AGI;21/08/2025 0:00;DES_TEIDE;4-Baja;Masiva;NEG_PROVISION_PYME
INC000003730562;Media;FICHA CLIENTE MM // MEDELLIN // ERROR FUNCIONAL;Cerrado;01/08/2025 8:59 a;CEP CAU AGI;04/08/2025 14:54;APL_MOV_SOE;4-Baja;Masiva;ATC_MADRID_MASIVO
INC000003730783;Media;IVR // CONTROLROOM // ERROR FUNCIONAL;Cerrado;01/08/2025 9:56 a;CEP CAU AGI;01/08/2025 11:20;SOP_TECNICO_CALL_CENTER;4-Baja;Masiva;SOP_SMC_AULA_CIMA
INC000003730789;Media;FICHA DE CLIENTE // KONECTA SEVILLA ERROR FUNCIONAL;Cerrado;01/08/2025 10:27 a;CEP CAU AGI;04/08/2025 8:30;CEP CAU AGI;3-Medio;Masiva;CALLCENTER_KONECTA_SEVILLA
INC000003730939;Media;FICHA CLIENTE JAZZTEL// ISGF MURCIA // ERROR FUNCIONAL;Cerrado;01/08/2025 9:40 a;CEP CAU AGI;01/08/2025 12:05;CEP CAU AGI;4-Baja;Masiva;SLN ISGF Murcia
INC000003730963;Alta;IP24 / ATAC JEREZ / LENTITUD;Cerrado;01/08/2025 11:03 a;CEP CAU AGI;01/08/2025 14:40;GC MIDDLEWARE;3-Medio;Masiva;APL_CON_DESA_SERVICIO_ICF
INC000003731153;Media;LIVEPERSON \\ KONECTA SEVILLA // ERROR FUNCIONAL;Cerrado;01/08/2025 10:03 a;CEP CAU AGI;05/08/2025 9:39;CEP CAU AGI;3-Medio;Masiva;CALLCENTER_KONECTA_SEVILLA
INC000003731187;Media;FICHA DE CLIENTE // FOUNDEVER // ERROR FUNCIONAL;Cerrado;01/08/2025 11:27 a;CEP CAU AGI;01/08/2025 12:49;APL_MOV_SOE;4-Baja;Masiva;SOP_SMC_AULA_CIMA
INC000003731414;Alta;IP24 // FOUNDEVER // ERROR FUNCIONAL;Cerrado;01/08/2025 11:17 a;CEP CAU AGI;04/08/2025 8:30;CEP CAU AGI;3-Medio;Masiva;SOP_SMC_AULA_CIMA
INC000003731744;Media;DJINGO / CONTROL ROOM / ERROR FUNCIONAL;Cerrado;01/08/2025 16:52 a;CEP CAU AGI;04/08/2025 8:31;CEP CAU AGI;4-Baja;Masiva;TEIDE_OSP_ICF
INC000003731858;Media;PRDIAS-23857 DJINGO / CONTROL ROOM / ERROR FUNCIONAL;Cerrado;02/08/2025 11:17 a;CEP CAU AGI;27/08/2025 14:36;DES_DJINGO;4-Baja;Masiva;TEIDE_OSP_ICF
INC000003731860;Alta;DEGRADACION / CUALIFICACION CAMPAÑAS / SL2;Cerrado;02/08/2025 11:32 a;CEP CAU AGI;02/08/2025 13:28;APL_MOV_CERES;2-Alta;Masiva;OEST - SL
INC000003731874;Media;WEB INSTANCIAS  / MEDELLIN /ERROR FUNCIONAL;Cerrado;03/08/2025 11:10 a;CEP CAU AGI;03/08/2025 12:17;SOP_TECNICO_CALL_CENTER;4-Baja;Masiva;ATC_MADRID_MASIVO
INC000003731923;Media;PRDIAS-23856 LIVEPERSON / OEST OVIEDO / ERROR FUNCIONAL;Cerrado;01/08/2025 16:23 a;CEP CAU AGI;07/08/2025 7:55;DES_DJINGO;3-Medio;Masiva;OEST - SL
INC000003731936;Media;CRM JAZZTEL / JAZZPLAT COLOMBIA / SIN ACCESO;Cerrado;01/08/2025 18:43 a;CEP CAU AGI;04/08/2025 8:31;CEP CAU AGI;4-Baja;Masiva;MESA DE AYUDA COLOMBIA
INC000003731947;Media;FICHA CLIENTE MM / MEDELLIN / ERROR FUNCIONAL;Cerrado;02/08/2025 10:25 a;CEP CAU AGI;05/08/2025 9:16;APL_MOV_SOE;4-Baja;Masiva;ATC_MADRID_MASIVO
INC000003732411;Media;GDU / MEDELLIN / NO ACCESO;Cerrado;03/08/2025 9:51 a;CEP CAU AGI;03/08/2025 10:30;OPER_Soporte_GdU;4-Baja;Masiva;ATC_MADRID_MASIVO
INC000003732969;Media;ALTITUDE // BOGOTA // ERROR FUNCIONAL;Cerrado;04/08/2025 12:08 a;CEP CAU AGI;04/08/2025 18:24;SOP_TECNICO_CALL_CENTER;4-Baja;Masiva;MESA DE AYUDA COLOMBIA
INC000003732989;Media;LIVEPERSON // CONTROL ROOM // ERROR FUNCIONAL;Cerrado;04/08/2025 14:04 a;CEP CAU AGI;04/08/2025 14:28;SOP_DJINGO;4-Baja;Masiva;TEIDE_OSP_ICF
INC000003733114;Media;IP24 / GUADALAJARA / ERROR FUNCIONAL;Cerrado;04/08/2025 10:38 a;CEP CAU AGI;07/08/2025 7:16;TEIDE_OSP_Soporte_Tecnico;4-Baja;Masiva;MESA DE AYUDA GUADALAJARA
INC000003733146;Media;FICHA DE CLIENTE // KONECTA SEVILLA // ERROR FUNCIONAL;Cerrado;04/08/2025 12:35 a;CEP CAU AGI;04/08/2025 15:26;APL_CON_GEA_INFR;3-Medio;Masiva;CALLCENTER_KONECTA_SEVILLA
INC000003733150;Media;FICHA DE CLIENTE // MEDELLIN // ERROR FUNCIONAL;Cerrado;04/08/2025 12:45 a;CEP CAU AGI;13/08/2025 10:42;DES_SOE_PANGEA;3-Medio;Masiva;ATC_MADRID_MASIVO
INC000003733278;Media;PRDIAS-23865 LIVEPERSON // MEDELLIN // ERROR FUNCIONAL;Cerrado;04/08/2025 14:57 a;CEP CAU AGI;05/08/2025 13:37;DES_DJINGO;4-Baja;Masiva;ATC_MADRID_MASIVO
INC000003733609;Media;PRDIAS-23864 LIVEPERSON // MURCIA // ERROR FUNCIONAL;Cerrado;04/08/2025 15:24 a;CEP CAU AGI;01/09/2025 9:27;CEP CAU AGI;4-Baja;Masiva;SLN ISGF Murcia
INC000003733848;Media;IP24 // TODAS // ERROR FUNCIONAL;Cerrado;05/08/2025 9:05 a;CEP CAU AGI;25/08/2025 8:02;CEP CAU AGI;4-Baja;Masiva;SOP_BIGDATA_MEDIATION
INC000003734463;Media;FICHEROEUS//EUSKALTEL//ERRORFUNCIONAL;Cerrado;05/08/2025 14:08 a;FRONTOFFICE;05/08/2025 14:25;INTRANSIT;3-Medio;Masiva;FRONTOFFICE
INC000003734630;Media;IP24 // LA FINCA // ERROR FUNCIONAL;Cerrado;05/08/2025 13:05 a;CEP CAU AGI;22/09/2025 7:02;CEP CAU AGI;4-Baja;Masiva;SOP_BIGDATA_MEDIATION
INC000003734692;Crítica;INDISPONIBILIDAD / FAILOVER BD / SL1;Cerrado;06/08/2025 5:04 a;RTV-TECSE RED DATOS;06/08/2025 23:22;Atlas_Soporte_BBDD;1-Crítica;Masiva;Operador (A.G.I.)
INC000003734701;Media;LIVEPERSON // FOUNDEVER // ERROR FUNCIONAL;Cerrado;05/08/2025 11:59 a;CEP CAU AGI;08/08/2025 14:33;SOP_DJINGO;4-Baja;Masiva;TEIDE_OSP_ICF
INC000003735013;Media;GDU // OEST OVIEDO // ERROR FUNCIONAL;Cerrado;05/08/2025 15:22 a;CEP CAU AGI;07/08/2025 18:15;OPER_Soporte_GdU;4-Baja;Masiva;OEST - SL
INC000003735112;Media;FICHA CLIENTE MM // BOGOTA // ERROR FUNCIONAL;Cerrado;05/08/2025 19:16 a;CEP CAU AGI;27/08/2025 11:06;DES_SOE_MICROSJZ;4-Baja;Masiva;MESA DE AYUDA COLOMBIA
INC000003735821;Media;IP24 // OEST OVIEDO // ERROR FUNCIONAL;Cerrado;06/08/2025 10:12 a;CEP CAU AGI;28/08/2025 9:08;DES_KRATOS;4-Baja;Masiva;OEST - SL
INC000003735838;Alta;SGP MOVIL / TODAS / ERROR FUNCIONAL;Cerrado;06/08/2025 10:47 a;CEP CAU AGI;08/08/2025 8:26;Desarrollo SGP;2-Alta;Masiva;TEIDE_OSP_ICF
INC000003735876;Media;FICHA DE CLIENTE / FOUNDEVER / ERROR FUNCIONAL;Cerrado;06/08/2025 12:28 a;CEP CAU AGI;06/08/2025 14:09;APL_MOV_SOE;2-Alta;Masiva;CALLCENTER_SITEL_SEVILLA
INC000003736480;Media;CRM JAZZTEL // MEDELLIN // ERROR FUNCIONAL;Cerrado;07/08/2025 9:23 a;CEP CAU AGI;07/08/2025 12:04;CEP CAU AGI;4-Baja;Masiva;ATC_MADRID_MASIVO
INC000003736520;Media;PAE / LA FINCA / ERROR FUNCIONAL;Cerrado;06/08/2025 15:58 a;CEP CAU AGI;25/08/2025 8:04;CEP CAU AGI;4-Baja;Masiva;Integraciones
INC000003736658;Media;LIVEPERSON / CONTROL ROOM / ERROR FUNCIONAL;Cerrado;07/08/2025 12:20 a;CEP CAU AGI;08/08/2025 9:16;SOP_DJINGO;4-Baja;Masiva;TEIDE_OSP_ICF
INC000003737972;Media;IP24 / KONECTA SEVILLA / ERROR FUNCIONAL;Cerrado;08/08/2025 12:47 a;CEP CAU AGI;19/08/2025 18:35;CEP CAU AGI;4-Baja;Masiva;CALLCENTER_KONECTA_SEVILLA
INC000003738053;Media;ALTAIR / KONECTA / ERROR FUNCIONAL;Cerrado;08/08/2025 12:40 a;CEP CAU AGI;11/08/2025 10:14;SOP_SMC_AURORA;3-Medio;Masiva;CALLCENTER_KONECTA_SEVILLA
INC000003738079;Media;ONURIS // GUADALAJARA // ERROR FUNCIONAL;Cerrado;08/08/2025 14:29 a;CEP CAU AGI;18/08/2025 10:35;CEP CAU AGI;4-Baja;Masiva;MESA DE AYUDA GUADALAJARA
INC000003738330;Media;IP24 / OEST OVIEDO / ERRO FUNCIONAL;Cerrado;08/08/2025 12:20 a;CEP CAU AGI;18/08/2025 9:38;CEP CAU AGI;4-Baja;Masiva;OEST - SL
INC000003738350;Media;PRDIAS-23916 LIVEPERSON / MEDELLIN / ERROR FUNCIONAL;Cerrado;08/08/2025 13:29 a;CEP CAU AGI;08/08/2025 15:48;SOP_DJINGO;3-Medio;Masiva;ATC_MADRID_MASIVO
INC000003738539;Media;PAE / LA FINCA / ERROR FUNCIONAL;Cerrado;08/08/2025 13:38 a;CEP CAU AGI;27/08/2025 14:37;NEG_CONTENIDOS;4-Baja;Masiva;Integraciones
INC000003738641;Media;OCEANE / LA FINCA / SIN ACCESO;Cerrado;09/08/2025 15:21 a;CEP CAU AGI;09/08/2025 19:53;CEP CAU AGI;3-Medio;Masiva;BO CLIENTE FINAL
INC000003738650;Media;PRDIAS-23934LIVEPERSON // MEDELLIN // ERROR FUNCIONAL;Cerrado;10/08/2025 15:48 a;CEP CAU AGI;18/08/2025 12:45;CEP CAU AGI;3-Medio;Masiva;ATC_MADRID_MASIVO
INC000003739003;Media;IP24 // TLP ATAC JEREZ // ERROR FUNCIONAL;Cerrado;08/08/2025 19:37 a;CEP CAU AGI;22/09/2025 7:02;CEP CAU AGI;4-Baja;Masiva;APL_CON_DESA_SERVICIO_ICF
INC000003740056;Media;GDU // KONECTA SEVILLA // LENTITUD;Cerrado;11/08/2025 16:14 a;CEP CAU AGI;11/08/2025 16:40;OPER_Soporte_GdU;4-Baja;Masiva;CALLCENTER_KONECTA_SEVILLA
INC000003740332;Media;FICHA DE CLIENTE / FOUNDEVER SEVILLA / ERROR FUNCIONAL;Cerrado;11/08/2025 14:12 a;CEP CAU AGI;15/09/2025 7:58;CEP CAU AGI;4-Baja;Masiva;TEIDE_OSP_ICF
INC000003740381;Media;FICHA DE CLIENTE // BOSCH VIGO // ERROR FUNCIONAL;Cerrado;11/08/2025 17:15 a;CEP CAU AGI;02/10/2025 17:59;CEP CAU AGI;4-Baja;Masiva;TEIDE_OSP_ICF
INC000003740382;Media;CRM // MEDELLIN // ERROR FUNCIONAL;Cerrado;11/08/2025 17:38 a;CEP CAU AGI;11/08/2025 18:58;SOP_ONURIS;4-Baja;Masiva;SLN Teleperformance Medellin
INC000003740655;Media;CERES / OEST OVIEDO / ERROR FUNCIONAL;Cerrado;12/08/2025 10:58 a;CEP CAU AGI;14/08/2025 13:43;NEG_CAMP_CERES;3-Medio;Masiva;OEST - SL
INC000003740816;Media;GDU / GUADALAJARA / ERROR FUNCIONAL;Cerrado;12/08/2025 9:39 a;CEP CAU AGI;12/08/2025 14:44;OPER_Soporte_GdU;3-Medio;Masiva;MESA DE AYUDA GUADALAJARA
INC000003740837;Media;CRM JAZZTEL / MEDELLIN / ERROR FUNCIONAL;Cerrado;12/08/2025 11:35 a;CEP CAU AGI;12/08/2025 13:04;CEP CAU AGI;4-Baja;Masiva;SLN Teleperformance Medellin
INC000003740841;Media;CRM JAZZTEL / BOGOTA / LENTITUD;Cerrado;12/08/2025 11:40 a;CEP CAU AGI;12/08/2025 13:00;CEP CAU AGI;4-Baja;Masiva;MESA DE AYUDA COLOMBIA
INC000003740851;Media;[IP24] / MARKTEL VALENCIA / ERROR FUNCIONAL;Cerrado;12/08/2025 13:06 a;CEP CAU AGI;25/08/2025 8:05;CEP CAU AGI;4-Baja;Masiva;SLN Marktel Valencia
INC000003741344;Media;IP24 // FOUNDEVER SEVILLA // ERROR FUNCIONAL;Cerrado;12/08/2025 17:23 a;CEP CAU AGI;18/08/2025 13:15;CEP CAU AGI;4-Baja;Masiva;TEIDE_OSP_ICF
INC000003741512;Media;IP24 // ATAC SALAMANCA // ERROR FUNCIONAL;Cerrado;12/08/2025 14:46 a;CEP CAU AGI;25/11/2025 15:15;CEP CAU AGI;4-Baja;Masiva;NEG_PROVISION_PYME
INC000003741851;Media;FICHA DE CLIENTE / MEDELLIN / ERROR FUNCIONAL;Cerrado;13/08/2025 11:22 a;CEP CAU AGI;13/08/2025 16:51;SOP_TMC_PREPAGO;4-Baja;Masiva;SLN Teleperformance Medellin
INC000003741889;Media;CRM JAZZTEL / JAZZPLAT COLOMBIA / ERROR FUNCIONAL;Cerrado;13/08/2025 13:16 a;CEP CAU AGI;18/08/2025 13:23;CEP CAU AGI;4-Baja;Masiva;MESA DE AYUDA COLOMBIA
INC000003742083;Media;FICHA DE CLIENTE / BOSCH VIGO / ERROR FUNCIONAL;Cerrado;13/08/2025 12:40 a;CEP CAU AGI;19/08/2025 22:47;CEP CAU AGI;4-Baja;Masiva;TEIDE_OSP_ICF
INC000003742440;Alta;DEGRADACIÓN // FICHA CLIENTE MM // SL2;Cerrado;13/08/2025 12:41 a;CEP CAU AGI;14/08/2025 14:02;APL_CON_GEA_APL;2-Alta;Masiva;SLN Teleperformance Medellin
INC000003742500;Media;GDU // KONECTA SEVILLA // ERROR FUNCIONAL;Cerrado;13/08/2025 16:58 a;CEP CAU AGI;13/08/2025 18:26;OPER_Soporte_GdU;4-Baja;Masiva;CALLCENTER_KONECTA_SEVILLA
INC000003742555;Media;LIVEPERSON // MEDELLIN // ERROR FUNCIONAL;Cerrado;13/08/2025 15:22 a;CEP CAU AGI;13/08/2025 17:12;SOP_DJINGO;4-Baja;Masiva;SLN Teleperformance Medellin
INC000003742572;Media;LIVEPERSON // MEDELLIN // ERROR FUNCIONAL;Cerrado;13/08/2025 16:04 a;CEP CAU AGI;14/08/2025 9:48;SOP_DJINGO;4-Baja;Masiva;ATC_MADRID_MASIVO
INC000003742664;Media;DJINGO / CONTROL ROOM / ERROR FUNCIONAL;Cerrado;14/08/2025 9:37 a;CEP CAU AGI;18/08/2025 13:29;CEP CAU AGI;4-Baja;Masiva;TEIDE_OSP_ICF
INC000003742714;Alta;LENTITUD // FICHA DE CLIENTE // SL2;Cerrado;13/08/2025 15:07 a;CEP CAU AGI;18/08/2025 12:11;CEP CAU AGI;1-Crítica;Masiva;MESA DE AYUDA GUADALAJARA
INC000003742734;Media;CERES // OVIEDO Y SALAMANCA // ERROR FUNCIONAL;Cerrado;13/08/2025 17:44 a;CEP CAU AGI;13/08/2025 19:21;CEP CAU AGI;4-Baja;Masiva;OEST - SL
INC000003743248;Media;CRM JAZZTEL / CONTROL ROOM / ERROR FUNCIONAL;Cerrado;14/08/2025 10:58 a;CEP CAU AGI;18/08/2025 9:56;SOP_TECNICO_CALL_CENTER;4-Baja;Masiva;TEIDE_OSP_ICF
INC000003743286;Media;FICHA CLIENTE MM // BOGOTA // ERROR FUNCIONAL;Cerrado;14/08/2025 14:26 a;CEP CAU AGI;10/09/2025 12:25;FAB_HP_PROVISION;4-Baja;Masiva;MESA DE AYUDA COLOMBIA
INC000003743576;Media;LIVEPERSON / CONTROL ROOM / ERROR FUNCIONAL;Cerrado;15/08/2025 12:28 a;CEP CAU AGI;18/08/2025 12:43;SOP_DJINGO;4-Baja;Masiva;FIJO CAU ICFF
INC000003743882;Media;GDU / OEST OVIEDO / SIN ACCESO;Cerrado;16/08/2025 11:32 a;CEP CAU AGI;16/08/2025 12:25;OPER_Soporte_GdU;3-Medio;Masiva;OEST - SL
INC000003743967;Media;CRM JAZZTEL // MEDELLIN // ERROR FUNCIONAL;Cerrado;14/08/2025 20:34 a;CEP CAU AGI;18/08/2025 13:35;CEP CAU AGI;4-Baja;Masiva;SLN Teleperformance Medellin
INC000003745030;Media;PRDIAS-23980 LIVEPERSON / FOUNDEVER SEVILLA / ERROR FUNCIONAL;Cerrado;18/08/2025 9:20 a;CEP CAU AGI;19/08/2025 8:31;DES_DJINGO;4-Baja;Masiva;FIJO CAU ICFF
INC000003745062;Media;GDU / ACM // CAU // ERROR FUNCIONAL;Cerrado;18/08/2025 10:25 a;FRONTOFFICE;18/08/2025 11:18;OPER_Soporte_GdU;3-Medio;Masiva;FRONTOFFICE
INC000003745472;Media;DJINGO / CONTROL ROOM / SIN ACCESO;Cerrado;18/08/2025 15:57 a;CEP CAU AGI;19/08/2025 19:04;SOP_DJINGO;4-Baja;Masiva;TEIDE_OSP_ICF
INC000003745564;Media;IVR / CONTROL ROOM / ERROR FUNCIONAL;Cerrado;18/08/2025 20:16 a;CEP CAU AGI;19/08/2025 14:28;SOP_TECNICO_CALL_CENTER;4-Baja;Masiva;TEIDE_OSP_ICF
INC000003745567;Media;IVR / CONTROL ROOM / ERROR FUNCIONAL;Cerrado;19/08/2025 8:44 a;CEP CAU AGI;19/08/2025 11:06;SOP_TECNICO_CALL_CENTER;4-Baja;Masiva;FIJO CAU ICFF
INC000003745784;Media;ALTITUDE / KONECTA SEVILLA / LENTITUD;Cerrado;19/08/2025 11:23 a;CEP CAU AGI;19/08/2025 12:27;SOP_TECNICO_CALL_CENTER;4-Baja;Masiva;CALLCENTER_KONECTA_SEVILLA
INC000003745912;Media;LIVEPERSON / MEDELLIN / ERROR FUNCIONAL;Cerrado;18/08/2025 17:34 a;CEP CAU AGI;19/08/2025 10:40;SOP_LIVEPERSON;4-Baja;Masiva;TEIDE_OSP_ICF
INC000003746656;Media;LIVEPERSON / MEDELLIN / ERROR FUNCIONAL;Cerrado;19/08/2025 14:31 a;CEP CAU AGI;10/09/2025 21:47;CEP CAU AGI;4-Baja;Masiva;SLN Teleperformance Medellin
INC000003746712;Alta;IP24 / ATAC JEREZ / ERROR FUNCIONAL;Cerrado;19/08/2025 12:30 a;CEP CAU AGI;19/08/2025 13:48;CEP CAU AGI;2-Alta;Masiva;MESA DE AYUDA GUADALAJARA
INC000003746793;Media;A-RED DATOS / BOGOTA / NO ACCESO;Cerrado;19/08/2025 17:35 a;CEP CAU AGI;19/08/2025 18:08;CEP CAU AGI;3-Medio;Masiva;MESA DE AYUDA COLOMBIA
INC000003746928;Media;LIVEPERSON / MEDELLIN / ERROR FUNCIONAL;Cerrado;19/08/2025 18:53 a;CEP CAU AGI;19/08/2025 20:32;SOP_LIVEPERSON;4-Baja;Masiva;ATC_MADRID_MASIVO
INC000003747163;Media;APP JAZZTEL / MEDELLIN / ERROR FUNCIONAL;Cerrado;20/08/2025 10:50 a;CEP CAU AGI;21/08/2025 11:35;CEP CAU AGI;3-Medio;Masiva;ATC_MADRID_MASIVO
INC000003747194;Media;FICHA DE CLIENTE / KONECTA SEVILLA / ERROR FUNCIONAL;Cerrado;20/08/2025 12:28 a;CEP CAU AGI;20/08/2025 14:52;GC MIDDLEWARE;3-Medio;Masiva;CALLCENTER_KONECTA_SEVILLA
INC000003747261;Media;FICHA DE CLIENTE / FOUNDEVER SEVILLA / ERROR FUNCIONAL;Cerrado;20/08/2025 11:21 a;CEP CAU AGI;20/08/2025 16:06;CEP CAU AGI;4-Baja;Masiva;FIJO CAU ICFF
INC000003747286;Media;LIVEPERSON / MEDELLIN / ERROR FUNCIONAL;Cerrado;20/08/2025 12:38 a;CEP CAU AGI;25/08/2025 8:03;CEP CAU AGI;3-Medio;Masiva;ATC_MADRID_MASIVO
INC000003747824;Media;FICHA DE CLIENTE / BOSCH VIGO / ERROR FUNCIONAL;Cerrado;20/08/2025 14:35 a;CEP CAU AGI;22/08/2025 16:20;APL_MOV_SOE;4-Baja;Masiva;TEIDE_OSP_ICF
INC000003747830;Media;PRDIAS-23282 LIVEPERSON // MEDELLIN // ERROR FUNCIONAL;Cerrado;20/08/2025 15:41 a;CEP CAU AGI;01/09/2025 9:58;SOP_LIVEPERSON;4-Baja;Masiva;TEIDE_OSP_ICF
INC000003747868;Media;ALTITUDE / ATENTO BARCELONA / ERROR FUNCIONAL;Cerrado;21/08/2025 8:46 a;CEP CAU AGI;21/08/2025 9:06;SOP_TECNICO_CALL_CENTER;4-Baja;Masiva;FIJO CAU ICFF
INC000003748925;Media;DJINGO / CONTROL ROOM / ERROR FUNCIONAL;Cerrado;21/08/2025 14:11 a;CEP CAU AGI;21/08/2025 15:12;SOP_DJINGO;4-Baja;Masiva;FIJO CAU ICFF
INC000003749056;Media;HOW // MAJOREL SALAMANCA // ERROR FUNCIONAL;Cerrado;21/08/2025 17:35 a;CEP CAU AGI;22/08/2025 10:15;CEP CAU AGI;4-Baja;Masiva;SLN Arvato Salamanca
INC000003749059;Media;LIVEPERSON / GUADALAJARA / ERROR FUNCIONAL;Cerrado;21/08/2025 18:14 a;CEP CAU AGI;25/08/2025 8:03;CEP CAU AGI;3-Medio;Masiva;MESA DE AYUDA GUADALAJARA
INC000003749499;Media;DJINGO / CONTROL ROOM / ERROR FUNCIONAL;Cerrado;22/08/2025 14:28 a;CEP CAU AGI;25/08/2025 17:39;SOP_DJINGO;4-Baja;Masiva;FIJO CAU ICFF
INC000003749980;Media;DJINGO / CONTROL ROOM / ERROR FUNCIONAL;Cerrado;22/08/2025 15:17 a;CEP CAU AGI;25/08/2025 8:01;CEP CAU AGI;4-Baja;Masiva;FIJO CAU ICFF
INC000003750106;Media;LIVEPERSON / MEDELLIN / ERROR FUNCIONAL;Cerrado;22/08/2025 14:43 a;CEP CAU AGI;22/08/2025 16:07;SOP_DJINGO;3-Medio;Masiva;ATC_MADRID_MASIVO
INC000003750118;Media;LIVEPERSON / BOGOTA / ERROR FUNCIONAL;Cerrado;22/08/2025 15:52 a;CEP CAU AGI;25/08/2025 8:03;CEP CAU AGI;4-Baja;Masiva;MESA DE AYUDA COLOMBIA
INC000003750127;Media;GIROS / MEDELLIN / ERROR FUNCIONAL;Cerrado;22/08/2025 17:02 a;CEP CAU AGI;22/08/2025 18:01;CEP CAU AGI;4-Baja;Masiva;ATC_MADRID_MASIVO
INC000003750204;Media;CRM JAZZTEL / MARKTEL VALENCIA / ERROR FUNCIONAL;Cerrado;22/08/2025 14:36 a;CEP CAU AGI;25/08/2025 8:01;CEP CAU AGI;4-Baja;Masiva;SLN Marktel Valencia
INC000003750229;Media;EXCALIBUR / MEDELLIN / ERROR FUNCIONAL;Cerrado;22/08/2025 17:20 a;CEP CAU AGI;25/08/2025 8:02;CEP CAU AGI;4-Baja;Masiva;SLN Teleperformance Medellin
INC000003750268;Media;ALTAIR // COLOMBIA // ERROR FUNCIONAL;Cerrado;24/08/2025 10:44 a;CEP CAU AGI;24/08/2025 13:49;CEP CAU AGI;3-Medio;Masiva;MESA DE AYUDA COLOMBIA
INC000003750314;Media;FICHA CLIENTE MM / BOGOTÁ / ERROR FUNCIONAL;Cerrado;22/08/2025 19:03 a;CEP CAU AGI;25/08/2025 10:14;SOP_SAP_LO;4-Baja;Masiva;MESA DE AYUDA COLOMBIA
INC000003750411;Media;VIVEORANGE / CONTROL ROOM / NO ACCESO;Cerrado;22/08/2025 19:36 a;CEP CAU AGI;26/08/2025 12:39;SOP_VIVEORANGE;4-Baja;Masiva;TEIDE_OSP_ICF
INC000003751329;Media;PRDIAS-24137 PD FICHA DE CLIENTE / GUADALAJARA / ERROR FUNCIONAL;Cerrado;25/08/2025 10:39 a;CEP CAU AGI;08/09/2025 7:54;CEP CAU AGI;3-Medio;Masiva;MESA DE AYUDA GUADALAJARA
INC000003751632;Media;FICHA DE CLIENTE / GUADALAJARA / ERROR FUNCIONAL;Cerrado;25/08/2025 11:42 a;CEP CAU AGI;28/08/2025 9:18;DES_SOE_FICHA;3-Medio;Masiva;MESA DE AYUDA GUADALAJARA
INC000003751727;Media;IVR / CONTROL ROOM / SIN ACCESO;Cerrado;25/08/2025 11:36 a;CEP CAU AGI;25/08/2025 11:53;SOP_TECNICO_CALL_CENTER;4-Baja;Masiva;TEIDE_OSP_ICF
INC000003752021;Media;DJINGO / CONTROL ROOM / LENTITUD;Cerrado;25/08/2025 16:22 a;CEP CAU AGI;25/08/2025 17:42;SOP_DJINGO;4-Baja;Masiva;TEIDE_OSP_ICF
INC000003752085;Media;FICHA DE CLIENTE / KONECTA / ERROR FUNCIONAL;Cerrado;26/08/2025 9:43 a;CEP CAU AGI;01/09/2025 9:24;CEP CAU AGI;3-Medio;Masiva;CALLCENTER_KONECTA_SEVILLA
INC000003752160;Media;DJINGO / CONTROL ROOM / ERROR FUNCIONAL;Cerrado;26/08/2025 8:54 a;CEP CAU AGI;26/08/2025 9:07;SOP_DJINGO;4-Baja;Masiva;TEIDE_OSP_ICF
INC000003752600;Media;HESMS / LA FINCA / ERROR FUNCIONAL;Cerrado;26/08/2025 14:26 a;CEP CAU AGI;01/09/2025 9:25;CEP CAU AGI;4-Baja;Masiva;Integraciones
INC000003752807;Media;VERINT / MJ SALAMANCA / ERROR FUNCIONAL;Cerrado;26/08/2025 11:12 a;CEP CAU AGI;05/09/2025 10:43;CEP CAU AGI;4-Baja;Masiva;APL_CON_DESA_SERVICIO_ICF
INC000003752821;Media;LIVEPERSON / FOUNDEVER / LENTITUD;Cerrado;26/08/2025 11:39 a;CEP CAU AGI;28/08/2025 13:17;CEP CAU AGI;4-Baja;Masiva;CALLCENTER_SITEL_SEVILLA
INC000003752875;Media;LIVEPERSON / MEDELLIN / ERROR FUNCIONAL;Cerrado;26/08/2025 14:30 a;CEP CAU AGI;27/08/2025 17:54;SOP_DJINGO;4-Baja;Masiva;ATC_MADRID_MASIVO
INC000003752992;Media;AVAYA / TLP SALAMANCA / ERROR FUNCIONAL;Cerrado;26/08/2025 19:19 a;CEP CAU AGI;01/09/2025 9:24;CEP CAU AGI;3-Medio;Masiva;SLN Arvato Salamanca
INC000003753433;Media;AURORA / BOGOTA / ERROR FUNCIONAL;Cerrado;26/08/2025 18:02 a;CEP CAU AGI;01/09/2025 9:22;CEP CAU AGI;4-Baja;Masiva;MESA DE AYUDA COLOMBIA
INC000003753502;Media;[IP24] / ATAC JEREZ / ERROR FUNCIONAL;Cerrado;26/08/2025 16:02 a;CEP CAU AGI;01/09/2025 21:17;CEP CAU AGI;4-Baja;Masiva;MESA DE AYUDA GUADALAJARA
INC000003753518;Media;FICHA DE CLIENTE / MEDELLIN / ERROR FUNCIONAL;Cerrado;26/08/2025 19:04 a;CEP CAU AGI;01/09/2025 8:02;CEP CAU AGI;3-Medio;Masiva;ATC_MADRID_MASIVO
INC000003753853;Media;ALTITUDE / FOUNDEVER / ERROR FUNCIONAL;Cerrado;27/08/2025 12:25 a;CEP CAU AGI;01/09/2025 8:01;CEP CAU AGI;4-Baja;Masiva;TEIDE_OSP_ICF
INC000003754241;Media;[CSO] CORREO CORPORATIVO / MEDELLIN / ERROR FUNCIONAL;Cerrado;27/08/2025 14:24 a;CEP CAU AGI;14/11/2025 15:24;CEP CAU AGI;4-Baja;Masiva;ATC_MADRID_MASIVO
INC000003754257;Media;CRM JAZZTEL / VALENCIA / ERROR FUNCIONAL;Cerrado;27/08/2025 15:23 a;CEP CAU AGI;01/09/2025 7:59;CEP CAU AGI;4-Baja;Masiva;SLN Marktel Valencia
INC000003754291;Media;FICHA DE CLIENTE / ISGF MURCIA / ERROR FUNCIONAL;Cerrado;27/08/2025 18:37 a;CEP CAU AGI;28/08/2025 9:40;SOP_BSS_JAZZTEL;3-Medio;Masiva;SLN ISGF Murcia
INC000003754472;Media;LIVEPERSON / MEDELLIN / ERROR FUNCIONAL;Cerrado;27/08/2025 20:41 a;CEP CAU AGI;01/09/2025 23:28;CEP CAU AGI;3-Medio;Masiva;ATC_MADRID_MASIVO
INC000003755338;Media;FICHA CLIENTE MM // MEDELLIN // ERROR FUNCIONAL;Cerrado;28/08/2025 15:45 a;CEP CAU AGI;02/09/2025 11:54;CEP CAU AGI;4-Baja;Masiva;SLN Teleperformance Medellin
INC000003755374;Media;ALTAIR / JAZZPLAT COLOMBIA / ERROR FUNCIONAL;Cerrado;28/08/2025 19:01 a;CEP CAU AGI;28/08/2025 19:31;Fijo Activacion LUNA;3-Medio;Masiva;MESA DE AYUDA COLOMBIA
INC000003755489;Media;PRDIAS-24133 LIVEPERSON / KONECTA SEVILLA / ERROR FUNCIONAL;Cerrado;29/08/2025 10:44 a;CEP CAU AGI;03/09/2025 13:20;DES_DJINGO;3-Medio;Masiva;CALLCENTER_KONECTA_SEVILLA
INC000003755724;Media;FICHA CLIENTE / ISGF MURCIA / ERROR FUNCIONAL;Cerrado;28/08/2025 20:10 a;CEP CAU AGI;29/08/2025 11:41;SOP_BSS_JAZZTEL;3-Medio;Masiva;SLN ISGF Murcia
INC000003755735;Media;ALTAIR // LA FINCA // ERROR FUNCIONAL;Cerrado;29/08/2025 7:59 a;CEP CAU AGI;10/09/2025 18:00;CEP CAU AGI;4-Baja;Masiva;Soporte CCA
INC000003756094;Media;[CSO] FICHA DE CLIENTE // OEST OVIEDO // ERROR FUNCIONAL;Cerrado;29/08/2025 15:24 a;CEP CAU AGI;04/12/2025 12:45;CEP CAU AGI;4-Baja;Masiva;OEST - SL
INC000003756515;Media;ALTITUDE / NTTDATA / SIN ACCESO;Cerrado;29/08/2025 12:31 a;CEP CAU AGI;29/08/2025 12:40;CEP CAU AGI;4-Baja;Masiva;NEG_PROV_ORANGE
INC000003756577;Media;GIROS // MEDELLIN // ERROR FUNCIONAL;Cerrado;30/08/2025 12:45 a;CEP CAU AGI;30/08/2025 13:41;SOP_TMC_GIROS;4-Baja;Masiva;ATC_MADRID_MASIVO
INC000003756613;Media;LUNA // LA FINCA // ERROR FUNCIONAL;Cerrado;29/08/2025 13:42 a;CEP CAU AGI;22/09/2025 7:01;CEP CAU AGI;3-Medio;Masiva;Soporte CCA
INC000003758038;Media;[IP24] // ATAC SALAMANCA // ERROR FUNCIONAL;Cerrado;01/09/2025 11:29 a;CEP CAU AGI;30/09/2025 14:38;CEP CAU AGI;4-Baja;Masiva;NEG_PROVISION_PYME
INC000003758406;Media;SIRES // OEST OVIEDO // ERROR FUNCIONAL;Cerrado;01/09/2025 15:52 a;CEP CAU AGI;02/09/2025 16:39;NEG_CAMP_CERES;4-Baja;Masiva;OEST - SL
INC000003758560;Media;ALTITUDE / KONECTA SEVILLA / ERROR FUNCIONAL;Cerrado;02/09/2025 8:33 a;CEP CAU AGI;02/09/2025 9:02;SOP_TECNICO_CALL_CENTER;4-Baja;Masiva;CALLCENTER_KONECTA_SEVILLA
INC000003758581;Alta;ACME WEB ORANGE // MEDELLIN // ERROR FUNCIONAL;Cerrado;02/09/2025 10:07 a;CEP CAU AGI;02/09/2025 11:06;DES_SOE_MICROSERVICIOS;3-Medio;Masiva;SLN Teleperformance Medellin
INC000003758634;Media;ACME APP ORANGE // MEDELLIN // ERROR FUNCIONAL;Cerrado;01/09/2025 19:39 a;CEP CAU AGI;10/09/2025 13:34;SOP_TMC_EXCALIBUR;4-Baja;Masiva;ATC_MADRID_MASIVO
INC000003758825;Media;FICHEROINTRANSIT//EUSKALTEL//ERRORFUNCIONAL;Cerrado;02/09/2025 11:13 a;FRONTOFFICE;02/09/2025 11:52;INTRANSIT;3-Medio;Masiva;FRONTOFFICE
INC000003759125;Media;SIEBEL 7 / ISGF MURCIA / ERROR FUNCIONAL;Cerrado;02/09/2025 12:13 a;CEP CAU AGI;02/09/2025 13:02;COBROS Y RECOBROS - CONTROL;4-Baja;Masiva;SLN ISGF Murcia
INC000003759133;Media;IP24 / ATAC JEREZ / ERROR FUNCIONAL;Cerrado;02/09/2025 12:40 a;CEP CAU AGI;02/09/2025 14:55;SOP_TMC_BOREAL;4-Baja;Masiva;MESA DE AYUDA GUADALAJARA
INC000003759420;Media;INDISPONIBILIDAD / ESX AOTLXPRVIN10227 PREPRODUCCION /  SL3;Cerrado;02/09/2025 14:00 a;RTV-TECSE RED DATOS;02/09/2025 23:52;SOPORTE ADM WINTEL;4-Baja;Masiva;Operador (A.G.I.)
INC000003759786;Crítica;INDISPONILIDAD/PREPAGO ORANGE/SL1;Cerrado;03/09/2025 8:11 a;CEP CAU AGI;03/09/2025 9:39;SOP_TMC_SIGMA;1-Crítica;Masiva;TEIDE_OSP_ICF
INC000003760114;Media;LIVEPERSON // TLP ANDES // ERROR FUNCIONAL;Cerrado;03/09/2025 8:53 a;CEP CAU AGI;08/09/2025 7:54;CEP CAU AGI;4-Baja;Masiva;ATC_MADRID_MASIVO
INC000003760128;Media;IP24 // ATAC JEREZ // ERROR FUNCIONAL;Cerrado;03/09/2025 9:25 a;CEP CAU AGI;03/09/2025 10:44;CEP CAU AGI;4-Baja;Masiva;MESA DE AYUDA GUADALAJARA
INC000003760781;Media;WEB MANTENEDORES // MEDELLIN // SIN ACCESO;Cerrado;03/09/2025 19:54 a;CEP CAU AGI;03/09/2025 21:00;CEP CAU AGI;4-Baja;Masiva;ATC_MADRID_MASIVO
INC000003760832;Media;ACME // KONECTA SEVILLA // ERROR FUNCIONAL;Cerrado;03/09/2025 16:57 a;CEP CAU AGI;08/09/2025 11:04;SOP_NABOO;4-Baja;Masiva;CALLCENTER_KONECTA_SEVILLA
INC000003760893;Media;ACME APP ORANGE // TLP MEDELLIN // ERROR FUNCIONAL;Cerrado;04/09/2025 11:31 a;CEP CAU AGI;04/09/2025 15:56;SOP_TMC_ACME;4-Baja;Masiva;SLN Teleperformance Medellin
INC000003761052;Media;ALTITUDE // KONECTA SEVILLA // SIN ACCESO;Cerrado;04/09/2025 8:13 a;CEP CAU AGI;04/09/2025 12:01;SOP_TECNICO_CALL_CENTER;4-Baja;Masiva;CALLCENTER_KONECTA_SEVILLA
INC000003761156;Media;FICHA DE CLIENTE // MEDELLIN // ERROR FUNCIONAL;Cerrado;04/09/2025 11:45 a;CEP CAU AGI;08/09/2025 8:35;DES_SOE_FICHA;4-Baja;Masiva;SLN Teleperformance Medellin
INC000003761802;Media;ACME // MAJOREL SALAMANCA // ERROR FUNCIONAL;Cerrado;04/09/2025 12:16 a;CEP CAU AGI;04/09/2025 14:03;SOP_TMC_ACME;4-Baja;Masiva;APL_CON_DESA_SERVICIO_ICF
INC000003761893;Media;POLAR // PROVISION // SIN ACCESO;Cerrado;04/09/2025 17:51 a;CEP CAU AGI;04/09/2025 18:36;SOP_TMC_POLAR;4-Baja;Masiva;ST_FTTH
INC000003761951;Media;FICHA DE CLIENTE // KONECTA SEVILLA // LENTITUD;Cerrado;04/09/2025 15:39 a;CEP CAU AGI;04/09/2025 15:51;APL_MOV_SOE;4-Baja;Masiva;CALLCENTER_KONECTA_SEVILLA
INC000003761978;Media;IP24 // GUADALAJARA // ERROR FUNCIONAL;Cerrado;04/09/2025 18:51 a;CEP CAU AGI;05/09/2025 10:34;SOP_SAP_LO;4-Baja;Masiva;NEG_PROVISION_PYME
INC000003761993;Media;PRDIAS-24327 LIVEPERSON // MEDELLIN // ERROR FUNCIONAL;Cerrado;04/09/2025 21:45 a;CEP CAU AGI;18/09/2025 13:50;SOP_DJINGO;4-Baja;Masiva;ATC_MADRID_MASIVO
INC000003762110;Media;IP24 // MEDELLIN // ERROR FUNCIONAL;Cerrado;04/09/2025 15:11 a;CEP CAU AGI;08/09/2025 8:38;SOP_SMC_TEIDE;4-Baja;Masiva;SLN Teleperformance Medellin
INC000003762147;Media;GESTOCK // ATAC JEREZ // ERROR FUNCIONAL;Cerrado;04/09/2025 18:50 a;CEP CAU AGI;05/09/2025 8:30;CEP CAU AGI;4-Baja;Masiva;TEIDE_OSP_ICF
INC000003762401;Media;CRM // DISTRIBUCION JAZZTEL // ERROR FUNCIONAL;Cerrado;04/09/2025 19:20 a;CEP CAU AGI;04/09/2025 21:22;CEP CAU AGI;4-Baja;Masiva;PROC_CAD
INC000003762943;Media;WEB MANTENEDORES // PROVISION // SIN ACCESO;Cerrado;05/09/2025 14:16 a;CEP CAU AGI;08/09/2025 7:53;CEP CAU AGI;4-Baja;Masiva;ST_FTTH
INC000003762992;Alta;ACME // MEDELLIN // ERROR FUNCIONAL;Cerrado;07/09/2025 12:03 a;CEP CAU AGI;07/09/2025 14:09;Soporte_PSP;3-Medio;Masiva;ATC_MADRID_MASIVO
INC000003763237;Media;DJINGO // CONTROL ROOM // ERROR FUNCIONAL;Cerrado;06/09/2025 17:46 a;CEP CAU AGI;07/09/2025 16:47;CEP CAU AGI;4-Baja;Masiva;TEIDE_OSP_ICF
INC000003763242;Media;IVR // JAZZPLAT COLOMBIA // ERROR FUNCIONAL;Cerrado;07/09/2025 15:36 a;CEP CAU AGI;07/09/2025 18:30;CEP CAU AGI;4-Baja;Masiva;MESA DE AYUDA COLOMBIA
INC000003763244;Media;ALTITUDE // OEST OVIEDO // ERROR FUNCIONAL;Cerrado;07/09/2025 18:30 a;CEP CAU AGI;08/09/2025 10:53;SOP_TECNICO_CALL_CENTER;4-Baja;Masiva;OEST - SL
INC000003764148;Media;PRDIAS-24215 LIVEPERSON / /TANALDEN // ERROR FUNCIONAL;Cerrado;08/09/2025 11:25 a;CEP CAU AGI;11/09/2025 13:24;SOP_ASISTENTE;3-Medio;Masiva;SLN Arvato Salamanca
INC000003764191;Media;FICHA DE CLIENTE // KONECTA SEVILLA // ERROR FUNCIONAL;Cerrado;08/09/2025 13:33 a;CEP CAU AGI;25/09/2025 10:12;DES_SOE_FICHA;3-Medio;Masiva;CALLCENTER_KONECTA_SEVILLA
INC000003764481;Media;SGF // MAJOREL SALAMANCA // ERROR FUNCIONAL;Cerrado;08/09/2025 15:09 a;CEP CAU AGI;09/09/2025 11:18;Soporte_CRM_SGF_LOCAL;4-Baja;Masiva;APL_CON_DESA_SERVICIO_ICF
INC000003764940;Media;ALTAIR // MAJOREL JEREZ // ERROR FUNCIONAL;Cerrado;08/09/2025 20:41 a;CEP CAU AGI;09/09/2025 8:45;Fijo Activacion LUNA;4-Baja;Masiva;APL_CON_DESA_SERVICIO_ICF
INC000003764971;Media;ALTAIR // JAZZPLAT // ERROR FUNCIONAL;Cerrado;09/09/2025 9:45 a;CEP CAU AGI;10/09/2025 9:24;Soporte Datapower;4-Baja;Masiva;Soporte CCA
INC000003765009;Media;SIRES // BOGOTA // ERROR FUNCIONAL;Cerrado;08/09/2025 17:05 a;CEP CAU AGI;09/09/2025 16:05;CEP CAU AGI;4-Baja;Masiva;USU_GEST_JAZZPLAT
INC000003765032;Alta;DEGRADACION/CRM JAZZTEL/SL2;Cerrado;08/09/2025 19:26 a;CEP CAU AGI;15/09/2025 8:13;CEP CAU AGI;3-Medio;Masiva;ATC_MADRID_MASIVO
INC000003765069;Media;VERINT // MAJOREL SALAMANCA // SIN ACCESO;Cerrado;09/09/2025 10:21 a;CEP CAU AGI;09/09/2025 10:58;CEP CAU AGI;3-Medio;Masiva;APL_CON_DESA_SERVICIO_ICF
INC000003765218;Media;RED DE DATOS // BOGOTA // SIN ACCESO;Cerrado;09/09/2025 2:12 a;CEP CAU AGI;09/09/2025 3:00;CEP CAU AGI;3-Medio;Masiva;MESA DE AYUDA COLOMBIA
INC000003765236;Alta;DEGRADACION // FICHA CLIENTE MM // SL2;Cerrado;09/09/2025 9:40 a;CEP CAU AGI;09/09/2025 14:25;SOP_SOE_OWCS;3-Medio;Masiva;ATC_MADRID_MASIVO
INC000003765262;Media;ALTITUDE // NTT DATA // SIN ACCESO;Cerrado;09/09/2025 10:40 a;CEP CAU AGI;09/09/2025 10:58;SOP_TECNICO_CALL_CENTER;4-Baja;Masiva;NEG_PROV_ORANGE
INC000003765662;Media;REMEDY // GUADALAJARA // LENTITUD;Cerrado;09/09/2025 12:57 a;CEP CAU AGI;10/09/2025 7:41;CEP CAU AGI;4-Baja;Masiva;MESA DE AYUDA GUADALAJARA
INC000003765945;Media;GIROS // BOGOTA // ERROR FUNCIONAL;Cerrado;09/09/2025 15:00 a;CEP CAU AGI;23/09/2025 16:01;CEP CAU AGI;4-Baja;Masiva;ATC_MADRID_MASIVO
INC000003766341;Media;CRM JAZZTEL // MEDELLIN // ERROR FUNCIONAL;Cerrado;09/09/2025 19:42 a;CEP CAU AGI;10/09/2025 8:50;SOP_BSS_JAZZTEL;4-Baja;Masiva;ATC_MADRID_MASIVO
INC000003766475;Media;WEB INSTANCIAS // MARKTEL VALENCIA // ERROR FUNCIONAL;Cerrado;10/09/2025 10:53 a;CEP CAU AGI;10/09/2025 12:43;SOP_TECNICO_CALL_CENTER;4-Baja;Masiva;SLN Marktel Valencia
INC000003766482;Media;ALTITUDE //  MAJOREL JEREZ // ERROR FUNCIONAL;Cerrado;10/09/2025 10:58 a;CEP CAU AGI;10/09/2025 12:19;CEP CAU AGI;4-Baja;Masiva;APL_CON_DESA_SERVICIO_ICF
INC000003766611;Crítica;INDISPONIBILIDAD // PSERIES 10D0EB4 // SL1;Cerrado;10/09/2025 6:46 a;RTV-TECSE RED DATOS;11/09/2025 14:19;ADM. HWSAN;1-Crítica;Masiva;Operador (A.G.I.)
INC000003766624;Media;WOC // TWW SAN FERNANDO // SIN ACCESO;Cerrado;10/09/2025 8:54 a;CEP CAU AGI;10/09/2025 9:21;WOC;3-Medio;Masiva;CALLCENTER_TRANSCOM_LEON
INC000003766649;Media;ALTITUDE // OEST OVIEDO // ERROR FUNCIONAL;Cerrado;10/09/2025 10:00 a;CEP CAU AGI;15/09/2025 7:54;CEP CAU AGI;4-Baja;Masiva;OEST - SL
INC000003767004;Media;SILES // CONTROLROOM // ERROR FUNCIONAL;Cerrado;10/09/2025 8:54 a;CEP CAU AGI;11/09/2025 11:58;SOP_TECNICO_CALL_CENTER;4-Baja;Masiva;SOP_SMC_AULA_CIMA
INC000003767345;Media;FICHA DE CLIENTE // OEST OVIEDO // ERROR FUNCIONAL;Cerrado;10/09/2025 15:10 a;CEP CAU AGI;10/09/2025 17:25;SOP_TMC_APIGEE;3-Medio;Masiva;OEST - SL
INC000003767377;Media;CRM JAZZTEL // BOGOTA // ERROR FUNCIONAL;Cerrado;10/09/2025 18:27 a;CEP CAU AGI;15/09/2025 7:53;CEP CAU AGI;4-Baja;Masiva;MESA DE AYUDA COLOMBIA
INC000003767501;Media;POLAR // PROVISION ORANGE // LENTITUD;Cerrado;10/09/2025 13:01 a;CEP CAU AGI;10/09/2025 14:29;SOP_TMC_POLAR;4-Baja;Masiva;ST_FTTH
INC000003767516;Media;CRM JAZZTEL // VALENCIA // ERROR FUNCIONAL;Cerrado;10/09/2025 14:27 a;CEP CAU AGI;12/09/2025 9:16;SOP_BSS_JAZZTEL;4-Baja;Masiva;SLN Marktel Valencia
INC000003768433;Media;PANGEA // LA FINCA // ERROR FUNCIONAL;Cerrado;11/09/2025 9:51 a;CEP CAU AGI;15/09/2025 7:53;CEP CAU AGI;4-Baja;Masiva;PROC_CAD
INC000003768610;Alta;INDISPONIBILIDAD / Caida circuito Bosch - Palos / SL2;Cerrado;11/09/2025 8:34 a;RTV-TECSE RED DATOS;11/09/2025 13:48;RTV-EXTERNAS RDC;2-Alta;Masiva;Operador (A.G.I.)
INC000003768638;Media;EUNOMIA // ATENTO MADRID // SIN ACCESO;Cerrado;11/09/2025 10:10 a;CEP CAU AGI;11/09/2025 11:45;NEG_EUNOMIA;4-Baja;Masiva;SOP_SMC_AULA_CIMA
INC000003768717;Media;ACME APP ORANGE // LA FINCA // ERROR FUNCIONAL;Cerrado;11/09/2025 9:06 a;CEP CAU AGI;30/09/2025 12:16;DES_ACME;4-Baja;Masiva;SOP_TECNICO_BSS
INC000003768725;Media;CERES // OEST OVIEDO // ERROR FUNCIONAL;Cerrado;11/09/2025 9:16 a;CEP CAU AGI;11/09/2025 15:47;CEP CAU AGI;3-Medio;Masiva;OEST - SL
INC000003768771;Media;ALTITUDE // OEST OVIEDO // ERROR FUNCIONAL;Cerrado;11/09/2025 13:54 a;CEP CAU AGI;15/09/2025 7:44;CEP CAU AGI;4-Baja;Masiva;OEST - SL
INC000003768935;Media;PANGEA / JAZZTEL / ERROR FUNCIONAL;Cerrado;11/09/2025 10:01 a;APL_MOV_SOE;15/09/2025 11:07;APL_MOV_SOE;4-Baja;Masiva;PROC_CAD
INC000003769244;Media;LIVEPERSON // BOGOTA // ERROR FUNCIONAL;Cerrado;11/09/2025 20:11 a;CEP CAU AGI;11/09/2025 20:53;CEP CAU AGI;4-Baja;Masiva;MESA DE AYUDA COLOMBIA
INC000003769567;Media;ALTITUDE // MAJOREL JEREZ // ERROR FUNCIONAL;Cerrado;12/09/2025 10:44 a;CEP CAU AGI;12/09/2025 11:28;SOP_TECNICO_CALL_CENTER;4-Baja;Masiva;APL_CON_DESA_SERVICIO_ICF
INC000003769578;Media;PANGEA // ATAC JEREZ // ERROR FUNCIONAL;Cerrado;12/09/2025 11:28 a;CEP CAU AGI;12/09/2025 12:33;CEP CAU AGI;4-Baja;Masiva;MESA DE AYUDA GUADALAJARA
INC000003769684;Media;ALTITUDE // MAJOREL JEREZ // ERROR FUNCIONAL;Cerrado;12/09/2025 12:40 a;CEP CAU AGI;18/09/2025 13:54;SOP_TECNICO_CALL_CENTER;4-Baja;Masiva;APL_CON_DESA_SERVICIO_ICF
INC000003770172;Media;CRM JAZZTEL // MEDELLIN // ERROR FUNCIONAL;Cerrado;12/09/2025 14:28 a;CEP CAU AGI;15/09/2025 7:44;CEP CAU AGI;4-Baja;Masiva;ATC_MADRID_MASIVO
INC000003770188;Media;FICHA DE CLIENTE // TWW LEÓN // ERROR FUNCIONAL;Cerrado;12/09/2025 15:27 a;CEP CAU AGI;29/09/2025 8:11;CEP CAU AGI;3-Medio;Masiva;CALLCENTER_TRANSCOM_LEON
INC000003770245;Media;FICHA DE CLIENTES // FOUNDEVER // ERROR FUNCIONAL;Cerrado;12/09/2025 15:03 a;CEP CAU AGI;15/09/2025 7:43;CEP CAU AGI;4-Baja;Masiva;CALLCENTER_SITEL_SEVILLA
INC000003770265;Media;CRM JAZZTEL // MEDELLIN // ERROR FUNCIONAL;Cerrado;12/09/2025 17:39 a;CEP CAU AGI;14/11/2025 15:05;CEP CAU AGI;4-Baja;Masiva;ATC_MADRID_MASIVO
INC000003770269;Media;[CSO] IP24 // TLP JEREZ // ERROR FUNCIONAL;Cerrado;12/09/2025 19:18 a;CEP CAU AGI;27/10/2025 7:11;CEP CAU AGI;4-Baja;Masiva;APL_CON_DESA_SERVICIO_ICF
INC000003770457;Media;FICHA DE CLIENTE // FOUNDEVER SEVILLA // ERROR FUNCIONAL;Cerrado;12/09/2025 17:25 a;CEP CAU AGI;16/09/2025 9:12;CEP CAU AGI;4-Baja;Masiva;TEIDE_OSP_ICF
INC000003770490;Media;OPEN COBROS / TWW SAN FERNANDO / ERROR FUNCIONAL;Cerrado;13/09/2025 10:36 a;CEP CAU AGI;15/09/2025 12:39;COBROS Y RECOBROS - CONTROL;3-Medio;Masiva;CALLCENTER_TRANSCOM_LEON
INC000003770842;Crítica;INDISPONIBILIDAD/CERTIFICADOS/SL1;Cerrado;13/09/2025 18:45 a;CEP CAU AGI;15/09/2025 10:21;SOP_CIBER_IAM;1-Crítica;Masiva;Operador (A.G.I.)
INC000003771019;Media;HESMS / CONTROL ROOM / ERROR FUNCIONAL;Cerrado;13/09/2025 13:27 a;CEP CAU AGI;13/09/2025 14:03;CEP CAU AGI;4-Baja;Masiva;TEIDE_OSP_ICF
INC000003771038;Media;HPFMS / ISGF MADRID / ERROR FUNCIONAL;Cerrado;14/09/2025 12:26 a;CEP CAU AGI;15/09/2025 21:39;FRAUDE;4-Baja;Masiva;SLN ISGF Murcia
INC000003771039;Media;CRM JAZZTEL / MEDELLIN / ERROR FUNCIONAL;Cerrado;14/09/2025 14:27 a;CEP CAU AGI;23/09/2025 11:26;SOP_ONURIS;4-Baja;Masiva;ATC_MADRID_MASIVO
INC000003771588;Media;LIVEPERSON / MEDELLIN / ERROR FUNCIONAL;Cerrado;15/09/2025 11:22 a;CEP CAU AGI;15/09/2025 12:18;SOP_DJINGO;4-Baja;Masiva;ATC_MADRID_MASIVO
INC000003771592;Media;LIVEPERSON / MEDELLIN / ERROR FUNCIONAL;Cerrado;15/09/2025 12:10 a;CEP CAU AGI;22/09/2025 7:01;CEP CAU AGI;4-Baja;Masiva;ATC_MADRID_MASIVO
INC000003771888;Media;CRM JAZZTEL // BOGOTA // LENTITUD;Cerrado;15/09/2025 13:16 a;CEP CAU AGI;15/09/2025 15:22;SOP_BSS_JAZZTEL;4-Baja;Masiva;MESA DE AYUDA COLOMBIA
INC000003772016;Media;DIGO / ORANGE / ERROR FUNCIONAL;Cerrado;15/09/2025 9:57 a;CEP CAU AGI;16/09/2025 14:34;CEP CAU AGI;4-Baja;Masiva;FIJO CAU ICFF
INC000003772048;Media;LIVEPERSON / MEDELLIN / ERROR FUNCIONAL;Cerrado;15/09/2025 11:39 a;CEP CAU AGI;15/09/2025 12:27;SOP_DJINGO;4-Baja;Masiva;ATC_MADRID_MASIVO
INC000003772049;Media;LIVEPERSON / FOUNDEVER / ERROR FUNCIONAL;Cerrado;15/09/2025 11:24 a;CEP CAU AGI;15/09/2025 13:24;SOP_DJINGO;4-Baja;Masiva;CALLCENTER_SITEL_SEVILLA
INC000003772060;Media;ALTITUDE / SALAMANCA / ERROR FUNCIONAL;Cerrado;15/09/2025 12:05 a;CEP CAU AGI;07/10/2025 10:01;SOP_TECNICO_CALL_CENTER;4-Baja;Masiva;APL_CON_DESA_SERVICIO_ICF
INC000003772096;Media;POLAR // PROVISION // SIN ACCESO;Cerrado;15/09/2025 14:36 a;CEP CAU AGI;15/09/2025 15:19;SOP_TMC_POLAR;4-Baja;Masiva;ST_FTTH
INC000003772118;Media;DJINGO / CONTROL / ERROR FUNCIONAL;Cerrado;15/09/2025 11:03 a;CEP CAU AGI;15/09/2025 12:02;SOP_DJINGO;4-Baja;Masiva;FIJO CAU ICFF
INC000003772122;Media;CRM JAZZTEL / MEDELLIN / ERROR FUNCIONAL;Cerrado;15/09/2025 11:13 a;CEP CAU AGI;15/09/2025 12:41;SOP_BSS_JAZZTEL;4-Baja;Masiva;SLN Teleperformance Medellin
INC000003772180;Media;FICHA DE CLIENTE // GUADALAJARA // ERROR FUNCIONAL;Cerrado;15/09/2025 14:49 a;CEP CAU AGI;14/10/2025 18:16;CEP CAU AGI;4-Baja;Masiva;EDS_MTO
INC000003772325;Media;LIVEPERSON // BOGOTA // ERROR FUNCIONAL;Cerrado;15/09/2025 13:26 a;CEP CAU AGI;15/09/2025 13:59;SOP_DJINGO;3-Medio;Masiva;MESA DE AYUDA COLOMBIA
INC000003772380;Media;PANGEA // JAZZTEL DISTRIBUCION // ERROR FUNCIONAL;Cerrado;15/09/2025 16:56 a;CEP CAU AGI;22/09/2025 7:00;CEP CAU AGI;4-Baja;Masiva;PROC_CAD
INC000003772572;Media;LIVEPERSON // KONECTA SEVILLA // ERROR FUNCIONAL;Cerrado;15/09/2025 18:45 a;CEP CAU AGI;16/09/2025 1:34;CEP CAU AGI;3-Medio;Masiva;CALLCENTER_KONECTA_SEVILLA
INC000003772678;Media;PRDIAS-24392 LIVEPERSON / OEST OVIEDO / ERROR FUNCIONAL;Cerrado;15/09/2025 21:21 a;CEP CAU AGI;16/09/2025 10:50;SOP_DJINGO;3-Medio;Masiva;OEST - SL
INC000003773530;Media;POLAR // PROVISION // LENTITUD;Cerrado;16/09/2025 11:40 a;CEP CAU AGI;16/09/2025 13:02;SOP_TMC_POLAR;4-Baja;Masiva;ST_FTTH
INC000003774060;Media;HPFMS / ISGF MADRID / ERROR FUNCIONAL;Cerrado;16/09/2025 19:27 a;CEP CAU AGI;22/09/2025 8:45;FRAUDE;3-Medio;Masiva;SLN ISGF Murcia
INC000003774262;Media;ALTITUDE / NTTDATA / SIN ACCESO;Cerrado;17/09/2025 8:16 a;CEP CAU AGI;18/09/2025 12:39;SOP_TECNICO_CALL_CENTER;4-Baja;Masiva;NEG_PROV_ORANGE
INC000003774922;Media;VERINT // ISGF MURCIA // ERROR FUNCIONAL;Cerrado;17/09/2025 11:20 a;CEP CAU AGI;17/09/2025 12:54;SOP_TECNICO_CALL_CENTER;3-Medio;Masiva;SLN ISGF Murcia
INC000003774958;Media;IP24 // ATOS // ERROR FUNCIONAL;Cerrado;17/09/2025 13:31 a;CEP CAU AGI;11/11/2025 14:22;APL_MOV_SOE;4-Baja;Masiva;SOP_BIGDATA_MEDIATION
INC000003775021;Media;LIVEPERSON / ANDES 1 / ERROR FUNCIONAL;Cerrado;17/09/2025 12:23 a;CEP CAU AGI;17/09/2025 13:15;SOP_DJINGO;4-Baja;Masiva;SLN Teleperformance Medellin
INC000003775150;Alta;POLAR / ALICANTE / SIN ACCESO;Cerrado;17/09/2025 13:29 a;CEP CAU AGI;17/09/2025 17:36;CEP CAU AGI;3-Medio;Masiva;NEG_PROV_ORANGE
INC000003775686;Media;IP24 // ATAC JEREZ // ERROR FUNCIONAL;Cerrado;18/09/2025 10:59 a;CEP CAU AGI;18/09/2025 14:26;SOP_TMC_SIGMA;4-Baja;Masiva;MESA DE AYUDA GUADALAJARA
INC000003775703;Media;PRDIAS-24428 LIVEPERSON / CONTROL ROOM / ERROR FUNCIONAL;Cerrado;17/09/2025 17:03 a;CEP CAU AGI;24/09/2025 11:38;DES_DJINGO;4-Baja;Masiva;TEIDE_OSP_ICF
INC000003775723;Media;FICHA DE CLIENTE / MEDELLIN / ERROR FUNCIONAL;Cerrado;17/09/2025 20:46 a;CEP CAU AGI;22/09/2025 7:00;CEP CAU AGI;3-Medio;Masiva;ATC_MADRID_MASIVO
INC000003775814;Media;PANGEA / KONECTA / ERROR FUNCIONAL;Cerrado;17/09/2025 17:46 a;CEP CAU AGI;27/10/2025 11:09;CEP CAU AGI;4-Baja;Masiva;PROC_CAD
INC000003775819;Media;IVR / JAZZPLAT COLOMBIA / ERROR FUNCIONAL;Cerrado;17/09/2025 19:16 a;CEP CAU AGI;22/09/2025 7:00;CEP CAU AGI;4-Baja;Masiva;MESA DE AYUDA COLOMBIA
INC000003775859;Media;ALTITUDE / ISGF MURCIA / ERROR FUNCIONAL;Cerrado;18/09/2025 9:59 a;CEP CAU AGI;23/09/2025 11:07;SOP_TECNICO_CALL_CENTER;4-Baja;Masiva;SLN ISGF Murcia
INC000003776373;Media;FICHA DE CLIENTE / MARKTEL VALENCIA / ERROR FUNCIONAL;Cerrado;18/09/2025 13:27 a;CEP CAU AGI;18/09/2025 15:34;APL_MOV_SOE;3-Medio;Masiva;SLN Marktel Valencia
INC000003776384;Media;LIVEPERSON // MEDELLIN // ERROR FUNCIONAL;Cerrado;18/09/2025 13:28 a;CEP CAU AGI;18/09/2025 14:18;SOP_DJINGO;4-Baja;Masiva;ATC_MADRID_MASIVO
INC000003776747;Media;COCO / ISGF MADRID / ERROR FUNCIONAL;Cerrado;18/09/2025 15:05 a;CEP CAU AGI;18/09/2025 19:40;Control de Consumo;4-Baja;Masiva;SLN ISGF Murcia
INC000003776786;Media;VERINT / ISGF MURCIA / ERROR FUNCIONAL;Cerrado;18/09/2025 18:23 a;CEP CAU AGI;22/09/2025 6:59;CEP CAU AGI;3-Medio;Masiva;SLN ISGF Murcia
INC000003776839;Media;IP24 // GUADALAJARA // ERROR FUNCIONAL;Cerrado;18/09/2025 14:18 a;CEP CAU AGI;22/09/2025 17:31;SOP_SMC_AURORA;4-Baja;Masiva;EDS_MTO
INC000003776928;Media;WEB MANTENEDORES / TP MEDELLIN / ERROR FUNCIONAL;Cerrado;18/09/2025 17:17 a;CEP CAU AGI;18/09/2025 18:22;CEP CAU AGI;4-Baja;Masiva;ATC_MADRID_MASIVO
INC000003777722;Media;ALTAIR / LA FINCA / ERROR FUNCIONAL;Cerrado;19/09/2025 9:36 a;CEP CAU AGI;02/10/2025 13:43;CEP CAU AGI;4-Baja;Masiva;Soporte CCA
INC000003778158;Crítica;Degradacion - telefonica - SL2;Cerrado;20/09/2025 15:49 a;RTV-TECSE RED DATOS;20/09/2025 19:30;Soporte Datapower;2-Alta;Masiva;Operador (A.G.I.)
INC000003778178;Media;[2025R9] DIGO // LA FINCA // ERROR FUNCIONAL;Cerrado;21/09/2025 9:07 a;CEP CAU AGI;21/09/2025 15:15;DES_Boreal;3-Medio;Masiva;BO CLIENTE FINAL
INC000003778290;Media;ACME JAZZTEL // MEDELLIN // ERROR FUNCIONAL;Cerrado;20/09/2025 21:57 a;CEP CAU AGI;26/09/2025 13:40;SOP_TMC_SIGMA;4-Baja;Masiva;EDS_MTO
INC000003778420;Media;RIKO / JAZZPLAT COLOMBIA / ERROR FUNCIONAL;Cerrado;20/09/2025 9:59 a;CEP CAU AGI;20/09/2025 11:57;SOP_TECNICO_CALL_CENTER;4-Baja;Masiva;MESA DE AYUDA COLOMBIA
INC000003778447;Media;[2025R9] LIVEPERSON / OEST OVIEDO / ERROR FUNCIONAL;Cerrado;21/09/2025 9:46 a;CEP CAU AGI;21/09/2025 13:32;DES_DJINGO;3-Medio;Masiva;OEST - SL
INC000003778512;Media;IP24 / ATAC JEREZ / ERROR FUNCIONAL;Cerrado;19/09/2025 19:18 a;CEP CAU AGI;25/09/2025 11:43;CEP CAU AGI;4-Baja;Masiva;APL_CON_DESA_SERVICIO_ICF
INC000003778517;Media;ALTAIR / GUADALAJARA / ERROR FUNCIONAL;Cerrado;19/09/2025 21:08 a;CEP CAU AGI;22/09/2025 16:00;CEP CAU AGI;3-Medio;Masiva;MESA DE AYUDA GUADALAJARA
INC000003779520;Alta;ACME // CONTROL ROOM // SIN ACCESO;Cerrado;22/09/2025 8:50 a;CEP CAU AGI;22/09/2025 11:29;DES_CLU;4-Baja;Masiva;TEIDE_OSP_ICF
INC000003779565;Media;PEOPLESOFT // GUADALAJARA // ERROR FUNCIONAL;Cerrado;22/09/2025 10:37 a;CEP CAU AGI;24/09/2025 22:31;CEP CAU AGI;4-Baja;Masiva;MESA DE AYUDA GUADALAJARA
INC000003779574;Alta;[2025R9] IP24 // ATAC JEREZ // ERROR FUNCIONAL;Cerrado;22/09/2025 10:46 a;CEP CAU AGI;22/09/2025 22:01;SOP_SMC_TEIDE;2-Alta;Masiva;MESA DE AYUDA GUADALAJARA
INC000003779590;Media;[2025R9] FICHA DE CLIENTE // FOUNDEVER SEVILLA // ERROR FUNCIONAL;Cerrado;22/09/2025 11:10 a;CEP CAU AGI;24/09/2025 15:15;TEIDE_OSP_Soporte_Tecnico;4-Baja;Masiva;TEIDE_OSP_ICF
INC000003779594;Media;[2025R9] FICHA DE CLIENTE // OEST OVIEDO // LENTITUD;Cerrado;22/09/2025 11:23 a;CEP CAU AGI;22/09/2025 13:40;APL_MOV_SOE;3-Medio;Masiva;OEST - SL
INC000003779860;Media;IVR // ISGF MURCIA // ERROR FUNCIONAL;Cerrado;22/09/2025 11:05 a;CEP CAU AGI;06/10/2025 8:04;CEP CAU AGI;4-Baja;Masiva;SLN ISGF Murcia
INC000003779931;Media;[2025R9] FICHA DE CLIENTE // ISGF MURCIA // ERROR FUNCIONAL;Cerrado;22/09/2025 10:54 a;CEP CAU AGI;01/10/2025 8:40;DES_SOE_FICHA;4-Baja;Masiva;SLN ISGF Murcia
INC000003779937;Media;[2025R9] FICHA DE CLIENTE // FOUNDEVER SEVILLA // ERROR FUNCIONAL;Cerrado;22/09/2025 12:12 a;CEP CAU AGI;25/09/2025 10:17;GC FACTURACION 1;2-Alta;Masiva;CALLCENTER_SITEL_SEVILLA
INC000003779938;Media;FICHA DE CLIENTE // GUADALAJARA // ERROR FUNCIONAL;Cerrado;22/09/2025 11:42 a;CEP CAU AGI;29/10/2025 11:06;FIJO APL Mto. Catalogo;4-Baja;Masiva;NEG_GSI
INC000003779963;Media;[2025R9] FICHA DE CLIENTE // ISGF MURCIA // ERROR FUNCIONAL;Cerrado;22/09/2025 12:08 a;CEP CAU AGI;24/09/2025 11:41;DES_SOE_FICHA;2-Alta;Masiva;SLN ISGF Murcia
INC000003779976;Media;[2025R9] WEB DE COMPROBANTES // ISGF MURCIA // ERROR FUNCIONAL;Cerrado;22/09/2025 12:50 a;CEP CAU AGI;22/09/2025 16:17;SOP_MOV_COMPROBANTES_TIENDAS;4-Baja;Masiva;SLN ISGF Murcia
INC000003780308;Media;[2025R9] FICHA DE CLIENTE // ISGF MURCIA // ERROR FUNCIONAL;Cerrado;22/09/2025 11:56 a;CEP CAU AGI;24/09/2025 12:46;DES_SOE_FICHA;2-Alta;Masiva;SLN ISGF Murcia
INC000003780310;Media;[2025R9] FICHA DE CLIENTE // ISGF MURCIA // ERROR FUNCIONAL;Cerrado;22/09/2025 12:01 a;CEP CAU AGI;02/10/2025 16:02;ANALISIS_CON_ORBIUM_DWHU;2-Alta;Masiva;SLN ISGF Murcia
INC000003780320;Media;CRM JAZZTEL // KONECTA MADRID // ERROR FUNCIONAL;Cerrado;22/09/2025 12:50 a;CEP CAU AGI;29/09/2025 10:08;DES_SOE_MICROSJZ;4-Baja;Masiva;PROC_CAD
INC000003780445;Media;FICHA DE CLIENTE / MEDELLIN / ERROR FUNCIONAL;Cerrado;22/09/2025 15:23 a;CEP CAU AGI;22/09/2025 19:05;CEP CAU AGI;4-Baja;Masiva;ATC_MADRID_MASIVO
INC000003780494;Media;LIVEPERSON // BOGOTA // ERROR FUNCIONAL;Cerrado;22/09/2025 17:48 a;CEP CAU AGI;22/09/2025 18:46;SOP_DJINGO;4-Baja;Masiva;MESA DE AYUDA COLOMBIA
INC000003780601;Media;[2025R9] - CRM JAZZTEL // BOGOTA // ERROR FUNCIONAL;Cerrado;22/09/2025 14:29 a;CEP CAU AGI;25/09/2025 8:26;DES_CRM4T;4-Baja;Masiva;ATC_MADRID_MASIVO
INC000003780655;Media;Case #01496049 LIVEPERSON // FOUNDEVER // ERROR FUNCIONAL;Cerrado;22/09/2025 16:24 a;CEP CAU AGI;23/09/2025 15:22;SOP_LIVEPERSON;4-Baja;Masiva;CALLCENTER_SITEL_SEVILLA
INC000003780680;Media;IP24 // TWW LEON // ERROR FUNCIONAL;Cerrado;22/09/2025 20:07 a;CEP CAU AGI;23/09/2025 9:16;CEP CAU AGI;4-Baja;Masiva;CALLCENTER_TRANSCOM_LEON
INC000003780682;Media;FICHA DE CLIENTE // GUADALAJARA // ERROR FUNCIONAL;Cerrado;22/09/2025 20:51 a;CEP CAU AGI;22/09/2025 22:14;APL_MOV_SOE;4-Baja;Masiva;MESA DE AYUDA GUADALAJARA
INC000003780820;Media;ALTITUDE / GUADALAJARA / ERROR FUNCIONAL;Cerrado;22/09/2025 16:24 a;CEP CAU AGI;23/09/2025 9:58;SOP_TECNICO_CALL_CENTER;4-Baja;Masiva;MESA DE AYUDA GUADALAJARA
INC000003781154;Media;FICHA CLIENTE MM // GUADALAJARA // ERROR FUNCIONAL;Cerrado;23/09/2025 9:35 a;CEP CAU AGI;23/09/2025 12:14;DES_SOE_FDCMM;4-Baja;Masiva;MESA DE AYUDA GUADALAJARA
INC000003781638;Media;WOC // MADRID // SIN ACCESO;Cerrado;23/09/2025 11:03 a;CEP CAU AGI;23/09/2025 12:20;CEP CAU AGI;4-Baja;Masiva;CALLCENTER_TRANSCOM_LEON
INC000003781687;Media;AURORA // NTT DATA // ERROR FUNCIONAL;Cerrado;23/09/2025 14:09 a;CEP CAU AGI;23/09/2025 15:55;SOP_SMC_AURORA;4-Baja;Masiva;NEG_PROV_ORANGE
INC000003782014;Media;POLAR // PROVISION // LENTITUD;Cerrado;23/09/2025 13:00 a;CEP CAU AGI;23/09/2025 14:07;SOP_TMC_POLAR;4-Baja;Masiva;ST_FTTH
INC000003782071;Media;PRDIAS-24518 LIVEPERSON // KONECTA SEVILLA // ERROR FUNCIONAL;Cerrado;23/09/2025 17:07 a;CEP CAU AGI;24/09/2025 16:29;SOP_DJINGO;4-Baja;Masiva;CALLCENTER_KONECTA_SEVILLA
INC000003782081;Media;PRDIAS-24515 DJINGO // CONTROL ROOM // ERROR FUNCIONAL;Cerrado;23/09/2025 17:47 a;CEP CAU AGI;06/10/2025 10:55;DES_DJINGO;4-Baja;Masiva;TEIDE_OSP_ICF
INC000003782143;Media;FICHA DE CLIENTE // GUADALAJARA // ERROR FUNCIONAL;Cerrado;23/09/2025 13:55 a;CEP CAU AGI;29/09/2025 8:10;CEP CAU AGI;4-Baja;Masiva;MESA DE AYUDA GUADALAJARA
INC000003782190;Media;DJINGO // CONTROL ROOM // ERROR FUNCIONAL;Cerrado;23/09/2025 15:29 a;CEP CAU AGI;23/09/2025 18:18;SOP_DJINGO;4-Baja;Masiva;TEIDE_OSP_ICF
INC000003782371;Media;SIEBEL 7 // JAZZPLAT COLOMBIA // ERROR FUNCIONAL;Cerrado;23/09/2025 20:41 a;CEP CAU AGI;29/09/2025 8:10;CEP CAU AGI;4-Baja;Masiva;MESA DE AYUDA COLOMBIA
INC000003782510;Media;PRDIAS-24541 LIVEPERSON // LANALDEN // ERROR FUNCIONAL;Cerrado;23/09/2025 16:49 a;CEP CAU AGI;09/10/2025 12:33;DES_ASISTENTE;4-Baja;Masiva;SLN Arvato Salamanca
INC000003782517;Media;[2025R9] FICHA CLIENTE MM // BOGOTA // ERROR FUNCIONAL;Cerrado;23/09/2025 17:32 a;CEP CAU AGI;24/09/2025 10:44;DES_SOE_FDCMM;4-Baja;Masiva;MESA DE AYUDA COLOMBIA
INC000003782524;Media;POLAR / PROVISION / NO ACCESO;Cerrado;23/09/2025 18:12 a;CEP CAU AGI;23/09/2025 18:39;SOP_TMC_POLAR;4-Baja;Masiva;ST_FTTH
INC000003782528;Media;ALTITUDE // GUADALAJARA // ERROR FUNCIONAL;Cerrado;23/09/2025 18:28 a;CEP CAU AGI;23/09/2025 19:26;SOP_TECNICO_CALL_CENTER;4-Baja;Masiva;MESA DE AYUDA GUADALAJARA
INC000003782592;Media;LIVEPERSON / KONECTA SEVILLA // ERROR FUNCIONAL;Cerrado;24/09/2025 11:28 a;CEP CAU AGI;26/09/2025 14:16;SOP_NABOO;4-Baja;Masiva;CALLCENTER_KONECTA_SEVILLA
INC000003782802;Media;GED // GUADALAJARA // ERROR FUNCIONAL;Cerrado;23/09/2025 19:15 a;CEP CAU AGI;24/09/2025 8:21;CEP CAU AGI;4-Baja;Masiva;MESA DE AYUDA GUADALAJARA
INC000003782840;Media;FICHA DE CLIENTE // LUGO // ERROR FUNCIONAL;Cerrado;24/09/2025 10:19 a;CEP CAU AGI;29/09/2025 8:12;CEP CAU AGI;4-Baja;Masiva;TEIDE_OSP_ICF
INC000003782841;Media;CERES // OEST OVIEDO // ERROR FUNCIONAL;Cerrado;24/09/2025 10:20 a;CEP CAU AGI;24/09/2025 11:26;CEP CAU AGI;4-Baja;Masiva;OEST - SL
INC000003782862;Media;FICHA DE CLIENTE / KONECTA SEVILLA / ERROR FUNCIONAL;Cerrado;24/09/2025 11:32 a;CEP CAU AGI;03/10/2025 9:19;Soporte Siebel;4-Baja;Masiva;CALLCENTER_KONECTA_SEVILLA
INC000003782863;Media;FICHA DE CLIENTE // KONECTA SEVILLA // ERROR FUNCIONAL;Cerrado;24/09/2025 12:30 a;CEP CAU AGI;24/09/2025 14:26;CEP CAU AGI;4-Baja;Masiva;CALLCENTER_KONECTA_SEVILLA
INC000003782896;Media;PRDIAS-24538 DJINGO // CONTROLROOM // ERROR FUNCIONAL;Cerrado;24/09/2025 13:44 a;CEP CAU AGI;29/09/2025 8:04;DES_DJINGO;4-Baja;Masiva;TEIDE_OSP_ICF
INC000003783042;Media;SIEBEL M2M // GUADALAJARA // SIN ACCESO;Cerrado;24/09/2025 9:33 a;CEP CAU AGI;29/09/2025 8:07;CEP CAU AGI;4-Baja;Masiva;Integraciones
INC000003783251;Alta;FICHA DE CLIENTE // TWW LEON // ERROR FUNCIONAL;Cerrado;24/09/2025 13:00 a;CEP CAU AGI;24/09/2025 15:28;APL_MOV_CERES;1-Crítica;Masiva;CALLCENTER_TRANSCOM_LEON
INC000003783360;Alta;SDM//HUAWEI//ERRORFUNCIONAL;Cerrado;24/09/2025 16:42 a;FRONTOFFICE;25/09/2025 12:00;SOP_TMC_SIGMA;2-Alta;Masiva;FRONTOFFICE
INC000003783377;Media;IP24 // MADISON // ERROR FUNCIONAL;Cerrado;24/09/2025 16:53 a;CEP CAU AGI;24/09/2025 17:05;CEP CAU AGI;4-Baja;Masiva;TEIDE_OSP_ICF
INC000003783557;Media;FICHA DE CLIENTE // BOSCH VIGO // ERROR FUNCIONAL;Cerrado;24/09/2025 16:04 a;CEP CAU AGI;29/09/2025 8:05;CEP CAU AGI;4-Baja;Masiva;TEIDE_OSP_ICF
INC000003783719;Media;[2025R9] FICHA DE CLIENTE // FOUNDEVER SEVILLA // ERROR FUNCIONAL;Cerrado;24/09/2025 15:18 a;CEP CAU AGI;09/10/2025 16:15;DES_KRATOS;4-Baja;Masiva;TEIDE_OSP_ICF
INC000003783916;Media;PRDIAS-24543  LIVEPERSON // MEDELLIN // ERROR FUNCIONAL;Cerrado;24/09/2025 19:19 a;CEP CAU AGI;30/09/2025 14:17;SOP_DJINGO;4-Baja;Masiva;ATC_MADRID_MASIVO
INC000003783922;Media;PRDIAS-24556 LIVEPERSON // MEDELLIN // ERROR FUNCIONAL;Cerrado;24/09/2025 19:49 a;CEP CAU AGI;01/10/2025 11:55;SOP_ASISTENTE;4-Baja;Masiva;SLN Teleperformance Medellin
INC000003783968;Media;IP24 // LUGO // ERROR FUNCIONAL;Cerrado;25/09/2025 10:04 a;CEP CAU AGI;29/09/2025 8:05;CEP CAU AGI;4-Baja;Masiva;TEIDE_OSP_ICF
INC000003783970;Media;FICHA DE CLIENTE / FOUNDEVER SEVILLA / ERROR FUNCIONAL;Cerrado;25/09/2025 10:13 a;CEP CAU AGI;29/09/2025 8:05;CEP CAU AGI;4-Baja;Masiva;TEIDE_OSP_ICF
INC000003784135;Media;PROMETHEUS // TLP JEREZ // ERROR FUNCIONAL;Cerrado;25/09/2025 10:34 a;CEP CAU AGI;29/09/2025 8:09;CEP CAU AGI;4-Baja;Masiva;APL_CON_DESA_SERVICIO_ICF
INC000003784347;Media;[2025R9] WEB DE COMPROBANTES // TWW LEON // ERROR FUNCIONAL;Cerrado;25/09/2025 11:20 a;CEP CAU AGI;29/09/2025 8:02;CEP CAU AGI;4-Baja;Masiva;CALLCENTER_TRANSCOM_LEON
INC000003784398;Media;POLAR / PROVISION / LENTITUD;Cerrado;25/09/2025 14:03 a;CEP CAU AGI;25/09/2025 14:32;SOP_TMC_POLAR;4-Baja;Masiva;ST_FTTH
INC000003784680;Media;PANGEA // DISTRIBUCION JAZZTEL // ERROR FUNCIONAL;Cerrado;25/09/2025 15:49 a;CEP CAU AGI;25/09/2025 21:12;CEP CAU AGI;4-Baja;Masiva;PROC_CAD
INC000003785083;Media;[2025R9] FICHA DE CLIENTE // MAJOREL JEREZ // ERROR FUNCIONAL;Cerrado;25/09/2025 18:11 a;CEP CAU AGI;15/10/2025 12:25;APL_MOV_SOE;4-Baja;Masiva;APL_CON_DESA_SERVICIO_ICF
INC000003785091;Media;CRM4TELCO // MEDELLIN //ERROR FUNCIONAL;Cerrado;25/09/2025 20:24 a;CEP CAU AGI;26/09/2025 8:20;CEP CAU AGI;4-Baja;Masiva;SLN Teleperformance Medellin
INC000003785111;Media;DSPAMG-1345 LIVEPERSON // OEST OVIEDO //ERROR FUNCIONAL;Cerrado;25/09/2025 15:19 a;CEP CAU AGI;17/11/2025 18:02;CEP CAU AGI;4-Baja;Masiva;OEST - SL
INC000003785134;Media;PANGEA // ATAC JEREZ // ERROR FUNCIONAL;Cerrado;25/09/2025 17:29 a;CEP CAU AGI;26/09/2025 12:52;APL_MOV_SOE;4-Baja;Masiva;TEIDE_OSP_ICF
INC000003785143;Media;IP24 // MEDELLIN // ERROR FUNCIONAL;Cerrado;25/09/2025 19:53 a;CEP CAU AGI;29/09/2025 8:01;CEP CAU AGI;4-Baja;Masiva;ATC_MADRID_MASIVO
INC000003785160;Media;FICHA DE CLIENTE // KONECTA SEVILLA // ERROR FUNCIONAL;Cerrado;25/09/2025 21:36 a;CEP CAU AGI;29/09/2025 17:44;APL_MOV_SOE;4-Baja;Masiva;CALLCENTER_KONECTA_SEVILLA
INC000003785209;Media;ACME APP JAZZTEL // MEDELLIN // ERROR FUNCIONAL;Cerrado;25/09/2025 15:26 a;CEP CAU AGI;25/09/2025 17:15;SOP_TMC_ACME_JAZZTEL;4-Baja;Masiva;ATC_MADRID_MASIVO
INC000003785226;Media;WEB MANTENEDORES // GUADALAJARA // ERROR FUNCIONAL;Cerrado;25/09/2025 16:57 a;CEP CAU AGI;29/09/2025 8:00;CEP CAU AGI;4-Baja;Masiva;MESA DE AYUDA GUADALAJARA
INC000003785249;Media;MYADDRESS // BOSCH VIGO // ERROR FUNCIONAL;Cerrado;25/09/2025 20:26 a;CEP CAU AGI;29/09/2025 7:59;CEP CAU AGI;4-Baja;Masiva;TEIDE_OSP_ICF
INC000003785427;Media;PANGEA // ATAC JEREZ // ERROR FUNCIONAL;Cerrado;25/09/2025 20:44 a;CEP CAU AGI;28/09/2025 18:23;CEP CAU AGI;4-Baja;Masiva;TEIDE_OSP_ICF
INC000003785429;Media;GED // GUADALAJARA // NO ACCESO;Cerrado;25/09/2025 21:10 a;CEP CAU AGI;26/09/2025 8:10;CEP CAU AGI;3-Medio;Masiva;MESA DE AYUDA GUADALAJARA
INC000003785452;Media;CITRIX // ISGF MADRID // LENTITUD;Cerrado;26/09/2025 8:54 a;CEP CAU AGI;29/09/2025 7:59;CEP CAU AGI;4-Baja;Masiva;SLN ISGF Murcia
INC000003785645;Media;LIVEPERSON // MEDELLIN // ERROR FUNCIONAL;Cerrado;26/09/2025 10:00 a;CEP CAU AGI;26/09/2025 11:10;SOP_ASISTENTE;4-Baja;Masiva;ATC_MADRID_MASIVO
INC000003786004;Media;ALTITUD // FOUNDEVER SEVILLA // ERROR FUNCIONAL;Cerrado;26/09/2025 10:32 a;CEP CAU AGI;26/09/2025 10:58;SOP_TECNICO_CALL_CENTER;4-Baja;Masiva;TEIDE_OSP_ICF
INC000003786192;Media;PRDIAS-24577 LIVEPERSON // BOGOTA // ERROR FUNCIONAL;Cerrado;26/09/2025 17:21 a;CEP CAU AGI;13/10/2025 12:10;CEP CAU AGI;4-Baja;Masiva;MESA DE AYUDA COLOMBIA
INC000003786841;Media;ALTITUDE // MEDELLIN // SIN ACCESO;Cerrado;29/09/2025 8:31 a;CEP CAU AGI;29/09/2025 8:59;SOP_TECNICO_CALL_CENTER;4-Baja;Masiva;SLN Teleperformance Medellin
INC000003786842;Alta;INDISPONIBILIDAD // SIRES // SL2;Cerrado;29/09/2025 8:40 a;CEP CAU AGI;29/09/2025 13:39;Tecnología;3-Medio;Masiva;SLN Teleperformance Medellin
INC000003787028;Media;FICHA DE CLIENTE // GUADALAJARA // ERROR FUNCIONAL;Cerrado;28/09/2025 11:25 a;CEP CAU AGI;28/09/2025 15:02;Tecnología;2-Alta;Masiva;MESA DE AYUDA GUADALAJARA
INC000003787311;Media;DJINGO // CONTROL ROOM // ERROR FUNCIONAL;Cerrado;27/09/2025 18:05 a;CEP CAU AGI;27/09/2025 19:24;SOP_DJINGO;3-Medio;Masiva;TEIDE_OSP_ICF
INC000003787316;Media;FICHA DE CLIENTE // OEST OVIEDO // ERROR FUNCIONAL;Cerrado;28/09/2025 12:48 a;CEP CAU AGI;28/09/2025 14:31;APL_MOV_SOE;2-Alta;Masiva;OEST - SL
INC000003787380;Alta;BSCS // ATENTO // LENTITUD;Cerrado;29/09/2025 11:03 a;CEP CAU AGI;29/09/2025 11:16;SOP_TMC_BSCS_ONLINE;2-Alta;Masiva;TEIDE_OSP_ICF
INC000003788185;Media;IP24 // ATAC JEREZ // LENTITUD;Cerrado;29/09/2025 14:52 a;CEP CAU AGI;29/09/2025 15:43;TEIDE_OSP_Soporte_Tecnico;4-Baja;Masiva;APL_CON_DESA_SERVICIO_ICF
INC000003788364;Media;LIVEPERSON // FOUNDEVER SEVILLA // ERROR FUNCIONAL;Cerrado;29/09/2025 15:01 a;CEP CAU AGI;29/09/2025 15:30;SOP_DJINGO;4-Baja;Masiva;TEIDE_OSP_ICF
INC000003788506;Media;LUNA // LA FINCA // ERROR FUNCIONAL;Cerrado;29/09/2025 11:54 a;CEP CAU AGI;18/11/2025 11:06;CEP CAU AGI;3-Medio;Masiva;BO CLIENTE FINAL
INC000003788687;Media;CERES // SALAMANCA - OEST // ERROR FUNCIONAL;Cerrado;29/09/2025 17:05 a;CEP CAU AGI;29/09/2025 19:14;CEP CAU AGI;4-Baja;Masiva;OEST - SL
INC000003788823;Media;CRM JAZZTEL // ISGF MURCIA // ERROR FUNCIONAL;Cerrado;29/09/2025 19:28 a;CEP CAU AGI;30/09/2025 9:10;CEP CAU AGI;4-Baja;Masiva;SLN ISGF Murcia
INC000003788859;Media;ALTITUDE / NTT DATA / SIN ACCESO;Cerrado;30/09/2025 8:13 a;CEP CAU AGI;30/09/2025 8:26;SOP_TECNICO_CALL_CENTER;4-Baja;Masiva;NEG_PROV_ORANGE
INC000003789088;Media;FICHA CLIENTE MM // BOGOTA // ERROR FUNCIONAL;Cerrado;30/09/2025 11:07 a;CEP CAU AGI;30/09/2025 16:18;DES_SOE_FDCMM;4-Baja;Masiva;MESA DE AYUDA COLOMBIA
INC000003789194;Media;IVR // CONTROL ROOM // ERROR FUNCIONAL;Cerrado;30/09/2025 11:18 a;CEP CAU AGI;30/09/2025 13:43;SOP_TECNICO_CALL_CENTER;4-Baja;Masiva;TEIDE_OSP_ICF
INC000003789758;Media;PRDIAS-24953 LIVEPERSON // MEDELLIN // ERROR FUNCIONAL;Cerrado;30/09/2025 14:48 a;CEP CAU AGI;27/10/2025 7:10;CEP CAU AGI;4-Baja;Masiva;SLN Teleperformance Medellin
INC000003789778;Media;ALTAIR // MAJOREL JEREZ // ERROR FUNCIONAL;Cerrado;30/09/2025 16:16 a;CEP CAU AGI;30/09/2025 17:40;Fijo Activacion LUNA;4-Baja;Masiva;APL_CON_DESA_SERVICIO_ICF
INC000003789804;Media;CITRIX // ATENTO MADRID // ERROR FUNCIONAL;Cerrado;30/09/2025 11:41 a;CEP CAU AGI;30/09/2025 13:20;CEP CAU AGI;4-Baja;Masiva;TEIDE_OSP_ICF
INC000003789853;Media;AGORA // ATAC GUADALAJARA // ERROR FUNCIONAL;Cerrado;30/09/2025 13:50 a;CEP CAU AGI;06/10/2025 8:04;CEP CAU AGI;4-Baja;Masiva;NEG_PROVISION_PYME
INC000003789880;Media;[CSO] FICHA DE CLIENTE // MEDELLIN // ERROR FUNCIONAL;Cerrado;30/09/2025 16:13 a;CEP CAU AGI;26/01/2026 7:02;CEP CAU AGI;4-Baja;Masiva;ATC_MADRID_MASIVO
INC000003790260;Media;POLAR // PROVISIÓN // LENTITUD;Cerrado;30/09/2025 18:10 a;CEP CAU AGI;30/09/2025 18:43;SOP_TMC_POLAR;4-Baja;Masiva;ST_FTTH
INC000003790503;Media;FICHA DE CLIENTE // MALAGA// ERROR FUNCIONAL;Cerrado;30/09/2025 17:55 a;CEP CAU AGI;10/11/2025 9:25;CEP CAU AGI;4-Baja;Masiva;TEIDE_OSP_ICF
INC000003790656;Media;A-ELEMENTOS DE RED // GUADALAJARA // LENTITUD;Cerrado;01/10/2025 10:05 a;CEP CAU AGI;01/10/2025 17:30;RTV-TECSE RED DATOS;3-Medio;Masiva;MESA DE AYUDA GUADALAJARA
INC000003790710;Media;ALTITUDE // NTT DATA // ERROR FUNCIONAL;Cerrado;01/10/2025 8:13 a;CEP CAU AGI;01/10/2025 9:40;SOP_TECNICO_CALL_CENTER;4-Baja;Masiva;NEG_PROV_ORANGE
INC000003790725;Media;PRDIAS-24726 LIVEPERSON // BIZKAIA // ERROR FUNCIONAL;Cerrado;01/10/2025 9:50 a;CEP CAU AGI;27/10/2025 10:22;SOP_ASISTENTE;3-Medio;Masiva;SLN Arvato Salamanca
INC000003790747;Media;FICHA DE CLIENTE // MAJOREL SALAMANCA // ERROR FUNCIONAL;Cerrado;01/10/2025 10:37 a;CEP CAU AGI;06/10/2025 10:26;DES_SOE_FICHA;3-Medio;Masiva;APL_CON_DESA_SERVICIO_ICF
INC000003790799;Media;CITRIX // ATENTO // SIN ACCESO;Cerrado;01/10/2025 13:00 a;CEP CAU AGI;01/10/2025 19:42;CEP CAU AGI;4-Baja;Masiva;TEIDE_OSP_ICF
INC000003791579;Media;PANGEA // LA FINCA // ERROR FUNCIONAL;Cerrado;01/10/2025 17:54 a;CEP CAU AGI;10/11/2025 9:25;CEP CAU AGI;4-Baja;Masiva;SOP_CS_INYEC_E2E
INC000003791662;Media;EXCALIBUR // LA FINCA // ERROR FUNCIONAL;Cerrado;01/10/2025 18:00 a;CEP CAU AGI;10/10/2025 13:25;SOP_TMC_EXCALIBUR;4-Baja;Masiva;USU_UATS_SAC
INC000003791663;Media;POLAR // PROVISIÓN // LENTITUD;Cerrado;01/10/2025 17:58 a;CEP CAU AGI;01/10/2025 18:29;SOP_TMC_POLAR;4-Baja;Masiva;ST_FTTH
INC000003792158;Media;ALTITUDE // NTTDATA ALICANTE // SIN ACCESO;Cerrado;02/10/2025 10:24 a;CEP CAU AGI;06/10/2025 8:16;SOP_TECNICO_CALL_CENTER;4-Baja;Masiva;NEG_PROV_ORANGE
INC000003792253;Media;ALTITUDE // OVIEDO // ERROR FUNCIONAL;Cerrado;02/10/2025 12:40 a;CEP CAU AGI;02/10/2025 14:41;CEP CAU AGI;4-Baja;Masiva;OEST - SL
INC000003792297;Media;PAE / LA FINCA / ERROR FUNCIONAL;Cerrado;02/10/2025 14:42 a;CEP CAU AGI;06/10/2025 16:46;SOP_TMC_FDCS;4-Baja;Masiva;TEIDE_OSP_ICF
INC000003792689;Media;CERES // OEST OVIEDO // ERROR FUNCIONAL;Cerrado;02/10/2025 13:11 a;CEP CAU AGI;02/10/2025 14:05;CEP CAU AGI;3-Medio;Masiva;OEST - SL
INC000003792777;Media;LIVEPERSON // KONECTA SEVILLA // ERROR FUNCIONAL;Cerrado;02/10/2025 13:58 a;CEP CAU AGI;06/10/2025 8:04;CEP CAU AGI;4-Baja;Masiva;CALLCENTER_KONECTA_SEVILLA
INC000003792968;Media;PANGEA // TLP ATAC JEREZ // ERROR FUNCIONAL;Cerrado;02/10/2025 17:16 a;CEP CAU AGI;03/10/2025 11:43;CEP CAU AGI;4-Baja;Masiva;APL_CON_DESA_SERVICIO_ICF
INC000003793016;Media;FICHA DE CLIENTE // GUADALAJARA // ERROR FUNCIONAL;Cerrado;02/10/2025 14:42 a;CEP CAU AGI;16/10/2025 15:02;SOP_KRATOS;4-Baja;Masiva;EDS_MTO
INC000003794159;Media;CERES // OEST OVIEDO // ERROR FUNCIONAL;Cerrado;03/10/2025 13:08 a;CEP CAU AGI;03/10/2025 13:45;GC SGP Movil;3-Medio;Masiva;OEST - SL
INC000003794181;Media;SSO OAM // GUADALAJARA // SIN ACCESO;Cerrado;03/10/2025 14:27 a;CEP CAU AGI;07/10/2025 16:38;CEP CAU AGI;4-Baja;Masiva;NEG_PROVISION_PYME
INC000003795116;Media;FICHA CLIENTE / ISGF MURCIA / ERROR FUNCIONAL;Cerrado;04/10/2025 14:40 a;CEP CAU AGI;04/10/2025 17:11;SOP_BSS_JAZZTEL;4-Baja;Masiva;SLN ISGF Murcia
INC000003795158;Media;ALTAIR // WHOLESALE // ERROR FUNCIONAL;Cerrado;06/10/2025 9:50 a;CEP CAU AGI;06/10/2025 16:02;CEP CAU AGI;3-Medio;Masiva;USU_WHOLESALE
INC000003796044;Media;CRM JAZZTEL / KONECTA MADRID / ERROR FUNCIONAL;Cerrado;06/10/2025 11:20 a;CEP CAU AGI;06/10/2025 12:09;SOP_BSS_JAZZTEL;4-Baja;Masiva;PROC_CAD
INC000003796100;Media;IVR // ISGF MURCIA // ERROR FUNCIONAL;Cerrado;06/10/2025 13:19 a;CEP CAU AGI;07/10/2025 14:59;SOP_TECNICO_CALL_CENTER;4-Baja;Masiva;SLN ISGF Murcia
INC000003796108;Media;PANGEA // KONECTA MADRID // ERROR FUNCIONAL;Cerrado;06/10/2025 11:24 a;CEP CAU AGI;07/10/2025 9:42;SOP_BSS_JAZZTEL;4-Baja;Masiva;PROC_CAD
INC000003796266;Media;ESIM-HUAWEI-ORDENES EN ESPERA;Cerrado;06/10/2025 16:19 a;FRONTOFFICE;07/10/2025 16:04;SOP_TMC_SIGMA;3-Medio;Masiva;FRONTOFFICE
INC000003796496;Media;IP24 // MEDELLIN // ERROR FUNCIONAL;Cerrado;06/10/2025 18:12 a;CEP CAU AGI;07/10/2025 15:58;Soporte_CRM_SGF_LOCAL;4-Baja;Masiva;ATC_MADRID_MASIVO
INC000003796700;Media;ALTAIR // BOGOTA // ERROR FUNCIONAL;Cerrado;06/10/2025 19:19 a;CEP CAU AGI;07/10/2025 14:22;Fijo Activacion LUNA;3-Medio;Masiva;MESA DE AYUDA COLOMBIA
INC000003796859;Media;FEW //TP BLUE SALAMANCA // ERROR FUNCIONAL;Cerrado;07/10/2025 9:24 a;CEP CAU AGI;07/10/2025 15:43;FEW Soporte;4-Baja;Masiva;APL_CON_DESA_SERVICIO_ICF
INC000003797269;Media;DJINGO // CONTROLROOM // ERROR FUNCIONAL;Cerrado;07/10/2025 12:11 a;CEP CAU AGI;07/10/2025 13:33;SOP_DJINGO;4-Baja;Masiva;SOP_SMC_AULA_CIMA
INC000003797270;Alta;DEGRADACION / FICHA DE CLIENTE / SL2;Cerrado;07/10/2025 12:15 a;CEP CAU AGI;07/10/2025 13:18;APL_MOV_CERES;4-Baja;Masiva;CALLCENTER_TRANSCOM_LEON
INC000003797295;Media;[CSO] PANGEA // KONECTA MADRID // ERROR FUNCIONAL;Cerrado;07/10/2025 13:11 a;CEP CAU AGI;27/10/2025 7:09;CEP CAU AGI;4-Baja;Masiva;PROC_CAD
INC000003797912;Media;ALTAIR // GUADALAJARA // ERROR FUNCIONAL;Cerrado;07/10/2025 13:26 a;CEP CAU AGI;20/10/2025 15:54;Soporte Datapower;3-Medio;Masiva;MESA DE AYUDA GUADALAJARA
INC000003797989;Media;FICHA DE CLIENTE // OEST OVIEDO // ERROR FUNCIONAL;Cerrado;07/10/2025 19:33 a;CEP CAU AGI;13/10/2025 12:14;CEP CAU AGI;2-Alta;Masiva;OEST - SL
INC000003798093;Media;LIVEPERSON // BOGOTA // ERROR FUNCIONAL;Cerrado;07/10/2025 19:34 a;CEP CAU AGI;13/10/2025 13:22;CEP CAU AGI;4-Baja;Masiva;MESA DE AYUDA COLOMBIA
INC000003798494;Media;FICHA DE CLIENTE // KONECTA SEVILLA // ERROR FUNCIONAL;Cerrado;08/10/2025 11:16 a;CEP CAU AGI;08/10/2025 12:26;APL_MOV_SOE;3-Medio;Masiva;CALLCENTER_KONECTA_SEVILLA
INC000003798497;Media;IP24 // MADISON MK // ERROR FUNCIONAL;Cerrado;08/10/2025 11:17 a;CEP CAU AGI;18/11/2025 13:56;CEP CAU AGI;4-Baja;Masiva;SOP_SMC_AULA_CIMA
INC000003798501;Media;FICHA DE CLIENTE // BOGOTA // ERROR FUNCIONAL;Cerrado;07/10/2025 20:36 a;CEP CAU AGI;08/10/2025 8:20;Soporte_CRM_SGF_LOCAL;4-Baja;Masiva;MESA DE AYUDA COLOMBIA
INC000003798545;Media;PRDIAS-24781 FICHA DE CLIENTE // GUADALAJARA // ERROR FUNCIONAL;Cerrado;08/10/2025 10:26 a;CEP CAU AGI;13/10/2025 13:36;CEP CAU AGI;3-Medio;Masiva;MESA DE AYUDA GUADALAJARA
INC000003798577;Media;IP24 // MAJOREL SALAMANCA // ERROR FUNCIONAL;Cerrado;08/10/2025 12:56 a;CEP CAU AGI;08/10/2025 13:20;CEP CAU AGI;4-Baja;Masiva;APL_CON_DESA_SERVICIO_ICF
INC000003798612;Alta;DEGRADACION / AREAPRIVADA.ORANGE.ES / SL2;Cerrado;08/10/2025 7:41 a;RTV-TECSE RED DATOS;08/10/2025 10:46;SOP_TMC_ACME;2-Alta;Masiva;Operador (A.G.I.)
INC000003799088;Media;PANGEA // ATAC SALAMANCA // ERROR FUNCIONAL;Cerrado;08/10/2025 12:47 a;CEP CAU AGI;08/10/2025 17:29;GC MIDDLEWARE;4-Baja;Masiva;NEG_PROVISION_PYME
INC000003799354;Media;CRM JAZZTEL // BOGOTA // ERROR FUNCIONAL;Cerrado;08/10/2025 14:44 a;CEP CAU AGI;27/10/2025 15:52;SOP_BSS_JAZZTEL;4-Baja;Masiva;ATC_MADRID_MASIVO
INC000003799375;Media;DJINGO // GUADALAJARA // ERROR FUNCIONAL;Cerrado;08/10/2025 16:38 a;SOP_DJINGO;14/10/2025 15:30;DES_SOE_MICROSERVICIOS;4-Baja;Masiva;USU_WHOLESALE
INC000003799378;Media;POLAR / PROVISIÓN / SIN ACCESO;Cerrado;08/10/2025 16:44 a;CEP CAU AGI;08/10/2025 17:10;SOP_TMC_POLAR;4-Baja;Masiva;ST_FTTH
INC000003799563;Media;PRDIAS-24781 COCO // ISGF MADRID // ERROR FUNCIONAL;Cerrado;08/10/2025 20:23 a;CEP CAU AGI;10/10/2025 8:19;DES_DJINGO;4-Baja;Masiva;SLN ISGF Murcia
INC000003799592;Media;FMM // MEDELLIN // ERROR FUNCIONAL;Cerrado;09/10/2025 9:45 a;CEP CAU AGI;09/10/2025 12:33;APL_MOV_SOE;4-Baja;Masiva;SLN Teleperformance Medellin
INC000003799661;Media;LIVEPERSON // BOGOTA // ERROR FUNCIONAL;Cerrado;08/10/2025 16:39 a;CEP CAU AGI;09/10/2025 10:16;SOP_DJINGO;3-Medio;Masiva;MESA DE AYUDA COLOMBIA
INC000003799680;Media;CRM JAZZTEL // MEDELLIN // ERROR FUNCIONAL;Cerrado;08/10/2025 19:02 a;CEP CAU AGI;13/10/2025 13:31;CEP CAU AGI;4-Baja;Masiva;ATC_MADRID_MASIVO
INC000003799735;Alta;INDISPONIBILIDAD/ ESX AOTLXPRVIN10192 / SL2;Cerrado;08/10/2025 16:37 a;RTV-TECSE RED DATOS;10/10/2025 9:19;ADM. HWSAN;2-Alta;Masiva;Operador (A.G.I.)
INC000003799771;Media;CERES / OVIEDO / ERROR FUNCIONAL;Cerrado;09/10/2025 9:20 a;CEP CAU AGI;09/10/2025 10:22;NEG_CAMP_CERES;3-Medio;Masiva;OEST - SL
INC000003799775;Media;OPENAPI // LA FINCA // ERROR FUNCIONAL;Cerrado;09/10/2025 9:35 a;CEP CAU AGI;17/11/2025 8:45;DES_SOE_ATENAS;3-Medio;Masiva;DES_SOE_ATENAS
INC000003800362;Media;ALTAIR // GUADALAJARA // ERROR FUNCIONAL;Cerrado;09/10/2025 12:40 a;CEP CAU AGI;13/10/2025 13:52;CEP CAU AGI;3-Medio;Masiva;MESA DE AYUDA GUADALAJARA
INC000003800969;Media;PANGEA // ATAC JEREZ // ERROR FUNCIONAL;Cerrado;09/10/2025 20:50 a;CEP CAU AGI;17/11/2025 15:22;CEP CAU AGI;4-Baja;Masiva;TEIDE_OSP_ICF
INC000003801297;Media;PANGEA // DISTRIBUCION JAZZTEL // ERROR FUNCIONAL;Cerrado;10/10/2025 11:58 a;CEP CAU AGI;16/10/2025 11:44;CEP CAU AGI;4-Baja;Masiva;PROC_CAD
INC000003801924;Media;IP24 // FOUNDEVER SEVILLA // ERROR FUNCIONAL;Cerrado;10/10/2025 12:00 a;CEP CAU AGI;13/10/2025 13:53;CEP CAU AGI;4-Baja;Masiva;FRONTOFFICE
INC000003802126;Media;KENAN // ATOS MADRID // ERROR FUNCIONAL;Cerrado;10/10/2025 13:50 a;CEP CAU AGI;22/12/2025 8:11;CEP CAU AGI;4-Baja;Masiva;SOP_BIGDATA_MEDIATION
INC000003802197;Media;[2025R10] TEIDE / KONECTA SEVILLA / ERROR FUNCIONAL;Cerrado;12/10/2025 12:21 a;CEP CAU AGI;12/10/2025 13:57;SOP_SMC_TEIDE;3-Medio;Masiva;CALLCENTER_KONECTA_SEVILLA
INC000003802311;Media;A-DJINGO // ADI CONSULTING // SIN ACCESO;Cerrado;10/10/2025 18:34 a;CEP CAU AGI;13/10/2025 23:47;SOP_DJINGO;4-Baja;Masiva;SLN Arvato Salamanca
INC000003802337;Media;[R10] CITRIX / ISGF MADRID / SIN ACCESO;Cerrado;12/10/2025 9:45 a;CEP CAU AGI;12/10/2025 10:48;ADM. SISFUN;1-Crítica;Masiva;SLN ISGF Murcia
INC000003802720;Media;TIBCO AFS // NTTDATA // ERROR FUNCIONAL;Cerrado;13/10/2025 8:17 a;CEP CAU AGI;13/10/2025 11:05;SOP_TMC_AURORA;4-Baja;Masiva;NEG_PROV_ORANGE
INC000003803283;Media;ALTITUD // MEDELLIN // ERROR FUNCIONAL;Cerrado;13/10/2025 12:16 a;CEP CAU AGI;13/10/2025 13:59;SOP_TECNICO_CALL_CENTER;4-Baja;Masiva;SLN Teleperformance Medellin
INC000003803605;Media;FICHA DE CLIENTE // BOGOTA // ERROR FUNCIONAL;Cerrado;13/10/2025 11:22 a;CEP CAU AGI;20/10/2025 9:09;CEP CAU AGI;3-Medio;Masiva;MESA DE AYUDA COLOMBIA
INC000003803667;Media;[2025R10] IP24 // TLP JEREZ // ERROR FUNCIONAL;Cerrado;13/10/2025 15:16 a;CEP CAU AGI;16/10/2025 11:49;TEIDE_OSP_Soporte_Tecnico;4-Baja;Masiva;APL_CON_DESA_SERVICIO_ICF
INC000003803835;Media;LIVEPERSON // KONECTA SEVILLA // ERROR FUNCIONAL;Cerrado;13/10/2025 15:00 a;CEP CAU AGI;13/10/2025 15:47;SOP_ASISTENTE;3-Medio;Masiva;CALLCENTER_KONECTA_SEVILLA
INC000003804052;Media;PRDIAS-24831 LIVEPERSON //   // ERROR FUNCIONAL;Cerrado;13/10/2025 16:08 a;CEP CAU AGI;15/10/2025 13:08;SOP_ASISTENTE;4-Baja;Masiva;CALLCENTER_KONECTA_SEVILLA
INC000003804099;Media;ALTITUD // KONECTA SEVILLA // SIN ACCESO;Cerrado;14/10/2025 8:11 a;CEP CAU AGI;14/10/2025 9:40;SOP_TECNICO_CALL_CENTER;4-Baja;Masiva;CALLCENTER_KONECTA_SEVILLA
INC000003804739;Media;SILES // CONTROLROOM // ERROR FUNCIONAL;Cerrado;14/10/2025 11:31 a;CEP CAU AGI;14/10/2025 12:22;SOP_TECNICO_CALL_CENTER;4-Baja;Masiva;TEIDE_OSP_ICF
INC000003804860;Media;LIVEPERSON // FOUNDEVER SEVILLA // ERROR FUNCIONAL;Cerrado;14/10/2025 12:36 a;CEP CAU AGI;14/10/2025 16:58;SOP_ASISTENTE;4-Baja;Masiva;TEIDE_OSP_ICF
INC000003804862;Alta;DEGRADACION / BAJAS SIEBEL8 / SL2;Cerrado;14/10/2025 12:55 a;CEP CAU AGI;20/10/2025 9:21;CEP CAU AGI;2-Alta;Masiva;ATC_MADRID_MASIVO
INC000003805268;Media;POLAR // PROVISIÓN // LENTITUD;Cerrado;14/10/2025 16:35 a;CEP CAU AGI;14/10/2025 16:54;SOP_TMC_POLAR;4-Baja;Masiva;ST_FTTH
INC000003806085;Media;FICHA DE CLIENTE // LA FINCA // ERROR FUNCIONAL;Cerrado;15/10/2025 11:36 a;CEP CAU AGI;28/10/2025 10:50;DES_SOE_FICHA;4-Baja;Masiva;Integraciones
INC000003806363;Media;ALTAIR // BOGOTA // ERROR FUNCIONAL;Cerrado;15/10/2025 14:07 a;CEP CAU AGI;15/10/2025 17:08;Fijo Activacion LUNA;3-Medio;Masiva;MESA DE AYUDA COLOMBIA
INC000003806425;Media;PRDIAS-24848 COGNITIVE  // KONECTA SEVILLA // ERROR FUNCIONAL;Cerrado;15/10/2025 13:03 a;CEP CAU AGI;20/10/2025 8:45;CEP CAU AGI;4-Baja;Masiva;SLN Arvato Salamanca
INC000003806445;Media;IP24 / TLP ATAC JEREZ / ERROR FUNCIONAL;Cerrado;15/10/2025 14:40 a;CEP CAU AGI;20/10/2025 10:39;CEP CAU AGI;4-Baja;Masiva;APL_CON_DESA_SERVICIO_ICF
INC000003806447;Media;IP24 // TLP ATAC JEREZ // ERROR FUNCIONAL;Cerrado;15/10/2025 14:56 a;CEP CAU AGI;16/10/2025 18:03;SOP_SMC_GIROS;4-Baja;Masiva;APL_CON_DESA_SERVICIO_ICF
INC000003806616;Media;PRDIAS-24849 LIVEPERSON / OEST OVIEDO / ERROR FUNCIONAL;Cerrado;15/10/2025 14:03 a;CEP CAU AGI;16/10/2025 8:34;SOP_DJINGO;3-Medio;Masiva;OEST - SL
INC000003807418;Media;CRM JAZZTEL // MARKTEL VALENCIA // LENTITUD;Cerrado;16/10/2025 9:47 a;CEP CAU AGI;16/10/2025 10:49;SOP_BSS_JAZZTEL;4-Baja;Masiva;SLN Marktel Valencia
INC000003807830;Media;[CSO] BSCS // GUALADAJARA  // ERROR FUNCIONAL;Cerrado;16/10/2025 14:49 a;CEP CAU AGI;23/10/2025 10:55;SOP_SMC_BSCS_ONLINE;4-Baja;Masiva;NEG_PROVISION_PYME
INC000003807918;Media;CRM JAZZTEL // BOGOTA // LENTITUD;Cerrado;16/10/2025 14:25 a;CEP CAU AGI;20/10/2025 10:44;CEP CAU AGI;4-Baja;Masiva;MESA DE AYUDA COLOMBIA
INC000003808152;Media;ALTAIR // MAJOREL JEREZ // ERROR FUNCIONAL;Cerrado;16/10/2025 18:04 a;CEP CAU AGI;18/10/2025 18:12;CEP CAU AGI;3-Medio;Masiva;APL_CON_DESA_SERVICIO_ICF
INC000003808349;Media;PANGEA // ATAC SALAMANCA // ERROR FUNCIONA;Cerrado;17/10/2025 9:31 a;CEP CAU AGI;20/10/2025 10:46;CEP CAU AGI;4-Baja;Masiva;NEG_PROVISION_PYME
INC000003808789;Media;IVR // CONTROLROOM // ERROR FUNCIONAL;Cerrado;17/10/2025 14:10 a;CEP CAU AGI;20/10/2025 8:43;SOP_TECNICO_CALL_CENTER;4-Baja;Masiva;TEIDE_OSP_ICF
INC000003808799;Media;A-IP24 // TLP ATAC JEREZ // ERROR FUNCIONAL;Cerrado;17/10/2025 14:48 a;CEP CAU AGI;21/10/2025 14:40;CEP CAU AGI;4-Baja;Masiva;APL_CON_DESA_SERVICIO_ICF
INC000003808823;Media;CRM ENERGÍA // ISGF MURCIA // ERROR FUNCIONAL;Cerrado;17/10/2025 10:27 a;CEP CAU AGI;17/10/2025 12:19;SOP_ENERGY;4-Baja;Masiva;SLN ISGF Murcia
INC000003808873;Media;FICHA DE CLIENTE // KONECTA SEVILLA // ERROR FUNCIONAL;Cerrado;17/10/2025 13:42 a;CEP CAU AGI;20/10/2025 18:16;SOP_ONURIS;3-Medio;Masiva;CALLCENTER_KONECTA_SEVILLA
INC000003808891;Media;LIVEPERSON // MEDELLIN // ERROR FUNCIONAL;Cerrado;17/10/2025 15:57 a;CEP CAU AGI;18/10/2025 9:02;SOP_DJINGO;4-Baja;Masiva;ATC_MADRID_MASIVO
INC000003809064;Media;SDM // HUAWEI // ERROR FUNCIONAL;Cerrado;17/10/2025 15:49 a;FRONTOFFICE;20/10/2025 8:13;FRONTOFFICE;3-Medio;Masiva;FRONTOFFICE
INC000003809066;Media;ALTITUDE // KONECTA SEVILLA // ERROR FUNCIONAL;Cerrado;17/10/2025 15:25 a;CEP CAU AGI;20/10/2025 8:43;SOP_TECNICO_CALL_CENTER;4-Baja;Masiva;CALLCENTER_KONECTA_SEVILLA
INC000003809158;Media;BSCS //GUADALAJARA // ERROR FUNCIONAL;Cerrado;17/10/2025 17:45 a;CEP CAU AGI;18/10/2025 19:28;SOP_TMC_BSCS_ONLINE;4-Baja;Masiva;MESA DE AYUDA GUADALAJARA
INC000003809169;Media;IP24 // MEDELLIN // ERROR FUNCIONAL;Cerrado;17/10/2025 19:32 a;CEP CAU AGI;18/10/2025 19:29;SOP_SMC_BSCS_ONLINE;4-Baja;Masiva;SLN Teleperformance Medellin
INC000003809186;Media;PRDIAS-24885 LIVEPERSON / MEDELLIN / ERROR FUNCIONAL;Cerrado;19/10/2025 9:36 a;CEP CAU AGI;21/10/2025 11:22;SOP_DJINGO;3-Medio;Masiva;ATC_MADRID_MASIVO
INC000003809404;Media;A-IP24 // TLP ATAC JEREZ // ERROR FUNCIONAL;Cerrado;17/10/2025 15:14 a;CEP CAU AGI;20/10/2025 17:10;SOP_TMC_BOREAL;4-Baja;Masiva;APL_CON_DESA_SERVICIO_ICF
INC000003809442;Media;WEB INSTANCIAS / BOGOTA / ERROR FUNCIONAL;Cerrado;18/10/2025 9:43 a;CEP CAU AGI;18/10/2025 11:51;SOP_TECNICO_CALL_CENTER;4-Baja;Masiva;MESA DE AYUDA COLOMBIA
INC000003809719;Media;WEB MANTENEDORES // MEDELLIN // SIN ACCESO;Cerrado;17/10/2025 21:05 a;CEP CAU AGI;20/10/2025 11:06;CEP CAU AGI;4-Baja;Masiva;SLN Teleperformance Medellin
INC000003809724;Media;LIVEPERSON / BOGOTA / ERROR FUNCIONAL;Cerrado;18/10/2025 10:43 a;CEP CAU AGI;18/10/2025 11:19;SOP_DJINGO;3-Medio;Masiva;MESA DE AYUDA COLOMBIA
INC000003809730;Media;GDU / GUADALAJARA / ERROR FUNCIONAL;Cerrado;19/10/2025 16:36 a;CEP CAU AGI;20/10/2025 10:32;OPER_Soporte_GdU;3-Medio;Masiva;MESA DE AYUDA GUADALAJARA
INC000003809731;Media;PRDIAS-24886 LIVEPERSON / BOGOTA / ERROR FUNCIONAL;Cerrado;19/10/2025 17:33 a;CEP CAU AGI;21/10/2025 12:18;SOP_ASISTENTE;3-Medio;Masiva;MESA DE AYUDA COLOMBIA
INC000003810417;Media;NOSOTROS//CAU// ERROR FUNCIONAL;Cerrado;20/10/2025 8:32 a;FRONTOFFICE;20/10/2025 9:00;SOP_VIVEORANGE;3-Medio;Masiva;FRONTOFFICE
INC000003810920;Media;CRM / MARKTEL VALENCIA / LENTITUD;Cerrado;20/10/2025 10:13 a;CEP CAU AGI;20/10/2025 10:59;SOP_BSS_JAZZTEL;4-Baja;Masiva;SLN Marktel Valencia
INC000003810932;Media;LIVEPERSON / MEDELLIN / ERROR FUNCIONAL;Cerrado;20/10/2025 10:42 a;CEP CAU AGI;21/10/2025 9:24;CEP CAU AGI;3-Medio;Masiva;ATC_MADRID_MASIVO
INC000003810937;Media;ALTITUDE / ISGF MURCIA / ERROR FUNCIONAL;Cerrado;20/10/2025 10:59 a;CEP CAU AGI;20/10/2025 13:09;SOP_TECNICO_CALL_CENTER;4-Baja;Masiva;SLN ISGF Murcia
INC000003811159;Media;PRDIAS-24837 LIVEPERSON // KONECTA  // ERROR FUNCIONAL;Cerrado;20/10/2025 15:09 a;CEP CAU AGI;22/10/2025 16:29;SOP_ASISTENTE;3-Medio;Masiva;SLN Arvato Salamanca
INC000003811198;Media;CERES // SALAMANCA // ERROR FUNCIONAL;Cerrado;20/10/2025 16:39 a;CEP CAU AGI;20/10/2025 18:31;CEP CAU AGI;3-Medio;Masiva;OEST - SL
INC000003811245;Media;PRDIAS-24863 DJINGO // GUADALAJARA // ERROR FUNCIONAL;Cerrado;20/10/2025 13:46 a;CEP CAU AGI;23/10/2025 12:26;DES_SOE_MICROSERVICIOS;4-Baja;Masiva;USU_WHOLESALE
INC000003811421;Media;LIVEPERSON / ANDES 2 / ERROR FUNCIONAL;Cerrado;20/10/2025 13:44 a;CEP CAU AGI;20/10/2025 14:19;SOP_DJINGO;4-Baja;Masiva;ATC_MADRID_MASIVO
INC000003811432;Media;LIVEPERSON / KONECTA SEVILLA / ERROR FUNCIONAL;Cerrado;20/10/2025 14:03 a;CEP CAU AGI;20/10/2025 16:20;SOP_DJINGO;4-Baja;Masiva;CALLCENTER_KONECTA_SEVILLA
INC000003811478;Media;LUNA // GUADALAJARA  // ERROR FUNCIONAL;Cerrado;20/10/2025 19:29 a;CEP CAU AGI;20/10/2025 20:13;CEP CAU AGI;4-Baja;Masiva;MESA DE AYUDA GUADALAJARA
INC000003811871;Media;IP24 / TRAFFIC NEW TECHNOLOGY / ERROR FUNCIONAL;Cerrado;21/10/2025 10:48 a;CEP CAU AGI;21/10/2025 11:29;SOP_SMC_TEIDE;4-Baja;Masiva;FIJO CAU ICFF
INC000003811905;Media;IP24 // ATAC SOHO // ERROR FUNCIONAL;Cerrado;20/10/2025 17:23 a;CEP CAU AGI;24/10/2025 13:11;SOP_SMC_TEIDE;4-Baja;Masiva;NEG_PROVISION_PYME
INC000003812318;Media;GIROS / WHOLESALE MADRID / ERROR FUNCIONAL;Cerrado;21/10/2025 9:52 a;CEP CAU AGI;21/10/2025 14:03;SOP_TMC_GIROS;4-Baja;Masiva;USU_WHOLESALE
INC000003812385;Media;FICHA DE CLIENTE / FOUNDEVER SEVILLA / ERROR FUNCIONAL;Cerrado;21/10/2025 13:14 a;CEP CAU AGI;28/10/2025 8:26;DES_SOE_PANGEA;4-Baja;Masiva;FIJO CAU ICFF
INC000003812646;Media;ESHOP FRONTEND // MEDELLIN // ERROR FUNCIONAL;Cerrado;21/10/2025 12:46 a;CEP CAU AGI;21/10/2025 21:05;DES_ESHOP_FRONTEND_OSP;4-Baja;Masiva;SLN Teleperformance Medellin
INC000003812677;Media;FICHA DE CLIENTE / BOSCH VIGO / ERROR FUNCIONAL;Cerrado;21/10/2025 14:52 a;CEP CAU AGI;24/10/2025 12:21;APL_MOV_SOE;4-Baja;Masiva;TEIDE_OSP_ICF
INC000003812742;Media;IVR // GUADALAJARA // ERROR FUNCIONAL;Cerrado;21/10/2025 14:15 a;CEP CAU AGI;21/10/2025 16:15;SOP_TECNICO_CALL_CENTER;4-Baja;Masiva;MESA DE AYUDA GUADALAJARA
INC000003812786;Media;[CSO] FICHA CLIENTE // TRANSCOM MADRID // ERROR FUNCIONAL;Cerrado;21/10/2025 16:34 a;CEP CAU AGI;27/10/2025 14:33;CEP CAU AGI;4-Baja;Masiva;USU_COBROS
INC000003812801;Media;PRDIAS-25363 LIVEPERSON / MEDELLIN / ERROR FUNCIONAL;Cerrado;21/10/2025 12:54 a;CEP CAU AGI;20/11/2025 14:50;DES_DJINGO;4-Baja;Masiva;SLN Teleperformance Medellin
INC000003812854;Media;[CSO] FICHA DE CLIENTE // OEST OVIEDO // ERROR FUNCIONAL;Cerrado;21/10/2025 16:25 a;CEP CAU AGI;29/10/2025 17:18;APL_MOV_SOE;3-Medio;Masiva;OEST - SL
INC000003812897;Alta;DEGRADACION / ENVÍO SMS / SL2;Cerrado;22/10/2025 9:07 a;CEP CAU AGI;27/10/2025 7:08;CEP CAU AGI;3-Medio;Masiva;SLN Teleperformance Medellin
INC000003814000;Media;[CSO] CRM JAZZTEL // MEDELLIN // ERROR FUNCIONAL;Cerrado;22/10/2025 14:46 a;CEP CAU AGI;27/10/2025 8:32;DES_CRM4T_GARANTIA;4-Baja;Masiva;SLN Teleperformance Medellin
INC000003814024;Media;PANGEA // ATAC JEREZ // ERROR FUNCIONAL;Cerrado;22/10/2025 11:08 a;CEP CAU AGI;23/10/2025 10:31;SOPORTE MITEK;4-Baja;Masiva;MESA DE AYUDA GUADALAJARA
INC000003814093;Media;GDU / ACM // CAU // ERROR FUNCIONAL;Cerrado;22/10/2025 14:44 a;FRONTOFFICE;22/10/2025 18:44;OPER_Soporte_GdU;3-Medio;Masiva;FRONTOFFICE
INC000003814535;Media;FICHA DE CLIENTE // FOUNDEVER  // LENTITUD;Cerrado;22/10/2025 15:54 a;CEP CAU AGI;27/10/2025 16:01;APL_MOV_SOE;4-Baja;Masiva;CALLCENTER_SITEL_SEVILLA
INC000003814668;Media;LIVEPERSON / DERIO / ERROR FUNCIONAL;Cerrado;23/10/2025 8:50 a;CEP CAU AGI;23/10/2025 9:46;SOP_ASISTENTE;3-Medio;Masiva;SLN Arvato Salamanca
INC000003814846;Media;PRDIAS-25131  LIVEPERSON // KONECTA TANGER // ERROR FUNCIONAL;Cerrado;22/10/2025 22:54 a;CEP CAU AGI;10/11/2025 9:24;CEP CAU AGI;3-Medio;Masiva;SLN Arvato Salamanca
INC000003814855;Media;LIVEPERSON / JAZZPLAT COLOMBIA / ERROR FUNCIONAL;Cerrado;23/10/2025 9:07 a;CEP CAU AGI;23/10/2025 9:48;SOP_ASISTENTE;3-Medio;Masiva;MESA DE AYUDA COLOMBIA
INC000003814876;Media;POLAR // PROVISIÓN // LENTITUD;Cerrado;23/10/2025 10:14 a;CEP CAU AGI;23/10/2025 11:19;SOP_TMC_POLAR;4-Baja;Masiva;ST_FTTH
INC000003814883;Media;AGORA / ATAC GUADALAJARA / ERROR FUNCIONAL;Cerrado;23/10/2025 11:05 a;CEP CAU AGI;23/10/2025 16:23;Tecnología;4-Baja;Masiva;NEG_PROVISION_PYME
INC000003815029;Media;FICHA DE CLIENTE / SOFFTEK MADRID / ERROR FUNCIONAL;Cerrado;23/10/2025 8:56 a;CEP CAU AGI;23/10/2025 13:32;SOP_TURING_OSP;4-Baja;Masiva;FIJO CAU ICFF
INC000003815603;Media;FICHA DE CLIENTES / FOUNDEVER / ERROR FUNCIONAL;Cerrado;23/10/2025 10:22 a;CEP CAU AGI;23/10/2025 16:30;SOP_TURING_OSP;2-Alta;Masiva;CALLCENTER_SITEL_SEVILLA
INC000003815684;Media;CALL CENTER CTI // ISGF MURCIA // ERROR FUNCIONAL;Cerrado;23/10/2025 15:24 a;CEP CAU AGI;27/10/2025 7:07;CEP CAU AGI;4-Baja;Masiva;SLN ISGF Murcia
INC000003815688;Media;FICHA DE CLIENTE // JAZZPLAT COLOMBIA // ERROR FUNCIONAL;Cerrado;23/10/2025 15:51 a;CEP CAU AGI;27/10/2025 7:08;CEP CAU AGI;4-Baja;Masiva;MESA DE AYUDA COLOMBIA
INC000003815826;Media;[CSO] PANGEA / ATAC JEREZ / ERROR FUNCIONAL;Cerrado;23/10/2025 12:59 a;CEP CAU AGI;23/10/2025 16:19;SOP_TURING_OSP;4-Baja;Masiva;MESA DE AYUDA GUADALAJARA
INC000003815908;Media;FICHA DE CLIENTE / BOSCH VIGO / ERROR FUNCIONAL;Cerrado;23/10/2025 12:40 a;CEP CAU AGI;27/10/2025 7:07;CEP CAU AGI;4-Baja;Masiva;FIJO CAU ICFF
INC000003816287;Media;FICHA DE CLIENTE / ISGF MADRID / ERROR FUNCIONAL;Cerrado;24/10/2025 11:39 a;CEP CAU AGI;28/10/2025 17:16;SOP_TMC_APIGEE;4-Baja;Masiva;SLN ISGF Murcia
INC000003816521;Media;CERES / OEST OVIEDO / ERROR FUNCIONAL;Cerrado;24/10/2025 9:14 a;CEP CAU AGI;24/10/2025 9:47;APL_MOV_CERES;3-Medio;Masiva;OEST - SL
INC000003816545;Media;[PRJ-7984] IP24 / ATAC SALAMANCA / ERROR FUNCIONAL;Cerrado;24/10/2025 10:34 a;CEP CAU AGI;27/10/2025 7:06;CEP CAU AGI;4-Baja;Masiva;NEG_PROVISION_PYME
INC000003816561;Media;AURORA / ATAC GUADALAJARA / ERROR FUNCIONAL;Cerrado;24/10/2025 11:09 a;CEP CAU AGI;03/11/2025 7:58;CEP CAU AGI;4-Baja;Masiva;NEG_PROVISION_PYME
INC000003816564;Media;PSP / SAN FERNANDO / ERROR FUNCIONAL;Cerrado;24/10/2025 12:24 a;CEP CAU AGI;03/11/2025 11:06;SOP_TECNICO_CALL_CENTER;3-Medio;Masiva;CALLCENTER_TRANSCOM_LEON
INC000003817052;Media;GDU// ACM//CAU// ERROR FUNCIONAL;Cerrado;24/10/2025 12:15 a;FRONTOFFICE;27/10/2025 10:55;OPER_Soporte_GdU;3-Medio;Masiva;FRONTOFFICE
INC000003817242;Media;ACME // MEDELLIN // ERROR FUNCIONAL;Cerrado;24/10/2025 15:17 a;CEP CAU AGI;27/10/2025 7:06;CEP CAU AGI;4-Baja;Masiva;SLN Teleperformance Medellin
INC000003817297;Media;ALTITUDE // BOGOTA // ERROR FUNCIONAL;Cerrado;25/10/2025 14:02 a;CEP CAU AGI;26/10/2025 9:45;SOP_TECNICO_CALL_CENTER;4-Baja;Masiva;MESA DE AYUDA COLOMBIA
INC000003817302;Media;PRDIAS-25077  DJINGO / CONTROL ROOM / ERROR FUNCIONAL;Cerrado;24/10/2025 12:25 a;CEP CAU AGI;24/10/2025 14:04;DES_DJINGO;4-Baja;Masiva;FIJO CAU ICFF
INC000003817548;Media;GDU // KONECTA SEVILLA //LENTITUD;Cerrado;24/10/2025 17:25 a;CEP CAU AGI;27/10/2025 7:05;CEP CAU AGI;4-Baja;Masiva;CALLCENTER_KONECTA_SEVILLA
INC000003817556;Media;ALTAIR // GUADALAJARA // ERROR FUNCIONAL;Cerrado;24/10/2025 18:13 a;CEP CAU AGI;27/10/2025 7:05;CEP CAU AGI;4-Baja;Masiva;MESA DE AYUDA GUADALAJARA
INC000003817630;Media;GDU // GUADALAJARA // ERROR FUNCIONAL;Cerrado;24/10/2025 16:58 a;CEP CAU AGI;24/10/2025 17:29;OPER_Soporte_GdU;3-Medio;Masiva;MESA DE AYUDA GUADALAJARA
INC000003817671;Media;ACME APP ORANGE // CONTROL ROOM // ERROR FUNCIONAL;Cerrado;26/10/2025 18:07 a;CEP CAU AGI;27/10/2025 8:03;CEP CAU AGI;1-Crítica;Masiva;TEIDE_OSP_ICF
INC000003817692;Media;POLAR // PROVISION APPLUS // SIN ACCESO;Cerrado;27/10/2025 9:08 a;CEP CAU AGI;27/10/2025 16:07;SOP_TMC_POLAR;4-Baja;Masiva;ST_FTTH
INC000003818214;Media;DJINGO // CONTROL ROOM // ERROR FUNCIONAL;Cerrado;26/10/2025 19:26 a;CEP CAU AGI;26/10/2025 20:59;SOP_DJINGO;3-Medio;Masiva;TEIDE_OSP_ICF
INC000003818232;Media;CERES // SALAMANCA // ERROR FUNCIONAL;Cerrado;27/10/2025 9:04 a;CEP CAU AGI;27/10/2025 9:51;NEG_CAMP_CERES;3-Medio;Masiva;OEST - SL
INC000003818510;Media;DJINGO // CONTROL ROOM // ERROR FUNCIONAL;Cerrado;26/10/2025 18:55 a;CEP CAU AGI;26/10/2025 20:54;SOP_DJINGO;3-Medio;Masiva;TEIDE_OSP_ICF
INC000003819028;Media;VDA // GUADALAJARA // SIN ACCESO;Cerrado;27/10/2025 10:42 a;CEP CAU AGI;27/10/2025 13:05;EPC;3-Medio;Masiva;MESA DE AYUDA GUADALAJARA
INC000003819120;Media;PRDIAS-25089 LIVEPERSON // FOUNDEVER SEVILLA // ERROR FUNCIONAL;Cerrado;27/10/2025 11:40 a;CEP CAU AGI;28/10/2025 9:36;SOP_DJINGO;3-Medio;Masiva;CALLCENTER_SITEL_SEVILLA
INC000003819182;Media;FICHA DE CLIENTE // GUADALAJARA // ERROR FUNCIONAL;Cerrado;27/10/2025 15:22 a;CEP CAU AGI;28/10/2025 7:47;CEP CAU AGI;4-Baja;Masiva;EDS_MTO
INC000003819529;Media;IP24 // GUADALAJARA // ERROR FUNCIONAL;Cerrado;27/10/2025 15:02 a;CEP CAU AGI;27/10/2025 16:13;SOP_SMC_TEIDE;4-Baja;Masiva;EDS_MTO
INC000003819571;Media;A-MIORANGE / MEDELLIN / ERROR FUNCIONAL;Cerrado;27/10/2025 16:42 a;CEP CAU AGI;06/11/2025 14:35;SOP_OSS_MOVIL;4-Baja;Masiva;SLN Teleperformance Medellin
INC000003819597;Media;LIVEPERSON / MEDELLIN / LENTITUD;Cerrado;27/10/2025 18:20 a;CEP CAU AGI;27/10/2025 19:32;SOP_DJINGO;3-Medio;Masiva;ATC_MADRID_MASIVO
INC000003819638;Media;PRDIAS-25095 LIVEPERSON / MEDELLIN / ERROR FUNCIONAL;Cerrado;27/10/2025 18:12 a;CEP CAU AGI;28/10/2025 9:40;SOP_DJINGO;3-Medio;Masiva;ATC_MADRID_MASIVO
INC000003819925;Media;PRDIAS-25094 LIVEPERSON / OEST OVIEDO / ERROR FUNCIONAL;Cerrado;27/10/2025 17:28 a;CEP CAU AGI;19/11/2025 12:02;DES_DJINGO;3-Medio;Masiva;OEST - SL
INC000003819928;Media;CRM JAZZTEL / BOGOTA / ERROR FUNCIONAL;Cerrado;27/10/2025 17:55 a;CEP CAU AGI;27/10/2025 19:08;CEP CAU AGI;4-Baja;Masiva;MESA DE AYUDA COLOMBIA
INC000003819952;Media;CERES // SALAMANCA // ERROR FUNCIONAL;Cerrado;28/10/2025 9:06 a;CEP CAU AGI;30/10/2025 15:50;NEG_CAMP_CERES;3-Medio;Masiva;OEST - SL
INC000003820092;Media;FICHA DE CLIENTE // DISTRIBUIDOR // ERROR FUNCIONAL;Cerrado;28/10/2025 11:52 a;CEP CAU AGI;21/11/2025 10:03;DES_SOE_FICHA;4-Baja;Masiva;SOP_SMC_AULA_CIMA
INC000003820514;Media;Fallo en eliminar manuales rechazados y envío de avisos;Cerrado;28/10/2025 13:10 a;SOP_DEVOPS_OPERACION;29/10/2025 8:17;GESTION_DEL_CONOCIMIENTO;4-Baja;Masiva;Gestion de Problemas
INC000003820561;Media;POLAR // PROVISION // LENTITUD;Cerrado;28/10/2025 13:17 a;CEP CAU AGI;28/10/2025 17:22;SOP_TMC_POLAR;4-Baja;Masiva;ST_FTTH
INC000003820671;Media;FICHA DE CLIENTE // KONECTA SEVILLA // ERROR FUNCIONAL;Cerrado;28/10/2025 14:22 a;CEP CAU AGI;03/11/2025 7:58;CEP CAU AGI;3-Medio;Masiva;TEIDE_OSP_ICF
INC000003820802;Media;FICHA DE CLIENTE // ISGF MURCIA // ERROR FUNCIONAL;Cerrado;28/10/2025 12:51 a;CEP CAU AGI;29/10/2025 17:44;APL_MOV_SOE;3-Medio;Masiva;SLN ISGF Murcia
INC000003820836;Media;PAE // SALAMANCA // ERROR FUNCIONAL;Cerrado;28/10/2025 14:22 a;CEP CAU AGI;28/10/2025 18:19;SOP_TMC_APIGEE;3-Medio;Masiva;APL_CON_DESA_SERVICIO_ICF
INC000003820909;Alta;FICHA DE CLIENTE // FOUNDEVER SEVILLA // ERROR FUNCIONAL;Cerrado;28/10/2025 12:51 a;CEP CAU AGI;28/10/2025 16:17;DES_SOE_FICHA;1-Crítica;Masiva;TEIDE_OSP_ICF
INC000003821346;Media;PRDIAS-25116  LIVEPERSON // CORUÑA // SIN ACCESO;Cerrado;29/10/2025 8:09 a;CEP CAU AGI;29/10/2025 16:59;DES_ASISTENTE;4-Baja;Masiva;SLN Arvato Salamanca
INC000003821381;Media;10/12 PRDIAS-25118  DJINGO // MEDELLIN // ERROR FUNCIONAL;Cerrado;29/10/2025 10:29 a;CEP CAU AGI;15/12/2025 8:07;CEP CAU AGI;4-Baja;Masiva;ATC_MADRID_MASIVO
INC000003821828;Media;ALTAIR // GUADALAJARA // ERROR FUNCIONAL;Cerrado;29/10/2025 10:17 a;CEP CAU AGI;29/10/2025 12:14;SOP_SMC_ALTAIR;4-Baja;Masiva;MESA DE AYUDA GUADALAJARA
INC000003821838;Media;PANGEA // ATAC JEREZ // ERROR FUNCIONAL;Cerrado;29/10/2025 11:07 a;CEP CAU AGI;30/10/2025 15:24;DES_SOE_PANGEA;4-Baja;Masiva;MESA DE AYUDA GUADALAJARA
INC000003822113;Media;POLAR // PROVISION // LENTITUD;Cerrado;29/10/2025 11:47 a;CEP CAU AGI;29/10/2025 12:23;SOP_TMC_POLAR;4-Baja;Masiva;ST_FTTH
INC000003822269;Media;FICHA DE CLIENTE // BOSCH VIGO // LENTITUD;Cerrado;29/10/2025 15:31 a;CEP CAU AGI;03/11/2025 7:57;CEP CAU AGI;4-Baja;Masiva;TEIDE_OSP_ICF
INC000003822380;Media;IP24 / ATAC JEREZ / ERROR FUNCIONAL;Cerrado;29/10/2025 20:00 a;CEP CAU AGI;29/10/2025 21:27;SOP_SMC_GIROS;4-Baja;Masiva;APL_CON_DESA_SERVICIO_ICF
INC000003822823;Media;FICHA CLIENTE MM // MEDELLIN // ERROR FUNCIONAL;Cerrado;30/10/2025 8:49 a;CEP CAU AGI;03/11/2025 7:57;CEP CAU AGI;4-Baja;Masiva;SLN Teleperformance Medellin
INC000003822879;Media;[CSO] BSCS // TP BLUE SALAMANCA // ERROR FUNCIONAL;Cerrado;30/10/2025 12:02 a;CEP CAU AGI;15/12/2025 16:42;SOP_SMC_BSCS_ONLINE;4-Baja;Masiva;APL_CON_DESA_SERVICIO_ICF
INC000003822887;Media;ALTAIR // MAJOREL JEREZ // ERROR FUNCIONAL;Cerrado;30/10/2025 12:44 a;CEP CAU AGI;30/10/2025 14:02;SOP_SMC_ALTAIR;4-Baja;Masiva;APL_CON_DESA_SERVICIO_ICF
INC000003822988;Media;PRDIAS-25142 LIVEPERSON // KONECTA SEVILLA // ERROR FUNCIONAL;Cerrado;30/10/2025 13:49 a;CEP CAU AGI;05/11/2025 8:07;SOP_ASISTENTE;4-Baja;Masiva;CALLCENTER_KONECTA_SEVILLA
INC000003823251;Media;FICHA DE CLIENTE // FOUNDEVER SEVILLA // ERROR FUNCIONAL;Cerrado;30/10/2025 11:57 a;CEP CAU AGI;09/12/2025 7:59;CEP CAU AGI;4-Baja;Masiva;TEIDE_OSP_ICF
INC000003823264;Media;DJINGO // CONTROLROOM // ERROR FUNCIONAL;Cerrado;30/10/2025 12:47 a;CEP CAU AGI;30/10/2025 13:11;SOP_DJINGO;4-Baja;Masiva;SOP_SMC_AULA_CIMA
INC000003823278;Media;LIVEPERSON // ADICONSULTING  // ERROR FUNCIONAL;Cerrado;30/10/2025 13:51 a;CEP CAU AGI;03/11/2025 7:56;CEP CAU AGI;3-Medio;Masiva;SLN Arvato Salamanca
INC000003823310;Media;FICHA DE CLIENTE // GUADALAJARA // ERROR FUNCIONAL;Cerrado;30/10/2025 10:24 a;CEP CAU AGI;31/10/2025 12:18;CEP CAU AGI;4-Baja;Masiva;MESA DE AYUDA GUADALAJARA
INC000003823330;Media;POLAR // PROVISION // LENTITUD;Cerrado;30/10/2025 11:19 a;CEP CAU AGI;30/10/2025 17:16;SOP_TMC_POLAR;4-Baja;Masiva;ST_FTTH
INC000003823687;Media;CERES // SALAMANCA // ERROR FUNCIONAL;Cerrado;31/10/2025 9:08 a;CEP CAU AGI;31/10/2025 10:02;APL_MOV_CERES;3-Medio;Masiva;OEST - SL
INC000003824095;Media;PRDIAS-25145 LIVEPERSON // MARKTEL VALENCIA // ERROR FUNCIONAL;Cerrado;31/10/2025 12:15 a;CEP CAU AGI;10/11/2025 9:23;CEP CAU AGI;3-Medio;Masiva;SLN Arvato Salamanca
INC000003824099;Media;RIKO // MEDELLIN // ERROR FUNCIONAL;Cerrado;31/10/2025 12:15 a;CEP CAU AGI;04/11/2025 9:35;SOP_TECNICO_CALL_CENTER;4-Baja;Masiva;SLN Teleperformance Medellin
INC000003824593;Media;[CSO] PANGEA / ATAC JEREZ / ERROR FUNCIONAL;Cerrado;31/10/2025 20:30 a;CEP CAU AGI;20/02/2026 19:22;CEP CAU AGI;4-Baja;Masiva;APL_CON_DESA_SERVICIO_ICF
INC000003824749;Media;PRDIAS-25146 LIVEPERSON // ADICONSULTING // ERROR FUNCIONAL;Cerrado;31/10/2025 13:53 a;CEP CAU AGI;24/11/2025 7:20;CEP CAU AGI;3-Medio;Masiva;SLN Arvato Salamanca
INC000003824775;Media;PRDIAS-25147 LIVEPERSON / CONTROL ROOM / ERROR FUNCIONAL;Cerrado;31/10/2025 16:55 a;CEP CAU AGI;24/11/2025 10:44;SOP_DJINGO;4-Baja;Masiva;TEIDE_OSP_ICF
INC000003824922;Media;POLAR // PROVISION // LENTITUD;Cerrado;31/10/2025 13:18 a;CEP CAU AGI;03/11/2025 7:55;CEP CAU AGI;4-Baja;Masiva;ST_FTTH
INC000003825013;Media;ELENA // GUADALAJARA // SIN ACCESO;Cerrado;31/10/2025 12:46 a;CEP CAU AGI;05/11/2025 12:07;NEG_ELENA;3-Medio;Masiva;MESA DE AYUDA GUADALAJARA
INC000003825055;Media;IP24 / ATAC JEREZ / ERROR FUNCIONAL;Cerrado;31/10/2025 19:03 a;CEP CAU AGI;03/11/2025 7:52;CEP CAU AGI;4-Baja;Masiva;APL_CON_DESA_SERVICIO_ICF
INC000003825062;Media;PRDIAS-25149 DJINGO // CONTROL ROOM // ERROR FINCIONAL;Cerrado;01/11/2025 13:32 a;CEP CAU AGI;03/11/2025 10:10;SOP_DJINGO;4-Baja;Masiva;TEIDE_OSP_ICF
INC000003825065;Media;HUAWEI//ERRORFUNCIONAL;Cerrado;02/11/2025 11:00 a;FRONTOFFICE;19/11/2025 12:32;GC MIDDLEWARE;3-Medio;Masiva;FRONTOFFICE
INC000003825307;Media;GDU // BOGOTA // LENTITUD;Cerrado;01/11/2025 9:05 a;CEP CAU AGI;01/11/2025 11:53;OPER_Soporte_GdU;3-Medio;Masiva;MESA DE AYUDA COLOMBIA
INC000003825316;Media;ALTITUDE // TLV SALAMANCA // ERROR FUNCIONAL;Cerrado;02/11/2025 13:53 a;CEP CAU AGI;02/11/2025 14:07;SOP_TECNICO_CALL_CENTER;4-Baja;Masiva;TEIDE_OSP_ICF
INC000003826278;Media;POLAR // PROVISION // LENTITUD;Cerrado;03/11/2025 12:21 a;CEP CAU AGI;04/11/2025 17:44;SOP_TMC_POLAR;4-Baja;Masiva;ST_FTTH
INC000003826298;Media;FICHA CLIENTE MM / BOGOTA / ERROR FUNCIONAL;Cerrado;03/11/2025 14:03 a;CEP CAU AGI;03/11/2025 15:12;APL_MOV_SOE;4-Baja;Masiva;MESA DE AYUDA COLOMBIA
INC000003826545;Media;ESHOP / MEDELLIN / ERROR FUNCIONAL;Cerrado;03/11/2025 11:40 a;CEP CAU AGI;18/11/2025 12:05;CEP CAU AGI;4-Baja;Masiva;ATC_MADRID_MASIVO
INC000003826574;Media;[CSO] PANGEA // KONECTA MADRID // ERROR FUNCIONAL;Cerrado;03/11/2025 13:39 a;CEP CAU AGI;17/11/2025 19:01;CEP CAU AGI;4-Baja;Masiva;PROC_CAD
INC000003826919;Media;[IP24] / FOUNDEVER SEVILLA / ERROR FUNCIONAL;Cerrado;03/11/2025 15:05 a;CEP CAU AGI;03/11/2025 15:18;SOP_SMC_TEIDE;4-Baja;Masiva;TEIDE_OSP_ICF
INC000003826937;Media;DJINGO // ADI CONSULTING // SIN ACCESO;Cerrado;03/11/2025 15:53 a;CEP CAU AGI;03/11/2025 17:16;SOP_ASISTENTE;3-Medio;Masiva;SLN Arvato Salamanca
INC000003826968;Media;PANGEA // TLP ATAC JEREZ // ERROR FUNCIONAL;Cerrado;03/11/2025 19:51 a;CEP CAU AGI;20/11/2025 21:21;CEP CAU AGI;4-Baja;Masiva;APL_CON_DESA_SERVICIO_ICF
INC000003827124;Media;CRM JAZZTEL // BOGOTA // ERROR FUNCIONAL;Cerrado;03/11/2025 16:38 a;CEP CAU AGI;04/11/2025 11:01;SOP_BSS_JAZZTEL;4-Baja;Masiva;MESA DE AYUDA COLOMBIA
INC000003827857;Media;PRDIAS-25160 ASISTENTE / ADI CONSULTING / SIN ACCESO;Cerrado;04/11/2025 13:31 a;CEP CAU AGI;21/11/2025 10:08;SOP_ASISTENTE;3-Medio;Masiva;SLN Arvato Salamanca
INC000003828137;Media;FICHA DE CLIENTE / SEVILLA / EROR FUNCIONAL;Cerrado;04/11/2025 13:42 a;CEP CAU AGI;10/11/2025 9:23;CEP CAU AGI;4-Baja;Masiva;TEIDE_OSP_ICF
INC000003828231;Media;LIVEPERSON / BOGOTA / LENTITUD;Cerrado;04/11/2025 12:37 a;CEP CAU AGI;10/11/2025 9:23;CEP CAU AGI;3-Medio;Masiva;MESA DE AYUDA COLOMBIA
INC000003828292;Media;DJINGO // CONTROLROOM // ERROR FUNCIONAL;Cerrado;04/11/2025 15:07 a;CEP CAU AGI;04/11/2025 16:26;SOP_DJINGO;4-Baja;Masiva;TEIDE_OSP_ICF
INC000003828462;Media;IVR // CONTROLROOM // ERROR FUNCIONAL;Cerrado;04/11/2025 19:32 a;CEP CAU AGI;05/11/2025 10:15;SOP_TECNICO_CALL_CENTER;4-Baja;Masiva;TEIDE_OSP_ICF
INC000003828515;Media;PRDIAS-25159 DJINGO // CONTROLROOM // ERROR FUNCIONAL;Cerrado;04/11/2025 15:54 a;CEP CAU AGI;21/11/2025 10:11;SOP_DJINGO;4-Baja;Masiva;TEIDE_OSP_ICF
INC000003828548;Crítica;Resumen: Caída de los circuitos de la sede de VIGO MSC.;Cerrado;05/11/2025 3:01 a;RTV-EXTERNAS RDC;05/11/2025 13:39;RTV-EXTERNAS RDC;1-Crítica;Masiva;Operador (A.G.I.)
INC000003828605;Media;ALTITUDE // ISGF MURCIA // ERROR FUNCIONAL;Cerrado;04/11/2025 16:10 a;CEP CAU AGI;04/11/2025 16:47;SOP_TECNICO_CALL_CENTER;4-Baja;Masiva;SLN ISGF Murcia
INC000003828903;Media;PRDIAS-25163 LIVEPERSON // ADICONSULTING  // ERROR FUNCIONAL;Cerrado;04/11/2025 19:13 a;CEP CAU AGI;10/11/2025 9:22;CEP CAU AGI;3-Medio;Masiva;SLN Arvato Salamanca
INC000003829441;Media;FICHA CLIENTE MM / BOGOTA / ERROR FUNCIONAL;Cerrado;05/11/2025 11:55 a;CEP CAU AGI;17/11/2025 7:09;CEP CAU AGI;4-Baja;Masiva;MESA DE AYUDA COLOMBIA
INC000003829521;Alta;IP24 / ATAC GUADALAJARA / ERROR FUNCIONAL;Cerrado;05/11/2025 12:47 a;CEP CAU AGI;05/11/2025 16:40;APL_MOV_SOE;2-Alta;Masiva;NEG_PROVISION_PYME
INC000003829559;Media;PANGEA / MADRID / ERROR FUNCIONAL;Cerrado;05/11/2025 14:35 a;CEP CAU AGI;11/11/2025 13:56;CEP CAU AGI;4-Baja;Masiva;PROC_CAD
INC000003829712;Media;POLAR / MADRID / ERROR FUNCIONAL;Cerrado;05/11/2025 13:11 a;CEP CAU AGI;06/11/2025 13:04;SOP_BSS_JAZZTEL;4-Baja;Masiva;ST_FTTH
INC000003829740;Media;FICHA DE CLIENTE // FOUNDEVER SEVILLA // ERROR FUNCIONAL;Cerrado;05/11/2025 15:37 a;CEP CAU AGI;01/12/2025 8:04;CEP CAU AGI;4-Baja;Masiva;TEIDE_OSP_ICF
INC000003829837;Media;FICHA DE CLIENTE // OEST OVIEDO // ERROR FUNCIONAL;Cerrado;05/11/2025 19:38 a;CEP CAU AGI;24/11/2025 11:04;DES_SOE_FICHA;3-Medio;Masiva;OEST - SL
INC000003829838;Media;ALTUTIDE // ISGF MURCIA // ERROR FUNCIONAL;Cerrado;05/11/2025 19:27 a;CEP CAU AGI;25/11/2025 12:32;SOP_TECNICO_CALL_CENTER;4-Baja;Masiva;SLN ISGF Murcia
INC000003829910;Media;CRM JAZZTEL / MEDELLIN / ERROR FUNCIONAL;Cerrado;05/11/2025 15:11 a;CEP CAU AGI;10/11/2025 9:22;CEP CAU AGI;4-Baja;Masiva;ATC_MADRID_MASIVO
INC000003830279;Media;FICHA DE CLIENTE // MARKTEL VALENCIA // ERROR FUNCIONAL;Cerrado;06/11/2025 10:45 a;CEP CAU AGI;06/11/2025 15:22;CEP CAU AGI;3-Medio;Masiva;SLN Marktel Valencia
INC000003830441;Alta;INDISPONIBILIDAD/BSCS/SL2;Cerrado;06/11/2025 10:06 a;RTV-TECSE RED DATOS;06/11/2025 12:03;Atlas_Soporte_Linux_Vmware;2-Alta;Masiva;Operador (A.G.I.)
INC000003830460;Media;24-28/11 FICHA DE CLIENTE / GUADALAJARA / ERROR FUNCIONAL;Cerrado;06/11/2025 10:39 a;CEP CAU AGI;27/11/2025 15:10;DES_SOE_PANGEA;4-Baja;Masiva;EDS_MTO
INC000003830529;Media;FICHA DE CLIENTE / MEDELLIN / ERROR FUNCIONAL;Cerrado;06/11/2025 9:54 a;CEP CAU AGI;10/11/2025 9:22;CEP CAU AGI;4-Baja;Masiva;SLN Teleperformance Medellin
INC000003830540;Media;GESTOCK / ATAC JEREZ / ERROR FUNCIONAL;Cerrado;06/11/2025 10:26 a;CEP CAU AGI;06/11/2025 13:13;CEP CAU AGI;3-Medio;Masiva;MESA DE AYUDA GUADALAJARA
INC000003830550;Media;CRM JAZZTEL // MARKTEL VALENCIA // ERROR FUNCIONAL;Cerrado;06/11/2025 11:17 a;CEP CAU AGI;06/11/2025 13:05;SOP_BSS_JAZZTEL;4-Baja;Masiva;SLN Marktel Valencia
INC000003830552;Media;FICHA DE CLIENTE //  GUADALAJARA  // ERROR FUNCIONAL;Cerrado;06/11/2025 11:00 a;CEP CAU AGI;17/11/2025 7:08;CEP CAU AGI;3-Medio;Masiva;EDS_MTO
INC000003830579;Media;FICHA DE CLIENTE / FOUNDEVER SEVILLA / ERROR FUNCIONAL;Cerrado;06/11/2025 12:07 a;CEP CAU AGI;10/11/2025 9:21;CEP CAU AGI;4-Baja;Masiva;TEIDE_OSP_ICF
INC000003830717;Alta;DEGRADACION / TEIDE / SL2;Cerrado;06/11/2025 10:53 a;CEP CAU AGI;06/11/2025 21:58;SOP_SMC_TEIDE;2-Alta;Masiva;NEG_PROV_ORANGE
INC000003830723;Media;FICHA DE CLIENTE // FOUNDEVER SEVILLA // ERROR FUNCIONAL;Cerrado;06/11/2025 10:54 a;CEP CAU AGI;10/11/2025 9:13;CEP CAU AGI;2-Alta;Masiva;CALLCENTER_SITEL_SEVILLA
INC000003830749;Media;PRDIAS-25188 LIVEPERSON / KONECTA SEVILLA. // ERROR FUNCIONAL;Cerrado;06/11/2025 11:30 a;CEP CAU AGI;25/11/2025 14:55;SOP_DJINGO;3-Medio;Masiva;CALLCENTER_KONECTA_SEVILLA
INC000003830765;Media;FICHA DE CLIENTE // OVIEDO // ERROR FUNCIONAL;Cerrado;06/11/2025 12:21 a;CEP CAU AGI;06/11/2025 14:42;APL_MOV_SOE;3-Medio;Masiva;OEST - SL
INC000003830963;Media;FICHA DE CLIENTE // FOUNDEVER SEVILLA // ERROR FUNCIONAL;Cerrado;06/11/2025 16:30 a;CEP CAU AGI;01/12/2025 8:04;CEP CAU AGI;4-Baja;Masiva;TEIDE_OSP_ICF
INC000003830965;Media;SGF // ATENTO JAEN // ERROR FUNCIONAL;Cerrado;06/11/2025 16:41 a;CEP CAU AGI;10/11/2025 9:12;CEP CAU AGI;4-Baja;Masiva;TEIDE_OSP_ICF
INC000003830983;Crítica;DEGRADACION / TEIDE / SL1;Cerrado;06/11/2025 18:14 a;CEP CAU AGI;17/11/2025 7:07;CEP CAU AGI;1-Crítica;Masiva;APL_CON_DESA_SERVICIO_ICF
INC000003831097;Media;CRM JAZZTEL // KONECTA MADRID // ERROR FUNCIONAL;Cerrado;06/11/2025 19:51 a;CEP CAU AGI;24/11/2025 7:19;CEP CAU AGI;4-Baja;Masiva;PROC_CAD
INC000003831736;Media;PANGEA / KONECTA MADRID / ERROR FUNCIONAL;Cerrado;07/11/2025 10:05 a;CEP CAU AGI;26/11/2025 14:00;CEP CAU AGI;4-Baja;Masiva;PROC_CAD
INC000003831760;Media;[IP24] / MADRID / ERROR FUNCIONAL;Cerrado;07/11/2025 11:48 a;CEP CAU AGI;27/11/2025 8:49;DES_TEIDE;4-Baja;Masiva;NEG_PROV_ORANGE
INC000003832068;Media;EGEO / LA FINCA / ERROR FUNCIONAL;Cerrado;07/11/2025 13:37 a;CEP CAU AGI;10/11/2025 9:12;CEP CAU AGI;2-Alta;Masiva;SOP_RESPONSABLE_SERVICIO
INC000003832124;Media;FICHA DE CLIENTE / LA FINCA / ERROR FUNCIONAL;Cerrado;07/11/2025 10:17 a;CEP CAU AGI;10/11/2025 9:07;CEP CAU AGI;4-Baja;Masiva;FIJO CAU ICFF
INC000003832149;Media;[IP24] / ATAC JEREZ / ERROR FUNCIONAL;Cerrado;07/11/2025 11:55 a;CEP CAU AGI;17/11/2025 7:07;CEP CAU AGI;4-Baja;Masiva;MESA DE AYUDA GUADALAJARA
INC000003832183;Media;ALTITUDE // BOGOTA // ERROR FUNCIONAL;Cerrado;07/11/2025 13:22 a;CEP CAU AGI;10/11/2025 15:14;SOP_TECNICO_CALL_CENTER;4-Baja;Masiva;MESA DE AYUDA COLOMBIA
INC000003832189;Media;IP24 / FOUNDEVER SEVILLA / ERROR FUNCIONAL;Cerrado;07/11/2025 13:19 a;CEP CAU AGI;17/11/2025 8:27;TEIDE_OSP_Soporte_Tecnico;4-Baja;Masiva;FIJO CAU ICFF
INC000003832356;Media;LIVEPERSON / ANDES 2 / ERROR FUNCIONAL;Cerrado;07/11/2025 12:29 a;CEP CAU AGI;10/11/2025 9:06;CEP CAU AGI;3-Medio;Masiva;ATC_MADRID_MASIVO
INC000003832360;Media;FICHA CLIENTE MM // ISGF MADRID // ERROR FUNCIONAL;Cerrado;07/11/2025 12:52 a;CEP CAU AGI;09/12/2025 10:29;CEP CAU AGI;4-Baja;Masiva;SLN ISGF Murcia
INC000003832364;Media;DJINGO / CONTROL ROOM / ERROR FUNCIONAL;Cerrado;07/11/2025 13:03 a;CEP CAU AGI;10/11/2025 9:06;CEP CAU AGI;4-Baja;Masiva;FIJO CAU ICFF
INC000003832619;Media;CERES / OEST OVIEDO / ERROR FUNCIONAL;Cerrado;07/11/2025 15:12 a;CEP CAU AGI;07/11/2025 16:08;CEP CAU AGI;3-Medio;Masiva;OEST - SL
INC000003832752;Media;PRDIAS-25234 LIVEPERSON // MEDELLIN // ERROR FUNCIONAL;Cerrado;08/11/2025 9:41 a;CEP CAU AGI;14/11/2025 10:48;SOP_DJINGO;3-Medio;Masiva;SLN Teleperformance Medellin
INC000003832773;Media;EUNOMIA // ATENTO MADRID // SIN ACCESO;Cerrado;10/11/2025 10:07 a;CEP CAU AGI;11/11/2025 10:12;NEG_EUNOMIA;3-Medio;Masiva;TEIDE_OSP_ICF
INC000003832793;Media;FICHA DE CLIENTE / MAJOREL SALAMANCA // ERROR FUNCIONAL;Cerrado;10/11/2025 11:32 a;CEP CAU AGI;10/11/2025 13:59;TEIDE_OSP_Soporte_Tecnico;3-Medio;Masiva;APL_CON_DESA_SERVICIO_ICF
INC000003832907;Media;LIVEPERSON // GUADALAJARA // ERROR FUNCIONAL;Cerrado;07/11/2025 17:10 a;CEP CAU AGI;10/11/2025 9:06;CEP CAU AGI;3-Medio;Masiva;MESA DE AYUDA GUADALAJARA
INC000003832912;Media;PRDIAS-25233 LIVEPERSON // MEDELLIN // ERROR FUNCIONAL;Cerrado;07/11/2025 18:01 a;CEP CAU AGI;12/11/2025 9:05;SOP_ASISTENTE;4-Baja;Masiva;SLN Teleperformance Medellin
INC000003834320;Media;SGP // ISGF MURCIA // ERROR FUNCIONAL;Cerrado;10/11/2025 13:20 a;CEP CAU AGI;10/11/2025 18:20;CEP CAU AGI;4-Baja;Masiva;SLN ISGF Murcia
INC000003834368;Media;SIEBEL 7 / JAZZPLAT/ ERROR FUNCIONAL;Cerrado;10/11/2025 18:24 a;CEP CAU AGI;11/11/2025 15:03;Soporte Siebel;4-Baja;Masiva;SOP_N2_ROBOTFACTORY
INC000003834678;Crítica;A-INDISPONIBILIDAD/SEDE ALICANTE-GRANVIA/SL1;Cerrado;11/11/2025 5:52 a;RTV-TECSE RED DATOS;11/11/2025 8:15;RTV-EXTERNAS RDC;1-Crítica;Masiva;Operador (A.G.I.)
INC000003835419;Media;PRDIAS-25257 LIVEPERSON // A CORUÑA // ERROR FUNCIONAL;Cerrado;11/11/2025 10:30 a;CEP CAU AGI;14/11/2025 10:51;SOP_ASISTENTE;3-Medio;Masiva;SLN Arvato Salamanca
INC000003835454;Media;PRDIAS-25265 LIVEPERSON // KONECTA SEVILLA // ERROR FUNCIONAL;Cerrado;11/11/2025 11:50 a;CEP CAU AGI;11/11/2025 16:20;SOP_DJINGO;3-Medio;Masiva;CALLCENTER_KONECTA_SEVILLA
INC000003835537;Media;FICHA DE CLIENTE // ISGF MURCIA // ERROR FUNCIONAL;Cerrado;11/11/2025 11:09 a;CEP CAU AGI;19/11/2025 14:42;NEG_CAMP_CERES;3-Medio;Masiva;SLN ISGF Murcia
INC000003835618;Media;CRM4TELCO // MARKTEL VALENCIA // LENTITUD;Cerrado;11/11/2025 11:31 a;CEP CAU AGI;11/11/2025 12:24;SOP_BSS_JAZZTEL;4-Baja;Masiva;SLN Marktel Valencia
INC000003835621;Media;LIVEPERSON  // LEON // ERROR FUNCIONAL;Cerrado;11/11/2025 11:53 a;CEP CAU AGI;11/11/2025 15:59;SOP_DJINGO;4-Baja;Masiva;CALLCENTER_TRANSCOM_LEON
INC000003835947;Media;FICHA DE CLIENTE / VIGO / ERROR FUNCIONAL;Cerrado;11/11/2025 20:40 a;CEP CAU AGI;17/11/2025 7:08;CEP CAU AGI;4-Baja;Masiva;TEIDE_OSP_ICF
INC000003836102;Media;PRDIAS-25271 LIVEPERSON // KONECTA SEVILLA // ERROR FUNCIONAL;Cerrado;11/11/2025 16:19 a;CEP CAU AGI;17/11/2025 7:06;CEP CAU AGI;3-Medio;Masiva;CALLCENTER_KONECTA_SEVILLA
INC000003836162;Media;"Posible masiva ordenes rechazadas con error ""provision process fail: Error de Sistema"" // OMV_0";Cerrado;12/11/2025 9:35 a;FRONTOFFICE;12/11/2025 10:20;GC MIDDLEWARE;3-Medio;Masiva;FRONTOFFICE
INC000003836171;Media;FICHA DE CLIENTE // FOUNDEVER SEVILLA // ERROR FUNCIONAL;Cerrado;12/11/2025 9:55 a;CEP CAU AGI;17/11/2025 7:06;CEP CAU AGI;4-Baja;Masiva;TEIDE_OSP_ICF
INC000003836202;Media;27/11 PANGEA // ATAC SALAMANCA // ERROR FUNCIONAL;Cerrado;11/11/2025 16:23 a;CEP CAU AGI;27/11/2025 8:05;DES_CRM4T_GARANTIA;4-Baja;Masiva;NEG_PROVISION_PYME
INC000003836374;Media;CERES // OEST OVIEDO // ERROR FUNCIONAL;Cerrado;12/11/2025 10:09 a;CEP CAU AGI;12/11/2025 11:08;CEP CAU AGI;3-Medio;Masiva;OEST - SL
INC000003836918;Media;FICHA DE CLIENTE // MADRID // ERROR FUNCIONAL;Cerrado;12/11/2025 13:00 a;CEP CAU AGI;18/11/2025 16:23;APL_MOV_SOE;4-Baja;Masiva;TEIDE_OSP_ICF
INC000003837111;Media;ACME WEB ORANGE // MAJOREL SALAMANCA // ERROR FUNCIONAL;Cerrado;12/11/2025 12:51 a;CEP CAU AGI;17/11/2025 7:05;CEP CAU AGI;4-Baja;Masiva;APL_CON_DESA_SERVICIO_ICF
INC000003837143;Media;FICHA DE CLIENTE / VIGO / ERROR FUNCIONAL;Cerrado;12/11/2025 14:50 a;CEP CAU AGI;12/11/2025 18:08;DES_MADISON;4-Baja;Masiva;TEIDE_OSP_ICF
INC000003837461;Media;A-PANGEA / ATAC JEREZ / ERROR FUNCIONAL;Cerrado;12/11/2025 18:48 a;CEP CAU AGI;17/12/2025 7:36;DES_SOE_PANGEA;4-Baja;Masiva;APL_CON_DESA_SERVICIO_ICF
INC000003837606;Media;FICHA DE CLIENTE / TRANSCOM / ERROR FUNCIONAL;Cerrado;12/11/2025 18:53 a;CEP CAU AGI;17/11/2025 7:05;CEP CAU AGI;3-Medio;Masiva;CALLCENTER_TRANSCOM_LEON
INC000003837607;Media;ALTITUDE / FOUNDEVER / ERROR FUNCIONAL;Cerrado;12/11/2025 18:52 a;CEP CAU AGI;12/11/2025 19:41;SOP_TECNICO_CALL_CENTER;4-Baja;Masiva;TEIDE_OSP_ICF
INC000003837649;Crítica;DEGRADACION / FICHA DE CLIENTE / SL1;Cerrado;13/11/2025 9:37 a;CEP CAU AGI;17/11/2025 7:04;CEP CAU AGI;1-Crítica;Masiva;CALLCENTER_KONECTA_SEVILLA
INC000003838281;Media;COGNITIVE  // CONTROL ROOM // SIN ACCESO;Cerrado;13/11/2025 15:12 a;CEP CAU AGI;14/11/2025 8:25;SOP_DJINGO;4-Baja;Masiva;TEIDE_OSP_ICF
INC000003839082;Media;PANGEA // ATAC SALAMANCA // ERROR FUNCIONAL;Cerrado;14/11/2025 10:17 a;CEP CAU AGI;24/11/2025 8:41;DES_TEIDE;4-Baja;Masiva;NEG_PROVISION_PYME
INC000003839088;Media;PRDIAS-25146 LIVEPERSON  // MADRID // ERROR FUNCIONAL;Cerrado;14/11/2025 10:46 a;CEP CAU AGI;24/11/2025 7:17;CEP CAU AGI;4-Baja;Masiva;SLN Arvato Salamanca
INC000003839122;Alta;DEGRADACION / TEIDE / SL2;Cerrado;13/11/2025 19:33 a;CEP CAU AGI;17/11/2025 7:04;CEP CAU AGI;3-Medio;Masiva;APL_CON_DESA_SERVICIO_ICF
INC000003839191;Media;FICHA CLIENTE MM // BOGOTA // ERROR FUNCIONAL;Cerrado;14/11/2025 11:46 a;CEP CAU AGI;17/11/2025 16:46;APL_CON_GEA_DATA;4-Baja;Masiva;MESA DE AYUDA COLOMBIA
INC000003839343;Media;CRM4TELCO // MARKTEL VALENCIA // ERROR FUNCIONAL;Cerrado;14/11/2025 10:45 a;CEP CAU AGI;14/11/2025 12:48;SOP_BSS_JAZZTEL;4-Baja;Masiva;SLN Marktel Valencia
INC000003839393;Media;PRDIAS-25360 DJINGO // CONTROL ROOM // ERROR FUNCIONAL;Cerrado;14/11/2025 13:00 a;CEP CAU AGI;03/12/2025 12:11;SOP_DJINGO;4-Baja;Masiva;TEIDE_OSP_ICF
INC000003839549;Media;EUNOMIA // MADRID // NO ACCESO;Cerrado;14/11/2025 11:31 a;CEP CAU AGI;20/11/2025 8:17;NEG_EUNOMIA;4-Baja;Masiva;TEIDE_OSP_ICF
INC000003839587;Media;FICHA DE CLIENTE // JAZZPLAT ESPAÑA //ERROR FUNCIONAL;Cerrado;14/11/2025 14:22 a;CEP CAU AGI;17/11/2025 16:46;APL_CON_GEA_DATA;4-Baja;Masiva;EDS_MTO
INC000003839986;Media;[CSO] PANGEA / ATAC JEREZ / ERROR FUNCIONAL;Cerrado;14/11/2025 19:52 a;CEP CAU AGI;04/12/2025 18:55;CEP CAU AGI;4-Baja;Masiva;APL_CON_DESA_SERVICIO_ICF
INC000003840211;Media;DJINGO // CONTROL ROOM // ERROR FUNCIONAL;Cerrado;14/11/2025 14:55 a;CEP CAU AGI;14/11/2025 21:20;CEP CAU AGI;4-Baja;Masiva;TEIDE_OSP_ICF
INC000003840239;Alta;DEGRADACION / BSCS / SL2;Cerrado;20/11/2025 1:50 a;RTV-TECSE RED DATOS;20/11/2025 9:31;Atlas_Soporte_BBDD;2-Alta;Masiva;Operador (A.G.I.)
INC000003840882;Media;AVA / KONECTA SEVILLA / ERROR FUNCIONAL;Cerrado;17/11/2025 12:43 a;CEP CAU AGI;17/11/2025 16:47;APL_CON_GEA_DATA;3-Medio;Masiva;CALLCENTER_KONECTA_SEVILLA
INC000003841745;Media;PRDIAS-25375 LIVEPERSON / MEDELLIN / ERROR FUNCIONAL;Cerrado;17/11/2025 12:54 a;CEP CAU AGI;24/11/2025 7:17;CEP CAU AGI;4-Baja;Masiva;ATC_MADRID_MASIVO
INC000003841759;Media;EGEO / LA FINCA / SIN ACCESO;Cerrado;17/11/2025 14:00 a;CEP CAU AGI;21/11/2025 11:53;SOP_TMC_APIGEE;3-Medio;Masiva;SOP_RESPONSABLE_SERVICIO
INC000003841882;Media;ACME APP ORANGE / BOGOTA / ERROR FUNCIONAL;Cerrado;17/11/2025 14:45 a;CEP CAU AGI;24/11/2025 7:16;CEP CAU AGI;4-Baja;Masiva;MESA DE AYUDA COLOMBIA
INC000003842156;Media;DJINGO / CONTROL ROOM / ERROR FUNCIONAL;Cerrado;17/11/2025 18:50 a;CEP CAU AGI;17/11/2025 20:34;SOP_DJINGO;4-Baja;Masiva;TEIDE_OSP_ICF
INC000003842369;Media;PRDIAS-25406 LIVEPERSON / MARKTEL VALENCIA / ERROR FUNCIONAL;Cerrado;18/11/2025 11:41 a;CEP CAU AGI;24/11/2025 13:39;SOP_ASISTENTE;3-Medio;Masiva;SLN Arvato Salamanca
INC000003842485;Media;LIVEPERSON / FOUNDEVER / LENTITUD;Cerrado;18/11/2025 11:47 a;CEP CAU AGI;18/11/2025 12:25;SOP_DJINGO;4-Baja;Masiva;CALLCENTER_SITEL_SEVILLA
INC000003842651;Media;PANGEA // ATAC SALAMANCA // ERROR FUNCIONAL;Cerrado;18/11/2025 10:37 a;CEP CAU AGI;11/03/2026 11:41;APL_MOV_SOE;4-Baja;Masiva;NEG_PROVISION_PYME
INC000003843203;Media;ALTAIR / WHOLESALE MADRID / ERROR FUNCIONAL;Cerrado;18/11/2025 11:17 a;CEP CAU AGI;16/12/2025 13:39;CEP CAU AGI;3-Medio;Masiva;USU_WHOLESALE
INC000003843228;Media;PANGEA // ATAC SALAMANCA // ERROR FUNCIONAL;Cerrado;18/11/2025 12:31 a;CEP CAU AGI;03/12/2025 13:46;SOP_NABOO;4-Baja;Masiva;NEG_PROVISION_PYME
INC000003843447;Media;ACME WEB ORANGE / MAJOREL JEREZ / SIN ACCESO;Cerrado;18/11/2025 16:55 a;CEP CAU AGI;18/11/2025 18:08;SOP_TMC_ACME;4-Baja;Masiva;APL_CON_DESA_SERVICIO_ICF
INC000003843544;Alta;Posible incidencia masiva provision process fail: WS_OMV_1;Cerrado;18/11/2025 16:44 a;FRONTOFFICE;18/11/2025 17:31;GC MIDDLEWARE;3-Medio;Masiva;FRONTOFFICE
INC000003843583;Media;WEB MANTENEDORES / GUADALAJARA / SIN ACCESO;Cerrado;18/11/2025 17:52 a;CEP CAU AGI;18/11/2025 19:06;SOP_BSS_JAZZTEL;4-Baja;Masiva;MESA DE AYUDA GUADALAJARA
INC000003844342;Media;No se aplica baja de velocidad;Cerrado;19/11/2025 11:10 a;OMVFacturador;19/11/2025 12:50;FRONTOFFICE;3-Medio;Masiva;FRONTOFFICE
INC000003844376;Media;REMEDY / MAJOREL JEREZ / ERROR FUNCIONAL;Cerrado;19/11/2025 12:42 a;CEP CAU AGI;21/11/2025 13:01;CEP CAU AGI;4-Baja;Masiva;APL_CON_DESA_SERVICIO_ICF
INC000003844393;Media;FICHA DE CLIENTE / FOUNDEVER SEVILLA / ERROR FUNCIONAL;Cerrado;19/11/2025 13:47 a;CEP CAU AGI;24/11/2025 7:14;CEP CAU AGI;4-Baja;Masiva;FIJO CAU ICFF
INC000003844416;Media;CERES / OEST OVIEDO / ERROR FUNCIONAL;Cerrado;19/11/2025 10:12 a;CEP CAU AGI;19/11/2025 11:23;CEP CAU AGI;3-Medio;Masiva;OEST - SL
INC000003844436;Media;GIROS / GUADALAJARA / ERROR FUNCIONAL;Cerrado;19/11/2025 11:26 a;CEP CAU AGI;19/11/2025 13:34;Fijo Activacion LUNA;4-Baja;Masiva;MESA DE AYUDA GUADALAJARA
INC000003844460;Media;LIVEPERSON / CORUÑA / ERROR FUNCIONAL;Cerrado;19/11/2025 12:52 a;CEP CAU AGI;19/11/2025 18:44;SOP_ASISTENTE;3-Medio;Masiva;SLN Arvato Salamanca
INC000003844580;Media;LIVEPERSON / FOUNDEVER SEVILLA / ERROR FUNCIONAL;Cerrado;19/11/2025 14:47 a;CEP CAU AGI;25/11/2025 8:04;SOP_ASISTENTE;4-Baja;Masiva;FIJO CAU ICFF
INC000003844903;Media;PRDIAS-25414 LIVEPERSON / MADRID / ERROR FUNCIONAL;Cerrado;19/11/2025 14:01 a;CEP CAU AGI;02/12/2025 12:40;SOP_ASISTENTE;3-Medio;Masiva;SLN Arvato Salamanca
INC000003844926;Media;PRDIAS-25409 LIVEPERSON / FOUNDEVER SEVILLA / ERROR FUNCIONAL;Cerrado;19/11/2025 15:58 a;CEP CAU AGI;24/11/2025 7:13;CEP CAU AGI;4-Baja;Masiva;TEIDE_OSP_ICF
INC000003844942;Media;[IP24] // ATAC SALAMANCA // ERROR FUNCIAL;Cerrado;19/11/2025 16:41 a;CEP CAU AGI;02/12/2025 21:24;CEP CAU AGI;4-Baja;Masiva;NEG_PROVISION_PYME
INC000003845062;Crítica;INDISPONIBILIDAD / TEIDE / SL1;Cerrado;20/11/2025 7:07 a;CEP CAU AGI;24/11/2025 8:55;CEP CAU AGI;2-Alta;Masiva;Operador (A.G.I.)
INC000003845125;Media;FICHA DE CLIENTE / GUADALAJARA / ERROR FUNCIONAL;Cerrado;19/11/2025 17:34 a;CEP CAU AGI;04/12/2025 11:36;APL_MOV_SOE;4-Baja;Masiva;EDS_MTO
INC000003845138;Media;PRDIAS-25413 LIVEPERSON / KONECTA SEVILLA / ERROR FUNCIONAL;Cerrado;19/11/2025 18:13 a;CEP CAU AGI;24/11/2025 7:13;CEP CAU AGI;3-Medio;Masiva;CALLCENTER_KONECTA_SEVILLA
INC000003845428;Media;FICHA DE CLIENTE / GUADALAJARA / ERROR FUNCIONAL;Cerrado;20/11/2025 10:01 a;CEP CAU AGI;20/11/2025 12:37;APL_MOV_SOE;3-Medio;Masiva;MESA DE AYUDA GUADALAJARA
INC000003845929;Alta;DEGRADACIÓN / ESX AOTLXPRVIN10234 / SL2;Cerrado;20/11/2025 10:34 a;ADM. HWSAN;20/11/2025 13:54;ADM. HWSAN;2-Alta;Masiva;Atlas_Soporte_Linux_Vmware
INC000003845938;Media;[CSO] PANGEA // MADRID // ERROR FUNCIONAL;Cerrado;20/11/2025 11:17 a;CEP CAU AGI;04/12/2025 15:38;DES_SOE_PANGEA;4-Baja;Masiva;PROC_CAD
INC000003845950;Alta;INDISPONIBILIDAD / PANGEA / SL2;Cerrado;20/11/2025 11:54 a;CEP CAU AGI;20/11/2025 14:49;CEP CAU AGI;2-Alta;Masiva;FIJO CAU ICFF
INC000003846115;Media;OCS // LA FINCA // ERROR FUNCIONAL;Cerrado;20/11/2025 12:13 a;CEP CAU AGI;25/11/2025 12:27;SOP_TMC_OCS;2-Alta;Masiva;SOP_BILL_REVIEW
INC000003846462;Media;PRDIAS-25427 LIVEPERSON / OEST OVIEDO / ERROR FUNCIONAL;Cerrado;20/11/2025 17:00 a;CEP CAU AGI;25/11/2025 8:02;SOP_DJINGO;3-Medio;Masiva;OEST - SL
INC000003846483;Media;CERES / OEST OVIEDO / ERROR FUNCIONAL;Cerrado;20/11/2025 19:09 a;CEP CAU AGI;20/11/2025 21:24;CEP CAU AGI;3-Medio;Masiva;OEST - SL
INC000003846635;Media;MIORANGE / MEDELLIN / ERROR FUNCIONAL;Cerrado;20/11/2025 16:33 a;CEP CAU AGI;22/11/2025 11:41;CEP CAU AGI;4-Baja;Masiva;SLN Teleperformance Medellin
INC000003846855;Alta;[CSO] DEGRADACIÓN / ACME APP JAZZTEL / SL2;Cerrado;21/11/2025 12:27 a;CEP CAU AGI;01/12/2025 10:06;SOP_TMC_CLU;3-Medio;Masiva;USU_COBROS
INC000003847681;Crítica;INDISPONIBILIDAD/SEDE BARCELONA INDUSTRIA FTTH/SL1;Cerrado;24/11/2025 5:45 a;RTV-TECSE RED DATOS;24/11/2025 10:09;RTV-EXTERNAS RDC;1-Crítica;Masiva;Operador (A.G.I.)
INC000003847736;Alta;DEGRADACIÓN / ESX AOTLXPRVIN10234 / SL2;Cerrado;22/11/2025 14:45 a;TS GSS MONITORIZACION;22/11/2025 22:55;ADM. HWSAN;2-Alta;Masiva;Operador (A.G.I.)
INC000003847793;Alta;DEGRADACION / FICHA DE CLIENTE / SL2;Cerrado;24/11/2025 9:08 a;CEP CAU AGI;26/11/2025 14:38;APL_MOV_SOE;1-Crítica;Masiva;SOP_SMC_AULA_CIMA
INC000003848032;Crítica;INDISPONIBILIDAD / ZABBIX AYSCOM / SL1;Cerrado;23/11/2025 6:33 a;TS GSS MONITORIZACION;25/11/2025 17:10;SOP_AYSCOM_IT;2-Alta;Masiva;Operador (A.G.I.)
INC000003848089;Media;ALTITUDE // LEON // ERROR FUNCIONAL;Cerrado;24/11/2025 9:37 a;CEP CAU AGI;24/11/2025 10:03;SOP_TECNICO_CALL_CENTER;4-Baja;Masiva;CALLCENTER_TRANSCOM_LEON
INC000003848318;Media;[2025R11] - REMEDY EPSILON / GUADALAJARA / ERROR FUNCIONAL;Cerrado;23/11/2025 11:03 a;CEP CAU AGI;23/11/2025 12:05;SOP_TECNICO_OSS;4-Baja;Masiva;MESA DE AYUDA GUADALAJARA
INC000003849562;Alta;DEGRADACIÓN / VALIDACION FICHA DE CLIENTE /SL2;Cerrado;24/11/2025 13:18 a;CEP CAU AGI;24/11/2025 14:20;APL_MOV_SOE;1-Crítica;Masiva;CALLCENTER_SITEL_SEVILLA
INC000003849597;Media;FICHA DE CLIENTE // LEÓN // ERROR FUNCIONAL;Cerrado;24/11/2025 15:36 a;CEP CAU AGI;01/12/2025 11:51;CEP CAU AGI;4-Baja;Masiva;CALLCENTER_TRANSCOM_LEON
INC000003849603;Media;EGEO // LA FINCA // ERROR FUNCIONAL;Cerrado;24/11/2025 10:02 a;CEP CAU AGI;24/11/2025 12:49;APL_MOV_SOE;4-Baja;Masiva;APL_MOV_SOE
INC000003849630;Media;DJINGO // CONTROLROOM // ERROR FUNCIONAL;Cerrado;24/11/2025 10:48 a;CEP CAU AGI;24/11/2025 11:57;SOP_DJINGO;4-Baja;Masiva;SOP_SMC_AULA_CIMA
INC000003849639;Alta;DEGRADACIÓN / CRM JAZZTEL / SL2;Cerrado;24/11/2025 11:11 a;CEP CAU AGI;24/11/2025 14:11;SOP_BSS_JAZZTEL;2-Alta;Masiva;ATC_MADRID_MASIVO
INC000003849663;Media;FICHA DE CLIENTE // FOUNDEVER SEVILLA // ERROR FUNCIONAL;Cerrado;24/11/2025 12:20 a;CEP CAU AGI;24/11/2025 14:34;APL_MOV_SOE;4-Baja;Masiva;SOP_SMC_AULA_CIMA
INC000003849698;Media;FICHA CLIENTE MM // BOGOTA // ERROR FUNCIONAL;Cerrado;24/11/2025 14:29 a;CEP CAU AGI;24/11/2025 18:05;SOP_SOE_OWCS;4-Baja;Masiva;MESA DE AYUDA COLOMBIA
INC000003849712;Media;WOC // ISGF MURCIA // SIN ACCESO;Cerrado;24/11/2025 11:05 a;CEP CAU AGI;24/11/2025 12:00;WOC;3-Medio;Masiva;SLN ISGF Murcia
INC000003849721;Media;LIVEPERSON // MEDELLIN // ERROR FUNCIONAL;Cerrado;24/11/2025 11:29 a;CEP CAU AGI;02/12/2025 15:52;DES_DJINGO;4-Baja;Masiva;ATC_MADRID_MASIVO
INC000003849745;Media;ALTITUDE // LEON // LENTITUD;Cerrado;24/11/2025 12:56 a;CEP CAU AGI;09/12/2025 7:58;CEP CAU AGI;4-Baja;Masiva;USU_COBROS
INC000003850248;Media;FICHA DE CLIENTE // MADRID // ERROR FUNCIONAL;Cerrado;24/11/2025 16:41 a;CEP CAU AGI;25/11/2025 12:03;CEP CAU AGI;4-Baja;Masiva;TEIDE_OSP_ICF
INC000003850271;Media;IP24 // GUADALAJARA // ERROR FUNCIONAL;Cerrado;24/11/2025 17:31 a;CEP CAU AGI;24/11/2025 18:57;CEP CAU AGI;4-Baja;Masiva;NEG_PROVISION_PYME
INC000003850584;Media;CRM JAZZTEL // LA FINCA // ERROR FUNCIONAL;Cerrado;25/11/2025 10:13 a;CEP CAU AGI;27/11/2025 18:41;CEP CAU AGI;4-Baja;Masiva;GESTION_MATRIZ
INC000003850713;Media;FICHA DE CLIENTE MM // MEDELLIN // ERROR FUNCIONAL;Cerrado;24/11/2025 20:34 a;CEP CAU AGI;24/11/2025 23:51;APL_MOV_SOE;4-Baja;Masiva;SLN Teleperformance Medellin
INC000003850730;Media;BSCS // LA FINCA  // ERROR FUNCIONAL;Cerrado;25/11/2025 9:13 a;CEP CAU AGI;25/11/2025 15:18;SOP_TMC_BSCS_ONLINE;4-Baja;Masiva;BO CLIENTE FINAL
INC000003850798;Alta;DEGRADACION / HOTLINE / SL2;Cerrado;25/11/2025 12:50 a;CEP CAU AGI;25/11/2025 16:41;CEP CAU AGI;2-Alta;Masiva;SLN ISGF Murcia
INC000003850909;Media;PANGEA // KONECTA MADRID // ERROR FUNCIONAL;Cerrado;25/11/2025 8:57 a;CEP CAU AGI;25/11/2025 14:06;SOP_SMC_GIROS;4-Baja;Masiva;PROC_CAD
INC000003850977;Alta;DEGRADACION / ALTAS PREPAGO / SL2;Cerrado;25/11/2025 12:47 a;CEP CAU AGI;25/11/2025 17:37;CEP CAU AGI;3-Medio;Masiva;APL_CON_DESA_SERVICIO_ICF
INC000003851350;Media;PRDIAS-25512  LIVEPERSON // ADICONSULTING CONTROLROOM // ERROR FUNCIONAL;Cerrado;25/11/2025 13:10 a;CEP CAU AGI;02/12/2025 10:52;DES_ASISTENTE;3-Medio;Masiva;SLN Arvato Salamanca
INC000003851373;Media;SIEBEL 7 // ISGF MADRID // ERROR FUNCIONAL;Cerrado;25/11/2025 14:42 a;CEP CAU AGI;25/11/2025 16:49;CEP CAU AGI;4-Baja;Masiva;SLN ISGF Murcia
INC000003851435;Media;FICHA CLIENTE MM // MEDELLIN // ERROR FUNCIONAL;Cerrado;25/11/2025 13:12 a;CEP CAU AGI;03/12/2025 8:57;DES_SOE_FDCMM;4-Baja;Masiva;SLN Teleperformance Medellin
INC000003851529;Media;FICHA DE CLIENTE // GUADALAJARA // ERROR FUNCIONAL;Cerrado;25/11/2025 14:45 a;CEP CAU AGI;25/11/2025 17:41;SOP_SMC_BSCS_ONLINE;4-Baja;Masiva;MESA DE AYUDA GUADALAJARA
INC000003851564;Media;PRDIAS-25533  LIVEPERSON // JEREZ // ERROR FUNCIONAL;Cerrado;25/11/2025 16:12 a;CEP CAU AGI;14/01/2026 13:17;SOP_TMC_APIGEE;4-Baja;Masiva;APL_CON_DESA_SERVICIO_ICF
INC000003851808;Media;FICHA DE CLIENTE // LA FINCA // ERROR FUNCIONAL;Cerrado;25/11/2025 14:03 a;CEP CAU AGI;25/11/2025 16:29;APL_MOV_SOE;4-Baja;Masiva;SOP_SMC_AULA_CIMA
INC000003851862;Alta;DEGRADACIÓN / GSNI / SL2;Cerrado;25/11/2025 19:32 a;RTV-TECSE RED DATOS;25/11/2025 19:35;Operador (A.G.I.);2-Alta;Masiva;Operador (A.G.I.)
INC000003852092;Media;PANGEA // TLP ATAC JEREZ // ERROR FUNCIONAL;Cerrado;26/11/2025 11:59 a;CEP CAU AGI;05/12/2025 10:25;DES_SOE_PANGEA;4-Baja;Masiva;APL_CON_DESA_SERVICIO_ICF
INC000003852097;Media;PRDIAS-25427 DJINGO // OEST OVIEDO // ERROR FUNCIONAL;Cerrado;26/11/2025 12:07 a;CEP CAU AGI;09/12/2025 7:57;CEP CAU AGI;3-Medio;Masiva;OEST - SL
INC000003852195;Media;ALTAIR // GUADALAJARA // ERROR FUNCIONAL;Cerrado;26/11/2025 11:36 a;CEP CAU AGI;03/12/2025 12:51;CEP CAU AGI;3-Medio;Masiva;MESA DE AYUDA GUADALAJARA
INC000003852584;Media;WEB MANTENEDORES // MADRID // ERROR FUNCIONAL;Cerrado;26/11/2025 14:21 a;CEP CAU AGI;26/11/2025 15:41;CEP CAU AGI;4-Baja;Masiva;ST_FTTH
INC000003852590;Media;GDU / ACM // CAU // ERROR FUNCIONAL;Cerrado;26/11/2025 15:17 a;FRONTOFFICE;26/11/2025 15:43;OPER_Soporte_GdU;3-Medio;Masiva;FRONTOFFICE
INC000003852648;Media;IP24 // ATAC SALAMANCA // ERROR FUNCIONAL;Cerrado;26/11/2025 12:29 a;CEP CAU AGI;26/01/2026 15:19;SOP_SMC_TEIDE;4-Baja;Masiva;NEG_PROVISION_PYME
INC000003852686;Media;AGORA // ATAC GUADALAJARA // ERROR FUNCIONAL;Cerrado;26/11/2025 13:40 a;CEP CAU AGI;22/12/2025 8:10;CEP CAU AGI;4-Baja;Masiva;NEG_PROVISION_PYME
INC000003852975;Media;FICHA DE CLIENTE // BOSCH VIGO // ERROR FUNCIONAL [2025R11];Cerrado;26/11/2025 16:53 a;CEP CAU AGI;01/12/2025 8:52;DES_SOE_FICHA;4-Baja;Masiva;TEIDE_OSP_ICF
INC000003853022;Alta;DEGRADACION / BARCELONA 1 ULISES/ SL2;Cerrado;26/11/2025 12:42 a;RTV-TECSE RED DATOS;26/11/2025 21:52;RTV-EXTERNAS RDC;2-Alta;Masiva;Operador (A.G.I.)
INC000003853232;Media;POLAR // MADRID // ERROR FUNCIONAL;Cerrado;26/11/2025 15:41 a;CEP CAU AGI;27/11/2025 12:54;SOP_TMC_POLAR;4-Baja;Masiva;ST_FTTH
INC000003853241;Media;SDM // HUAWEI // ERROR FUNCIONAL;Cerrado;26/11/2025 16:24 a;FRONTOFFICE;19/12/2025 9:46;FRONTOFFICE;3-Medio;Masiva;FRONTOFFICE
INC000003853321;Media;LIVEPERSON // MEDELLIN // ERROR FUNCIONAL;Cerrado;26/11/2025 18:36 a;CEP CAU AGI;26/11/2025 20:45;SOP_DJINGO;4-Baja;Masiva;SLN Teleperformance Medellin
INC000003853332;Alta;DEGRADACIÓN/ LA FINCA/ SL2;Cerrado;27/11/2025 6:31 a;RTV-TECSE RED DATOS;27/11/2025 17:54;RTV-EXTERNAS RDC;2-Alta;Masiva;Operador (A.G.I.)
INC000003853385;Media;CRM4TELCO // OEST OVIEDO // LENTITUD;Cerrado;27/11/2025 12:06 a;CEP CAU AGI;27/11/2025 15:22;SOP_BSS_JAZZTEL;4-Baja;Masiva;OEST - SL
INC000003853915;Media;PRDIAS-25553 LIVEPERSON //   A CORUÑA // ERROR FUNCIONAL;Cerrado;27/11/2025 10:33 a;CEP CAU AGI;02/12/2025 15:51;SOP_ASISTENTE;3-Medio;Masiva;SLN Arvato Salamanca
INC000003853930;Media;A-GUIS // FOUNDEVER SEVILLA // SIN ACCESO;Cerrado;27/11/2025 11:37 a;CEP CAU AGI;01/12/2025 16:46;EPC;4-Baja;Masiva;SOP_SMC_AULA_CIMA
INC000003853936;Media;IP24 // ATAC GUADALAJARA  // ERROR FUNCIONAL;Cerrado;27/11/2025 11:51 a;CEP CAU AGI;27/11/2025 12:24;SOP_SMC_GIROS;4-Baja;Masiva;NEG_PROVISION_PYME
INC000003853975;Media;PANGEA // ATAC SALAMANCA // ERROR FUNCIONAL;Cerrado;27/11/2025 13:31 a;CEP CAU AGI;12/01/2026 8:26;CEP CAU AGI;4-Baja;Masiva;NEG_PROVISION_PYME
INC000003854438;Media;PRDIAS-25559  LIVEPERSON // MARKTEL VALENCIA // ERROR FUNCIONAL;Cerrado;27/11/2025 15:36 a;CEP CAU AGI;28/11/2025 9:25;DES_ASISTENTE;4-Baja;Masiva;SLN Arvato Salamanca
INC000003854552;Media;IP24 // TLP ATAC JEREZ // ERROR FUNCIONAL;Cerrado;27/11/2025 16:59 a;CEP CAU AGI;26/01/2026 14:50;CEP CAU AGI;4-Baja;Masiva;APL_CON_DESA_SERVICIO_ICF
INC000003854769;Media;FICHA CLIENTE MM // BOGOTA // ERROR FUNCIONAL;Cerrado;28/11/2025 10:19 a;CEP CAU AGI;11/12/2025 8:31;DES_CRM4T;4-Baja;Masiva;MESA DE AYUDA COLOMBIA
INC000003854935;Media;PANGEA // KONECTA MADRID // ERROR FUNCIONAL;Cerrado;28/11/2025 9:33 a;CEP CAU AGI;01/12/2025 8:04;CEP CAU AGI;4-Baja;Masiva;PROC_CAD
INC000003855560;Crítica;INDISPONIBILIDAD / FICHA CLIENTE / SL1;Cerrado;28/11/2025 14:22 a;CEP CAU AGI;01/12/2025 8:04;CEP CAU AGI;3-Medio;Masiva;OEST - SL
INC000003856015;Media;DJINGO / CONTROL ROOM / ERROR FUNCIONAL;Cerrado;29/11/2025 10:37 a;CEP CAU AGI;29/11/2025 11:20;SOP_DJINGO;4-Baja;Masiva;TEIDE_OSP_ICF
INC000003856535;Media;FICHA CLIENTE // ISGF MURCIA // ERROR FUNCIONAL;Cerrado;01/12/2025 8:43 a;CEP CAU AGI;01/12/2025 13:15;CEP CAU AGI;4-Baja;Masiva;SLN ISGF Murcia
INC000003856840;Media;FICHA DE CLIENTE // FOUNDEVER SEVILLA // ERROR FUNCIONAL [2025R11];Cerrado;01/12/2025 9:29 a;CEP CAU AGI;04/12/2025 7:49;SOP_SMC_TEIDE;4-Baja;Masiva;TEIDE_OSP_ICF
INC000003856891;Media;ALTITUD // MAJOREL SALAMANCA // ACCESO;Cerrado;01/12/2025 11:33 a;CEP CAU AGI;01/12/2025 12:11;SOP_TECNICO_CALL_CENTER;4-Baja;Masiva;APL_CON_DESA_SERVICIO_ICF
INC000003857757;Media;PORTOS / OEST OVIEDO / ERORR FUNCIONAL;Cerrado;01/12/2025 15:44 a;CEP CAU AGI;02/12/2025 15:29;CEP CAU AGI;4-Baja;Masiva;OEST - SL
INC000003857802;Alta;DEGRADACION / TEIDE / SL2;Cerrado;01/12/2025 12:09 a;CEP CAU AGI;02/12/2025 0:50;TEIDE_OSP_Soporte_Tecnico;3-Medio;Masiva;APL_CON_DESA_SERVICIO_ICF
INC000003857827;Media;FICHA DE CLIENTE // BEMORE // ERROR FUNCIONAL;Cerrado;01/12/2025 13:28 a;CEP CAU AGI;02/12/2025 13:03;DES_SOE_FICHA;3-Medio;Masiva;FRONTOFFICE
INC000003857863;Media;AGORA / ATAC JEREZ / ERROR FUNCIONAL;Cerrado;01/12/2025 15:35 a;CEP CAU AGI;05/12/2025 13:57;DES_ONCONNECT;4-Baja;Masiva;TEIDE_OSP_ICF
INC000003857894;Media;FICHA CLIENTE MM / BOGOTA / ERROR FUNCIONAL;Cerrado;01/12/2025 17:57 a;CEP CAU AGI;06/12/2025 11:04;CEP CAU AGI;4-Baja;Masiva;MESA DE AYUDA COLOMBIA
INC000003858016;Media;FICHA DE CLIENTE // FOUNDEVER SEVILLA // ERROR FUNCIONAL;Cerrado;01/12/2025 14:06 a;CEP CAU AGI;01/12/2025 14:20;CEP CAU AGI;4-Baja;Masiva;TEIDE_OSP_ICF
INC000003858259;Crítica;IP24 // LA FINCA // ERROR FUNCIONAL;Cerrado;02/12/2025 9:56 a;CEP CAU AGI;02/12/2025 14:06;CEP CAU AGI;3-Medio;Masiva;TEIDE_OSP_ICF
INC000003858906;Alta;DEGRADACION / CRM / SL2;Cerrado;02/12/2025 10:11 a;CEP CAU AGI;02/12/2025 12:16;SOP_BSS_JAZZTEL;3-Medio;Masiva;SLN Marktel Valencia
INC000003858990;Media;PRDIAS-25609 LIVEPERSON // BOGOTA // ERROR FUNCIONAL;Cerrado;02/12/2025 15:05 a;CEP CAU AGI;10/12/2025 10:36;SOP_ASISTENTE;3-Medio;Masiva;MESA DE AYUDA COLOMBIA
INC000003859173;Media;IP24 / ATAC JEREZ / ERROR FUNCIONAL;Cerrado;02/12/2025 15:44 a;CEP CAU AGI;02/12/2025 16:31;GC MIDDLEWARE;4-Baja;Masiva;MESA DE AYUDA GUADALAJARA
INC000003859474;Media;FICHA CLIENTE MM // BOGOTA // ERROR FUNCIONAL;Cerrado;03/12/2025 9:27 a;CEP CAU AGI;03/12/2025 15:36;DES_SOE_FDCMM;4-Baja;Masiva;MESA DE AYUDA COLOMBIA
INC000003860429;Crítica;INDISPONIBILIDAD / FICHA DE CLIENTE / SL1;Cerrado;03/12/2025 11:44 a;CEP CAU AGI;09/12/2025 7:55;CEP CAU AGI;1-Crítica;Masiva;OEST - SL
INC000003860529;Crítica;"WS RegisterSubscriber: Errores ""undefined()""";Cerrado;03/12/2025 12:58 a;FRONTOFFICE;04/12/2025 9:47;SOP_OSS_MOVIL;3-Medio;Masiva;FRONTOFFICE
INC000003860535;Media;POLAR // MARRUECOS // LENTITUD;Cerrado;03/12/2025 13:15 a;CEP CAU AGI;03/12/2025 13:58;SOP_TMC_POLAR;4-Baja;Masiva;NEG_PROV_ORANGE
INC000003860607;Media;IP24 // GUADALAJARA // ERROR FUNCIONAL;Cerrado;03/12/2025 11:43 a;CEP CAU AGI;15/12/2025 8:10;CEP CAU AGI;4-Baja;Masiva;NEG_PROVISION_PYME
INC000003860692;Media;EGEO // LA FINCA // ERROR FUNCIONAL;Cerrado;03/12/2025 17:24 a;CEP CAU AGI;15/12/2025 16:35;APL_MOV_SOE;3-Medio;Masiva;APL_MOV_SOE
INC000003861093;Alta;DEGRADACION / FICHA DE CLIENTE / SL2;Cerrado;04/12/2025 11:44 a;CEP CAU AGI;05/12/2025 8:06;CEP CAU AGI;1-Crítica;Masiva;CALLCENTER_TRANSCOM_LEON
INC000003861253;Media;PANGEA // GUADALAJARA // ERROR FUNCIONAL;Cerrado;04/12/2025 10:22 a;CEP CAU AGI;09/12/2025 7:54;CEP CAU AGI;4-Baja;Masiva;PROC_CAD
INC000003861263;Media;WEB DE COMPROBANTES // LEON // ERROR FUNCIONAL;Cerrado;04/12/2025 11:38 a;CEP CAU AGI;05/12/2025 8:04;SOP_MOV_COMPROBANTES_TIENDAS;3-Medio;Masiva;CALLCENTER_TRANSCOM_LEON
INC000003861282;Alta;DEGRADACION / IP24 / SL2;Cerrado;04/12/2025 11:46 a;CEP CAU AGI;09/12/2025 7:56;CEP CAU AGI;3-Medio;Masiva;CALLCENTER_TRANSCOM_LEON
INC000003861406;Alta;A-INDISPONIBILIDAD / Wifi Jazzplat Colombia/SL2;Cerrado;04/12/2025 6:26 a;RTV-TECSE RED DATOS;04/12/2025 10:02;RTV-TECSE RED DATOS;2-Alta;Masiva;Operador (A.G.I.)
INC000003861474;Media;FRONTCO-60242 FICHA DE CLIENTE // GUADALAJARA // ERROR FUNCIONAL;Cerrado;04/12/2025 13:16 a;CEP CAU AGI;15/02/2026 8:34;DES_SOE_FICHA;4-Baja;Masiva;EDS_MTO
INC000003861487;Media;PRDIAS-25686 LIVEPERSON // MEDELLIN // ERROR FUNCIONAL;Cerrado;04/12/2025 13:49 a;CEP CAU AGI;04/12/2025 17:30;SOP_DJINGO;4-Baja;Masiva;ATC_MADRID_MASIVO
INC000003861745;Media;WEB MANTENEDORES // MEDELLIN // ERROR FUNCIONAL;Cerrado;04/12/2025 13:08 a;CEP CAU AGI;04/12/2025 14:05;SOP_BSS_JAZZTEL;4-Baja;Masiva;SLN Teleperformance Medellin
INC000003861971;Media;CERES / OEST OVIEDO / ERROR FUNCIONAL;Cerrado;04/12/2025 17:45 a;CEP CAU AGI;04/12/2025 19:14;CEP CAU AGI;3-Medio;Masiva;OEST - SL
INC000003862174;Media;ALTAIR / MAJOREL JEREZ / ERROR FUNCIONAL;Cerrado;04/12/2025 17:27 a;CEP CAU AGI;09/12/2025 17:26;Fijo Activacion LUNA;3-Medio;Masiva;APL_CON_DESA_SERVICIO_ICF
INC000003862380;Alta;INDISPONIBILIDAD / Wifi Jazzplat Colombia/SL2;Cerrado;05/12/2025 2:48 a;RTV-TECSE RED DATOS;05/12/2025 5:51;MESA DE AYUDA COLOMBIA;2-Alta;Masiva;Operador (A.G.I.)
INC000003862547;Media;MIORANGE / OEST OVIEDO / ERROR FUNCIONAL;Cerrado;04/12/2025 21:02 a;CEP CAU AGI;09/12/2025 7:53;CEP CAU AGI;4-Baja;Masiva;OEST - SL
INC000003862574;Alta;DEGRADACION / CAMPAÑA RENOVES/ SL2;Cerrado;05/12/2025 8:52 a;CEP CAU AGI;09/12/2025 7:52;CEP CAU AGI;1-Crítica;Masiva;CALLCENTER_TRANSCOM_LEON
INC000003862576;Media;IP24 // LEON // ERROR FUNCIONAL;Cerrado;05/12/2025 9:17 a;CEP CAU AGI;05/12/2025 12:52;APL_MOV_CERES;4-Baja;Masiva;CALLCENTER_TRANSCOM_LEON
INC000003863047;Media;FICHA DE CLIENTE // MARKTEL VALENCIA // ERROR FUNCIONAL;Cerrado;05/12/2025 12:05 a;CEP CAU AGI;05/12/2025 13:33;CEP CAU AGI;4-Baja;Masiva;SLN Marktel Valencia
INC000003863698;Media;PRDIAS-25698 LIVEPERSON // CORUÑA // ERROR FUNCIONAL;Cerrado;09/12/2025 9:41 a;CEP CAU AGI;15/12/2025 8:13;CEP CAU AGI;3-Medio;Masiva;SLN Arvato Salamanca
INC000003863782;Media;ALTITUDE / LEON / ERROR FUNCIONAL;Cerrado;08/12/2025 9:22 a;CEP CAU AGI;08/12/2025 14:55;SOP_TECNICO_CALL_CENTER;4-Baja;Masiva;CALLCENTER_TRANSCOM_LEON
INC000003864199;Alta;DEGRADACIÓN / SEDE MÁLAGA MSC / SL2;Cerrado;09/12/2025 10:38 a;RTV-TECSE RED DATOS;17/12/2025 10:24;RTV-EXTERNAS RDC;2-Alta;Masiva;Operador (A.G.I.)
INC000003865851;Media;SGRT // FOUNDEVER SEVILLA // ERROR FUNCIONAL;Cerrado;09/12/2025 11:52 a;CEP CAU AGI;09/12/2025 12:44;Soporte_OCE-PIC-FCT-SGRT-HGI;3-Medio;Masiva;CALLCENTER_SITEL_SEVILLA
INC000003865882;Media;PANGEA // ATAC SALAMANCA // ERROR FUNCIONAL;Cerrado;09/12/2025 13:18 a;CEP CAU AGI;26/01/2026 7:00;CEP CAU AGI;4-Baja;Masiva;NEG_PROVISION_PYME
INC000003866120;Media;ALTAIR // MAJOREL JEREZ // ERROR FUNCIONAL;Cerrado;09/12/2025 10:51 a;CEP CAU AGI;09/12/2025 13:03;Fijo Activacion LUNA;3-Medio;Masiva;APL_CON_DESA_SERVICIO_ICF
INC000003866186;Media;LIVEPERSON / MEDELLIN / ERROR FUNCIONAL;Cerrado;09/12/2025 15:42 a;CEP CAU AGI;09/12/2025 18:07;SOP_DJINGO;4-Baja;Masiva;ATC_MADRID_MASIVO
INC000003866444;Media;FICHA CLIENTE / ISGF MURCIA / ERROR FUNCIONAL;Cerrado;09/12/2025 14:51 a;CEP CAU AGI;10/12/2025 14:55;SOP_BSS_JAZZTEL;4-Baja;Masiva;SLN ISGF Murcia
INC000003866717;Media;PRDIAS-25714 LIVEPERSON / CONTROL ROOM / ERROR FUNCIONAL;Cerrado;09/12/2025 17:31 a;CEP CAU AGI;10/12/2025 14:29;SOP_DJINGO;4-Baja;Masiva;TEIDE_OSP_ICF
INC000003866719;Media;PRDIAS-25713 LIVEPERSON / MEDELLIN / ERROR FUNCIONAL;Cerrado;09/12/2025 17:42 a;CEP CAU AGI;10/12/2025 12:09;SOP_DJINGO;4-Baja;Masiva;SLN Teleperformance Medellin
INC000003866740;Alta;DEGRADACION / ECHEGARAY / SL2;Cerrado;10/12/2025 1:16 a;RTV-TECSE RED DATOS;10/12/2025 19:44;RTV-EXTERNAS RDC;2-Alta;Masiva;Operador (A.G.I.)
INC000003866860;Media;ALTITUDE // MAJOREL JEREZ // ERROR FUNCIONAL;Cerrado;10/12/2025 9:11 a;CEP CAU AGI;10/12/2025 14:24;SOP_TECNICO_CALL_CENTER;4-Baja;Masiva;TEIDE_OSP_ICF
INC000003866863;Alta;DEGRADACION / IVR / SL2;Cerrado;10/12/2025 9:13 a;CEP CAU AGI;15/12/2025 8:02;CEP CAU AGI;1-Crítica;Masiva;TEIDE_OSP_ICF
INC000003867137;Media;PRDIAS-25746 LIVEPERSON // MARKTEL VALENCIA // ERROR FUNCIONAL;Cerrado;10/12/2025 9:36 a;CEP CAU AGI;16/12/2025 11:49;SOP_ASISTENTE;3-Medio;Masiva;SLN Arvato Salamanca
INC000003867452;Media;PRDIAS-25733 DJINGO / MEDELLIN / ERROR FUNCIONAL;Cerrado;10/12/2025 13:51 a;CEP CAU AGI;19/01/2026 7:58;CEP CAU AGI;4-Baja;Masiva;ATC_MADRID_MASIVO
INC000003867458;Media;OPENGATEWAY // WHOLESALE // ERROR FUNCIONAL;Cerrado;10/12/2025 14:14 a;CEP CAU AGI;10/12/2025 15:58;CEP CAU AGI;3-Medio;Masiva;USU_WHOLESALE
INC000003867751;Media;ACME APP ORANGE / JAZZPLAT / ERROR FUNCIONAL;Cerrado;10/12/2025 12:53 a;CEP CAU AGI;10/12/2025 15:03;SOP_TMC_ACME;4-Baja;Masiva;NEG_PROVISION_PYME
INC000003867754;Crítica;DEGRADACION / AREA PRIVADA, TIENDA ONLINE Y APP ORANGE Y JAZZTEL / SL1;Cerrado;10/12/2025 13:01 a;RTV-TECSE RED DATOS;10/12/2025 17:22;Atlas_Soporte_srvJ2EE;1-Crítica;Masiva;Operador (A.G.I.)
INC000003868016;Media;FICHA DE CLIENTE // JAZZPLAT // ERROR FUNCIONAL;Cerrado;10/12/2025 13:58 a;CEP CAU AGI;22/12/2025 9:38;DES_SOE_FICHA;2-Alta;Masiva;EDS_MTO
INC000003868053;Media;PANGEA / ATAC JEREZ / ERROR FUNCIONAL;Cerrado;10/12/2025 16:48 a;CEP CAU AGI;12/12/2025 13:10;DES_SOE_PANGEA;4-Baja;Masiva;MESA DE AYUDA GUADALAJARA
INC000003868056;Media;[CSO] ATENAS // LA FINCA // ERROR FUNCIONAL;Cerrado;10/12/2025 17:02 a;CEP CAU AGI;08/01/2026 13:53;CEP CAU AGI;4-Baja;Masiva;GESTION CAMPAÑAS
INC000003868343;Media;PRDIAS-25736 DJINGO // CONTROL ROOM // ERROR FUNCIONAL;Cerrado;11/12/2025 8:55 a;CEP CAU AGI;22/12/2025 8:10;CEP CAU AGI;4-Baja;Masiva;TEIDE_OSP_ICF
INC000003868353;Media;PANGEA // MADRID // ERROR FUNCIONAL;Cerrado;11/12/2025 9:33 a;CEP CAU AGI;18/12/2025 13:38;APL_MOV_SOE;4-Baja;Masiva;PROC_CAD
INC000003868393;Media;SIEBEL // GUADALAJARA // ERROR FUNCIONAL;Cerrado;11/12/2025 12:16 a;CEP CAU AGI;15/12/2025 10:57;Soporte Siebel;4-Baja;Masiva;MESA DE AYUDA GUADALAJARA
INC000003868409;Media;FICHA CLIENTE / ISGF MURCIA / ERROR FUNCIONAL;Cerrado;10/12/2025 17:43 a;CEP CAU AGI;11/12/2025 7:35;SOP_BSS_JAZZTEL;4-Baja;Masiva;SLN ISGF Murcia
INC000003868662;Media;LIVEPERSON // GUADALAJARA // ERROR FUNCIONAL;Cerrado;11/12/2025 11:49 a;CEP CAU AGI;11/12/2025 17:25;SOP_DJINGO;3-Medio;Masiva;MESA DE AYUDA GUADALAJARA
INC000003869249;Media;ALTAIR / MAJOREL JEREZ / ERROR FUNCIONAL;Cerrado;11/12/2025 16:04 a;CEP CAU AGI;30/12/2025 11:12;Soporte Datapower;3-Medio;Masiva;APL_CON_DESA_SERVICIO_ICF
INC000003869257;Media;POLAR / PROVISIÓN / SIN ACCESO;Cerrado;11/12/2025 16:52 a;CEP CAU AGI;11/12/2025 17:21;SOP_TMC_POLAR;4-Baja;Masiva;ST_FTTH
INC000003869371;Media;PRDIAS-25752 LIVEPERSON / CONTROL ROOM / ERROR FUNCIONAL;Cerrado;11/12/2025 21:08 a;CEP CAU AGI;29/12/2025 13:41;SOP_DJINGO;4-Baja;Masiva;TEIDE_OSP_ICF
INC000003869501;Media;LIVEPERSON / CONTROL ROOM / ERROR FUNCIONAL;Cerrado;11/12/2025 13:28 a;CEP CAU AGI;11/12/2025 14:03;SOP_DJINGO;4-Baja;Masiva;TEIDE_OSP_ICF
INC000003869511;Media;LIVEPERSON / KONECTA SEVILLA / ERROR FUNCIONAL;Cerrado;11/12/2025 14:03 a;CEP CAU AGI;15/12/2025 8:15;CEP CAU AGI;3-Medio;Masiva;CALLCENTER_KONECTA_SEVILLA
INC000003869817;Media;LIVEPERSON / ISGF MURCIA / ERROR FUNCIONAL;Cerrado;11/12/2025 20:33 a;CEP CAU AGI;15/12/2025 8:15;CEP CAU AGI;3-Medio;Masiva;SLN ISGF Murcia
INC000003870150;Media;FICHA DE CLIENTE // MAJOREL SALAMANCA // ERROR FUNCIONAL;Cerrado;12/12/2025 12:29 a;CEP CAU AGI;15/12/2025 8:16;CEP CAU AGI;3-Medio;Masiva;APL_CON_DESA_SERVICIO_ICF
INC000003870805;Media;WOC // SAN FERNANDO // ERROR FUNCIONAL;Cerrado;12/12/2025 15:03 a;CEP CAU AGI;22/12/2025 14:38;WOC;3-Medio;Masiva;USU_COBROS
INC000003870923;Media;CRM JAZZTEL / KONECTA / ERROR FUNCIONAL;Cerrado;12/12/2025 18:48 a;CEP CAU AGI;15/12/2025 15:58;SOP_SAP_LO;4-Baja;Masiva;PROC_CAD
INC000003871011;Media;GESTOCK / ATAC JEREZ / ERROR FUNCIONAL;Cerrado;12/12/2025 16:50 a;CEP CAU AGI;18/12/2025 13:11;CEP CAU AGI;3-Medio;Masiva;APL_CON_DESA_SERVICIO_ICF
INC000003871018;Media;WEB MANTENEDORES / GUADALAJARA / ERROR FUNCIONAL;Cerrado;12/12/2025 17:42 a;CEP CAU AGI;15/12/2025 8:17;CEP CAU AGI;4-Baja;Masiva;MESA DE AYUDA GUADALAJARA
INC000003871508;Alta;DEGRADACIÓN / FOUNDEVER SEVILLA / SL2;Cerrado;14/12/2025 21:51 a;CEP CAU AGI;15/12/2025 8:05;GNOC;3-Medio;Masiva;SOP_SERV_POSTPRODUCCION
INC000003871522;Media;ALTITUDE / LEON / ERROR FUNCIONAL;Cerrado;15/12/2025 9:10 a;CEP CAU AGI;15/12/2025 9:33;SOP_TECNICO_CALL_CENTER;4-Baja;Masiva;CALLCENTER_TRANSCOM_LEON
INC000003871584;Media;PRDIAS-25787 LIVEPERSON // MARKTEL VALENCIA // ERROR FUNCIONAL;Cerrado;15/12/2025 12:50 a;CEP CAU AGI;29/12/2025 13:51;DES_ASISTENTE;3-Medio;Masiva;SLN Arvato Salamanca
INC000003872148;Media;PANGEA // ATAC JEREZ // ERROR FUNCIONAL;Cerrado;15/12/2025 13:14 a;CEP CAU AGI;15/12/2025 22:22;SOP_TMC_GIROS;4-Baja;Masiva;MESA DE AYUDA GUADALAJARA
INC000003872166;Media;LIVEPERSON // GUADALAJARA// LENTITUD;Cerrado;15/12/2025 13:46 a;CEP CAU AGI;15/12/2025 14:30;SOP_DJINGO;3-Medio;Masiva;MESA DE AYUDA GUADALAJARA
INC000003872316;Media;POLAR / NTT DATA ALICANTE / SIN ACCESO;Cerrado;15/12/2025 11:56 a;CEP CAU AGI;15/12/2025 16:24;SOP_TMC_POLAR;4-Baja;Masiva;NEG_PROV_ORANGE
INC000003872340;Media;FICHA  CLIENTE/ MURCIA/ ERROR FUNCIONAL;Cerrado;15/12/2025 13:29 a;CEP CAU AGI;16/12/2025 11:53;CEP CAU AGI;4-Baja;Masiva;SLN ISGF Murcia
INC000003872368;Alta;DEGRADACIÓN/ULISES MSC/SL2 --> INC000003872629;Cerrado;15/12/2025 16:13 a;RTV-TECSE RED DATOS;16/12/2025 8:28;GNOC;2-Alta;Masiva;Operador (A.G.I.)
INC000003872514;Media;LIVEPERSON // GUADAJARA // ERROR FUNCIONAL;Cerrado;15/12/2025 14:05 a;CEP CAU AGI;15/12/2025 18:26;SOP_DJINGO;4-Baja;Masiva;MESA DE AYUDA GUADALAJARA
INC000003872561;Alta;DEGRADACION/ La Finca /SL2;Cerrado;15/12/2025 21:34 a;RTV-TECSE RED DATOS;16/12/2025 14:00;GNOC;2-Alta;Masiva;Operador (A.G.I.)
INC000003872890;Media;PANGEA // ATAC SALAMANCA // ERROR FUNCIONAL;Cerrado;16/12/2025 11:01 a;CEP CAU AGI;20/01/2026 9:51;DES_SOE_PANGEA;4-Baja;Masiva;TEIDE_OSP_ICF
INC000003872918;Alta;INDISPONIBILIDAD/ SEDE SEVILLA TORREPELI /SL2;Cerrado;15/12/2025 18:57 a;RTV-TECSE RED DATOS;16/12/2025 1:01;RTV-EXTERNAS RDC;2-Alta;Masiva;Operador (A.G.I.)
INC000003872947;Media;PANGEA // ATAC SALAMANCA // ERROR FUNCIONAL;Cerrado;16/12/2025 9:14 a;CEP CAU AGI;17/12/2025 17:32;APL_MOV_SOE;4-Baja;Masiva;NEG_PROVISION_PYME
INC000003872974;Media;DJINGO // CONTROL ROOM // ERROR FUNCIONAL;Cerrado;16/12/2025 10:48 a;CEP CAU AGI;16/12/2025 16:10;SOP_DJINGO;4-Baja;Masiva;TEIDE_OSP_ICF
INC000003872988;Media;WEB MANTENEDORES // GUADALAJARA // ERROR FUNCIONAL;Cerrado;16/12/2025 11:12 a;CEP CAU AGI;16/12/2025 13:17;CEP CAU AGI;4-Baja;Masiva;MESA DE AYUDA GUADALAJARA
INC000003873144;Media;LIVEPERSON/ MEDELLIN/ ERROR FUNCIONAL;Cerrado;16/12/2025 9:40 a;CEP CAU AGI;16/12/2025 11:45;SOP_DJINGO;4-Baja;Masiva;ATC_MADRID_MASIVO
INC000003873153;Alta;DEGRADACION / SIRES / SL2;Cerrado;16/12/2025 10:00 a;CEP CAU AGI;16/12/2025 20:29;CEP CAU AGI;3-Medio;Masiva;ATC_MADRID_MASIVO
INC000003873200;Media;LIVEPERSON // ADI CONSULTING VALENCIA // ERROR FUNCIONAL;Cerrado;16/12/2025 12:19 a;CEP CAU AGI;16/12/2025 14:19;SOP_ASISTENTE;3-Medio;Masiva;SLN Arvato Salamanca
INC000003873407;Media;FICHA DE CLIENTE // GUADALAJARA // ERROR FUNCIONAL;Cerrado;16/12/2025 10:16 a;CEP CAU AGI;16/12/2025 14:18;APL_MOV_SOE;4-Baja;Masiva;MESA DE AYUDA GUADALAJARA
INC000003873422;Media;FICHA DE CLIENTE // TP BLUE SALAMANCA // ERROR FUNCIONAL;Cerrado;16/12/2025 11:24 a;CEP CAU AGI;16/12/2025 14:55;APL_MOV_SOE;3-Medio;Masiva;APL_CON_DESA_SERVICIO_ICF
INC000003873632;Media;LIVEPERSON // MEDELLIN // ERROR FUNCIONAL;Cerrado;16/12/2025 12:35 a;CEP CAU AGI;16/12/2025 20:34;CEP CAU AGI;4-Baja;Masiva;ATC_MADRID_MASIVO
INC000003873634;Media;LIVEPERSON // MEDELLIN // ERROR FUNCIONAL;Cerrado;16/12/2025 12:40 a;CEP CAU AGI;16/12/2025 20:35;CEP CAU AGI;4-Baja;Masiva;ATC_MADRID_MASIVO
INC000003873662;Media;LIVEPERSON // OEST OVIEDO // LENTITUD;Cerrado;16/12/2025 13:51 a;CEP CAU AGI;16/12/2025 14:32;SOP_DJINGO;3-Medio;Masiva;OEST - SL
INC000003873667;Media;LIVEPERSON // GUADALAJARA // ERROR FUNCIONAL;Cerrado;16/12/2025 14:13 a;CEP CAU AGI;16/12/2025 16:38;SOP_DJINGO;4-Baja;Masiva;MESA DE AYUDA GUADALAJARA
INC000003874252;Alta;PROMETHEUS // MEDELLIN // ERROR FUNCIONAL;Cerrado;17/12/2025 10:17 a;CEP CAU AGI;17/12/2025 17:38;SOP_PROMETHEUS;2-Alta;Masiva;ATC_MADRID_MASIVO
INC000003874289;Alta;DEGRADACIÓN / MÁLAGA MENESES/ SL2;Cerrado;17/12/2025 12:22 a;RTV-TECSE RED DATOS;18/12/2025 7:14;GNOC;2-Alta;Masiva;Operador (A.G.I.)
INC000003875013;Media;PANGEA // ATAC Jerez // ERROR FUNCIONAL;Cerrado;17/12/2025 12:57 a;CEP CAU AGI;17/12/2025 14:16;DES_SOE_PANGEA;4-Baja;Masiva;MESA DE AYUDA GUADALAJARA
INC000003875113;Media;FICHA DE CLIENTE // MAJOREL SALAMANCA // ERROR FUNCIONAL;Cerrado;17/12/2025 13:13 a;CEP CAU AGI;17/12/2025 14:26;APL_MOV_SOE;3-Medio;Masiva;APL_CON_DESA_SERVICIO_ICF
INC000003875159;Media;SIEBEL 7 // GUADALAJARA // ERROR FUNCIONAL;Cerrado;17/12/2025 15:49 a;CEP CAU AGI;17/12/2025 17:33;Soporte Siebel;4-Baja;Masiva;MESA DE AYUDA GUADALAJARA
INC000003875304;Alta;INDISPONIBILIDAD/ITX TORREJON OCI Y GCP/SL2;Cerrado;17/12/2025 13:30 a;RTV-TECSE RED DATOS;17/12/2025 18:12;GNOC;2-Alta;Masiva;SM-AMENA
INC000003875969;Alta;DEGRADACION / PASARELA PAGOS JAZZTEL / SL2;Cerrado;18/12/2025 15:12 a;CEP CAU AGI;18/12/2025 17:35;GC MIDDLEWARE;3-Medio;Masiva;SLN ISGF Murcia
INC000003875986;Media;PRDIAS-25843 LIVEPERSON // OEST OVIEDO // ERROR FUNCIONAL;Cerrado;18/12/2025 16:55 a;CEP CAU AGI;29/01/2026 10:14;DES_DJINGO;4-Baja;Masiva;OEST - SL
INC000003876058;Media;LIVERPERSON // CONTROL ROOM // ERROR FUNCIONAL;Cerrado;18/12/2025 13:59 a;CEP CAU AGI;22/12/2025 8:09;CEP CAU AGI;4-Baja;Masiva;TEIDE_OSP_ICF
INC000003876068;Media;FICHA CLIENTE MM // MEDELLIN // ERROR FUNCIONAL;Cerrado;18/12/2025 14:37 a;CEP CAU AGI;05/01/2026 13:35;CEP CAU AGI;4-Baja;Masiva;ATC_MADRID_MASIVO
INC000003876609;Media;PANGEA // ATAC JEREZ // ERROR FUNCIONAL;Cerrado;18/12/2025 17:59 a;CEP CAU AGI;23/12/2025 12:39;CEP CAU AGI;4-Baja;Masiva;TEIDE_OSP_ICF
INC000003876709;Media;PRDIAS-25844  LIVEPERSON // OEST OVIEDO // ERROR FUNCIONAL;Cerrado;18/12/2025 19:12 a;CEP CAU AGI;29/12/2025 13:47;DES_DJINGO;4-Baja;Masiva;TEIDE_OSP_ICF
INC000003876861;Media;ACME APP ORANGE // BOGOTA // ERROR FUNCIONAL;Cerrado;19/12/2025 12:05 a;CEP CAU AGI;30/12/2025 14:16;CEP CAU AGI;4-Baja;Masiva;MESA DE AYUDA COLOMBIA
INC000003876996;Media;FICHA DE CLIENTE // VALENCIA// ERROR FUNCIONAL;Cerrado;19/12/2025 14:20 a;CEP CAU AGI;22/12/2025 13:44;CEP CAU AGI;4-Baja;Masiva;SLN Marktel Valencia
INC000003877830;Media;IP24 / ATAC JEREZ / ERROR FUNCIONAL;Cerrado;20/12/2025 16:31 a;CEP CAU AGI;20/12/2025 20:55;CEP CAU AGI;4-Baja;Masiva;FIJO CAU ICFF
INC000003878768;Media;GIROS // FOUNDEVER SEVILLA // ERROR FUNCIONAL;Cerrado;22/12/2025 14:44 a;CEP CAU AGI;22/12/2025 14:59;SOP_TMC_GIROS;4-Baja;Masiva;TEIDE_OSP_ICF
INC000003878851;Media;IVR // CONTROL ROOM // ERROR FUNCIONAL;Cerrado;22/12/2025 15:59 a;CEP CAU AGI;23/12/2025 13:59;SOP_TECNICO_CALL_CENTER;4-Baja;Masiva;TEIDE_OSP_ICF
INC000003878853;Media;SIEBEL // ATAC JEREZ // ERROR FUNCIONAL;Cerrado;22/12/2025 16:18 a;CEP CAU AGI;19/01/2026 8:21;CEP CAU AGI;4-Baja;Masiva;MESA DE AYUDA GUADALAJARA
INC000003878871;Media;PRDIAS-25870 LIVEPERSON // ADI CONSULTING // ERROR FUNCIONAL;Cerrado;22/12/2025 18:14 a;CEP CAU AGI;29/12/2025 13:50;SOP_ASISTENTE;3-Medio;Masiva;SLN Arvato Salamanca
INC000003879088;Media;DJINGO // CONTROL ROOM// ERROR FUNCIONAL;Cerrado;23/12/2025 9:26 a;CEP CAU AGI;23/12/2025 15:57;DES_DJINGO;4-Baja;Masiva;FRONTOFFICE
INC000003879768;Media;ALTAIR // MAJOREL JEREZ // ERROR FUNCIONAL;Cerrado;23/12/2025 13:29 a;CEP CAU AGI;20/01/2026 10:26;CEP CAU AGI;3-Medio;Masiva;APL_CON_DESA_SERVICIO_ICF
INC000003879770;Alta;Degradación /ITX YECORA OCI Y GCP/SL2;Cerrado;23/12/2025 13:33 a;RTV-TECSE RED DATOS;23/12/2025 17:03;GNOC;2-Alta;Masiva;Operador (A.G.I.)
INC000003879772;Alta;Degradacion/ interconexion Meneses Ulises/SL2;Cerrado;23/12/2025 13:37 a;RTV-TECSE RED DATOS;23/12/2025 17:06;RTV-TECSE RED DATOS;2-Alta;Masiva;Operador (A.G.I.)
INC000003879776;Media;FICHA CLIENTE / ISGF MURCIA / ERROR FUNCIONAL;Cerrado;23/12/2025 13:47 a;CEP CAU AGI;23/12/2025 16:34;GC MIDDLEWARE;4-Baja;Masiva;SLN ISGF Murcia
INC000003879965;Media;SGRT // FOUNDEVER SEVILLA // SIN ACCESO;Cerrado;23/12/2025 15:43 a;CEP CAU AGI;24/12/2025 10:54;CEP CAU AGI;4-Baja;Masiva;NEG_PROV_ORANGE
INC000003880451;Media;LP // OEST // ERROR FUNCIONAL;Cerrado;24/12/2025 11:11 a;CEP CAU AGI;24/12/2025 14:00;CEP CAU AGI;3-Medio;Masiva;OEST - SL
INC000003880510;Media;ALTITUDE // LEON // ERROR FUNCIONAL;Cerrado;24/12/2025 9:21 a;CEP CAU AGI;24/12/2025 9:45;SOP_TECNICO_CALL_CENTER;4-Baja;Masiva;CALLCENTER_TRANSCOM_LEON
INC000003880563;Media;PRDIAS-25877 LIVEPERSON // ADI CONSULTING // ERROR FUNCIONAL;Cerrado;24/12/2025 19:27 a;CEP CAU AGI;29/12/2025 12:22;CEP CAU AGI;3-Medio;Masiva;SLN Arvato Salamanca
INC000003880578;Media;ALTITUDE // LEON // ERROR FUNCIONAL;Cerrado;26/12/2025 9:03 a;CEP CAU AGI;26/12/2025 10:41;SOP_TECNICO_CALL_CENTER;4-Baja;Masiva;CALLCENTER_TRANSCOM_LEON
INC000003880658;Media;ALTITUD / TRANSCOM LEON / ERROR FUNCIONAL;Cerrado;25/12/2025 13:57 a;CEP CAU AGI;25/12/2025 14:48;SOP_TECNICO_CALL_CENTER;4-Baja;Masiva;CALLCENTER_TRANSCOM_LEON
INC000003880867;Media;COCO / ISGF MADRID / ERROR FUNCIONAL;Cerrado;25/12/2025 13:13 a;CEP CAU AGI;25/12/2025 15:44;Control de Consumo;4-Baja;Masiva;SLN ISGF Murcia
INC000003881477;Media;PRDIAS-25881 LIVEPERSON // MARKTEL VALENCIA // ERROR FUNCIONAL;Cerrado;26/12/2025 15:19 a;CEP CAU AGI;02/02/2026 8:06;CEP CAU AGI;3-Medio;Masiva;SLN Arvato Salamanca
INC000003881985;Media;SIRES // GUADALAJARA // ERROR FUNCIONAL;Cerrado;29/12/2025 8:50 a;CEP CAU AGI;26/01/2026 7:00;CEP CAU AGI;4-Baja;Masiva;EDS_MTO
INC000003882021;Media;DJINGO // MEDELLIN // ERROR FUNCIONAL;Cerrado;26/12/2025 16:08 a;CEP CAU AGI;29/12/2025 12:23;CEP CAU AGI;4-Baja;Masiva;ATC_MADRID_MASIVO
INC000003882085;Media;[IP24] PANGEA // ATAC SALAMANCA // ERROR FUNCIONAL;Cerrado;29/12/2025 12:16 a;CEP CAU AGI;29/12/2025 17:38;SOP_SMC_TEIDE;4-Baja;Masiva;NEG_PROVISION_PYME
INC000003882092;Media;IP24 // GUADALAJARA // ERROR FUNCIONAL;Cerrado;29/12/2025 12:24 a;CEP CAU AGI;26/01/2026 6:59;CEP CAU AGI;4-Baja;Masiva;NEG_PROVISION_PYME
INC000003883369;Media;PRDIAS-25892 LIVEPERSON // MEDELLIN // ERROR FUNCIONAL;Cerrado;30/12/2025 8:48 a;CEP CAU AGI;30/12/2025 13:08;DES_DJINGO;3-Medio;Masiva;ATC_MADRID_MASIVO
INC000003883375;Media;CERES // OVIEDO // ERROR FUNCIONAL;Cerrado;30/12/2025 9:15 a;CEP CAU AGI;30/12/2025 10:33;NEG_CAMP_CERES;3-Medio;Masiva;OEST - SL
INC000003883389;Media;IP24 // MAJOREL JEREZ   // ERROR FUNCIONAL;Cerrado;30/12/2025 10:23 a;CEP CAU AGI;19/01/2026 8:23;CEP CAU AGI;4-Baja;Masiva;APL_CON_DESA_SERVICIO_ICF
INC000003883421;Media;FICHA CLIENTE // MURCIA // ERROR FUNCIONAL;Cerrado;29/12/2025 15:56 a;CEP CAU AGI;29/12/2025 17:25;SOP_SMC_TEIDE;4-Baja;Masiva;SLN ISGF Murcia
INC000003883688;Media;FICHA DE CLIENTE // BEMORE //  ERROR FUNCIONAL;Cerrado;30/12/2025 14:31 a;CEP CAU AGI;05/01/2026 7:06;CEP CAU AGI;3-Medio;Masiva;FRONTOFFICE
INC000003884215;Media;FICHA DE CLIENTE // BOGOTA // ERROR FUNCIONAL;Cerrado;30/12/2025 13:13 a;CEP CAU AGI;20/01/2026 17:40;DES_ONCONNECT;3-Medio;Masiva;MESA DE AYUDA COLOMBIA
INC000003884300;Media;IP24 // ISGF MURCIA // ERROR FUNCIONAL;Cerrado;31/12/2025 12:01 a;CEP CAU AGI;07/01/2026 16:05;SOP_SMC_AURORA;4-Baja;Masiva;SLN ISGF Murcia
INC000003884368;Media;LIVEPERSON / MEDELLIN / ERROR FUNCIONAL;Cerrado;31/12/2025 10:58 a;CEP CAU AGI;31/12/2025 13:04;SOP_DJINGO;3-Medio;Masiva;ATC_MADRID_MASIVO
INC000003884371;Media;IVR / JAZZTEL DISTRIBUCION / ERROR FUNCIONAL;Cerrado;31/12/2025 12:38 a;CEP CAU AGI;02/01/2026 11:10;SOP_TECNICO_CALL_CENTER;4-Baja;Masiva;PROC_CAD
INC000003884560;Media;ENERGY CRM // ISGF MURCIA // ERROR FUNCIONAL;Cerrado;31/12/2025 11:24 a;CEP CAU AGI;05/01/2026 8:11;CEP CAU AGI;4-Baja;Masiva;SLN ISGF Murcia
INC000003884588;Media;LIVEPERSON / BOGOTA / ERROR FUNCIONAL;Cerrado;31/12/2025 13:31 a;CEP CAU AGI;31/12/2025 14:17;SOP_DJINGO;3-Medio;Masiva;MESA DE AYUDA COLOMBIA
INC000003884945;Media;LIVEPERSON // DERIO // ERROR FUNCIONAL;Cerrado;02/01/2026 8:14 a;CEP CAU AGI;12/01/2026 8:24;CEP CAU AGI;4-Baja;Masiva;SLN Arvato Salamanca
INC000003884989;Media;PRDIAS-25896 LIVEPERSON // CORUÑA // ERROR FUNCIONAL;Cerrado;02/01/2026 15:18 a;CEP CAU AGI;23/02/2026 8:32;CEP CAU AGI;3-Medio;Masiva;SLN Arvato Salamanca
INC000003885040;Alta;INDISPONIBILIDAD/ aotlxprvin10211/SL2;Cerrado;02/01/2026 1:02 a;RTV-TECSE RED DATOS;02/01/2026 5:17;GNOC;2-Alta;Masiva;Operador (A.G.I.)
INC000003885083;Media;A-FICHA DE CLIENTE / SOFTTEK / NO ACCESO;Cerrado;02/01/2026 14:16 a;CEP CAU AGI;05/01/2026 7:05;CEP CAU AGI;4-Baja;Masiva;TEIDE_OSP_ICF
INC000003885087;Media;PANGEA // ATAC SALAMANCA // ERROR FUNCIONAL;Cerrado;02/01/2026 14:21 a;CEP CAU AGI;05/01/2026 17:29;CEP CAU AGI;4-Baja;Masiva;NEG_PROVISION_PYME
INC000003885270;Media;IP24 // MAJOREL JEREZ // ERROR FUNCIONAL;Cerrado;02/01/2026 12:21 a;CEP CAU AGI;05/01/2026 7:02;CEP CAU AGI;4-Baja;Masiva;APL_CON_DESA_SERVICIO_ICF
INC000003885514;Alta;DEGRADACIÓN / ZABBIX AYSCOM / SL2;Cerrado;02/01/2026 6:19 a;TS GSS MONITORIZACION;02/01/2026 9:33;SOP_AYSCOM_IT;2-Alta;Masiva;Operador (A.G.I.)
INC000003885561;Media;SIEBEL // LA FINCA // ERROR FUNCIONAL;Cerrado;02/01/2026 13:47 a;CEP CAU AGI;12/01/2026 15:17;Soporte Siebel;4-Baja;Masiva;TEIDE_OSP_ICF
INC000003886407;Media;IVR // CONTROLROOM // ERROR FUNCIONAL;Cerrado;02/01/2026 20:58 a;CEP CAU AGI;05/01/2026 6:59;CEP CAU AGI;4-Baja;Masiva;FRONTOFFICE
INC000003887713;Media;ALTAIR // GUADALAJARA // ERROR FUNCIONAL;Cerrado;05/01/2026 15:05 a;CEP CAU AGI;07/01/2026 21:16;CEP CAU AGI;4-Baja;Masiva;MESA DE AYUDA GUADALAJARA
INC000003888115;Media;ALTAIR // BOGOTA // ERROR FUNCIONAL;Cerrado;05/01/2026 18:55 a;CEP CAU AGI;05/01/2026 19:53;CEP CAU AGI;4-Baja;Masiva;MESA DE AYUDA COLOMBIA
INC000003888123;Media;LIVEPERSON // MEDELLIN // ERROR FUNCIONAL;Cerrado;07/01/2026 0:46 a;CEP CAU AGI;07/01/2026 12:31;SOP_DJINGO;3-Medio;Masiva;SLN Teleperformance Medellin
INC000003888310;Media;LIVEPERSON // MARKTEL VALENCIA // ERROR FUNCIONAL;Cerrado;06/01/2026 17:02 a;CEP CAU AGI;07/01/2026 9:06;SOP_DJINGO;4-Baja;Masiva;SLN Arvato Salamanca
INC000003888351;Media;FICHA CLIENTE // ISGF MURCIA // ERROR FUNCIONAL;Cerrado;07/01/2026 10:42 a;CEP CAU AGI;07/01/2026 12:46;CEP CAU AGI;4-Baja;Masiva;SLN ISGF Murcia
INC000003889218;Media;IP24 // FOUNDEVER SEVILLA // ERROR FUNCIONAL;Cerrado;07/01/2026 13:19 a;CEP CAU AGI;12/01/2026 8:24;CEP CAU AGI;4-Baja;Masiva;TEIDE_OSP_ICF
INC000003889220;Media;IP24 // ATAC JEREZ // ERROR FUNCIONAL;Cerrado;07/01/2026 13:35 a;CEP CAU AGI;07/01/2026 17:10;CEP CAU AGI;4-Baja;Masiva;APL_CON_DESA_SERVICIO_ICF
INC000003889289;Crítica;SIN ACCESO // IVR // SL1;Cerrado;07/01/2026 20:34 a;CEP CAU AGI;07/01/2026 21:02;SOP_TECNICO_CALL_CENTER;1-Crítica;Masiva;TEIDE_OSP_ICF
INC000003889370;Media;A-LIVEPERSON // GUADALAJARA // ERROR FUNCIONAL;Cerrado;07/01/2026 19:08 a;CEP CAU AGI;19/01/2026 8:09;MESA DE AYUDA GUADALAJARA;4-Baja;Masiva;MESA DE AYUDA GUADALAJARA
INC000003889371;Media;CRM JAZZTEL // MEDELLIN // ERROR FUNCIONAL;Cerrado;07/01/2026 19:32 a;CEP CAU AGI;07/01/2026 20:39;SOP_BSS_JAZZTEL;4-Baja;Masiva;ATC_MADRID_MASIVO
INC000003889469;Media;DJINGO // CONTROL ROOM // ERROR FUNCIONAL;Cerrado;07/01/2026 21:43 a;CEP CAU AGI;07/01/2026 22:20;SOP_DJINGO;4-Baja;Masiva;TEIDE_OSP_ICF
INC000003889889;Media;FICHA CLIENTE MM / BOGOTA / ERROR FUNCIONAL;Cerrado;08/01/2026 12:55 a;CEP CAU AGI;12/01/2026 8:22;CEP CAU AGI;4-Baja;Masiva;MESA DE AYUDA COLOMBIA
INC000003889892;Media;AREA PRIVADA CLIENTES / MAJOREL SALAMANCA / SIN ACCESO;Cerrado;08/01/2026 12:52 a;CEP CAU AGI;08/01/2026 14:44;SOP_TMC_ACME;4-Baja;Masiva;APL_CON_DESA_SERVICIO_ICF
INC000003890158;Media;LIVEPERSON // MEDELLIN // ERROR FUNCIONAL;Cerrado;08/01/2026 12:35 a;CEP CAU AGI;12/01/2026 8:21;CEP CAU AGI;4-Baja;Masiva;ATC_MADRID_MASIVO
INC000003890478;Media;PACO // MAJOREL JEREZ // ERROR FUNCIONAL;Cerrado;08/01/2026 16:38 a;CEP CAU AGI;09/01/2026 9:53;DES_PACO_OSP;4-Baja;Masiva;APL_CON_DESA_SERVICIO_ICF
INC000003891036;Media;PANGEA // ATAC SALAMANCA // ERROR FUNCIONAL;Cerrado;09/01/2026 9:26 a;CEP CAU AGI;14/01/2026 8:53;DES_SOE_PANGEA;4-Baja;Masiva;NEG_PROVISION_PYME
INC000003891042;Media;LIVEPERSON // MARKTEL VALENCIA // ERROR FUNCIONAL;Cerrado;09/01/2026 10:23 a;CEP CAU AGI;12/01/2026 8:21;CEP CAU AGI;4-Baja;Masiva;SLN Arvato Salamanca
INC000003891244;Media;FICHA DE CLIENTE // MAJOREL SALAMANCA // ERROR FUNCIONAL;Cerrado;09/01/2026 10:12 a;CEP CAU AGI;12/01/2026 8:21;CEP CAU AGI;4-Baja;Masiva;APL_CON_DESA_SERVICIO_ICF
INC000003891589;Media;FICHA DE CLIENTE // BOGOTA // ERROR FUNCIONAL;Cerrado;10/01/2026 2:07 a;CEP CAU AGI;10/01/2026 14:30;CEP CAU AGI;4-Baja;Masiva;MESA DE AYUDA COLOMBIA
INC000003891799;Media;PRDIAS-25932 LIVEPERSON // BOGOTA // ERROR FUNCIONAL;Cerrado;10/01/2026 15:49 a;CEP CAU AGI;13/01/2026 8:18;SOP_ASISTENTE;4-Baja;Masiva;MESA DE AYUDA COLOMBIA
INC000003891947;Media;PRDIAS-25933 LIVEPERSON // MEDELLIN // ERROR FUNCIONAL;Cerrado;10/01/2026 19:29 a;CEP CAU AGI;19/01/2026 8:04;CEP CAU AGI;4-Baja;Masiva;SLN Arvato Salamanca
INC000003891948;Media;PRDIAS-25932 LIVEPERSON // BOGOTA // ERROR FUNCIONAL;Cerrado;10/01/2026 20:23 a;CEP CAU AGI;13/01/2026 8:19;SOP_ASISTENTE;4-Baja;Masiva;SLN Arvato Salamanca
INC000003891953;Media;PRDIAS-25934 DJINGO //CONTROL ROOM // ERROR FUNCIONAL;Cerrado;11/01/2026 19:14 a;CEP CAU AGI;29/01/2026 10:01;DES_DJINGO;4-Baja;Masiva;TEIDE_OSP_ICF
INC000003891978;Media;CERES // OEST OVIEDO // ERROR FUNCIONAL;Cerrado;12/01/2026 9:10 a;CEP CAU AGI;12/01/2026 9:31;CEP CAU AGI;3-Medio;Masiva;OEST - SL
INC000003892713;Media;ALTAIR // BOGOTA //ERROR FUNCIONAL;Cerrado;11/01/2026 12:20 a;CEP CAU AGI;11/01/2026 15:51;Soporte Datapower;4-Baja;Masiva;MESA DE AYUDA COLOMBIA
INC000003892808;Media;FICHA DE CLIENTE // GUADALAJARA // ERROR FUNCIONAL;Cerrado;10/01/2026 18:33 a;CEP CAU AGI;12/01/2026 12:20;DESARROLLO MIDDLEWARE;4-Baja;Masiva;MESA DE AYUDA GUADALAJARA
INC000003892841;Media;LIVEPERSON // JAZZPLAT BOGOTA // LENTITUD;Cerrado;12/01/2026 9:33 a;CEP CAU AGI;12/01/2026 10:05;SOP_ASISTENTE;4-Baja;Masiva;MESA DE AYUDA COLOMBIA
INC000003892884;Media;WEB DE COMPROBANTES // OEST // ERROR FUNCIONAL;Cerrado;12/01/2026 11:17 a;CEP CAU AGI;12/01/2026 12:27;SOP_MOV_COMPROBANTES_TIENDAS;4-Baja;Masiva;OEST - SL
INC000003892890;Media;IP24 // MAJOREL JEREZ // ERROR FUNCIONAL;Cerrado;12/01/2026 11:16 a;CEP CAU AGI;12/01/2026 12:05;TEIDE_OSP_Soporte_Tecnico;4-Baja;Masiva;APL_CON_DESA_SERVICIO_ICF
INC000003893529;Alta;DEGRADACION/LUNA/SL2;Cerrado;12/01/2026 12:07 a;RTV-TECSE RED DATOS;12/01/2026 14:13;Atlas_Soporte_BBDD;2-Alta;Masiva;Operador (A.G.I.)
INC000003893539;Media;FICHA DE CLIENTE // OEST OVIEDO // ERRO FUNCIONAL;Cerrado;12/01/2026 12:15 a;CEP CAU AGI;15/01/2026 8:15;TEIDE_OSP_Soporte_Tecnico;3-Medio;Masiva;OEST - SL
INC000003893555;Media;FICHA DE CLIENTE // MEDELLIN // ERROR FUNCIONAL;Cerrado;12/01/2026 12:44 a;CEP CAU AGI;15/01/2026 10:04;SOP_KRATOS;4-Baja;Masiva;ATC_MADRID_MASIVO
INC000003893705;Media;FICHA DE CLIENTE // ISGF MURCIA // ERROR FUNCIONAL;Cerrado;12/01/2026 11:56 a;CEP CAU AGI;12/01/2026 14:01;CEP CAU AGI;3-Medio;Masiva;SLN ISGF Murcia
INC000003893762;Media;FICHA DE CLIENTE // BOSCH VIGO PONTEVEDRA // ERROR FUNCIONAL;Cerrado;12/01/2026 14:52 a;CEP CAU AGI;12/01/2026 17:01;CEP CAU AGI;4-Baja;Masiva;TEIDE_OSP_ICF
INC000003894050;Media;CERES // OEST Y SALAMANCA // ERROR FUNCIONAL;Cerrado;12/01/2026 16:44 a;CEP CAU AGI;12/01/2026 17:17;CEP CAU AGI;4-Baja;Masiva;OEST - SL
INC000003894095;Media;FICHA CLIENTE MM // ISGF MADRID // ERROR FUNCIONAL;Cerrado;13/01/2026 10:10 a;CEP CAU AGI;10/03/2026 8:51;DES_SOE_MICROSJZ;4-Baja;Masiva;SLN ISGF Murcia
INC000003894204;Media;LIVEPERSON // GUADALAJARA // ERROR FUNCIONAL;Cerrado;12/01/2026 15:45 a;CEP CAU AGI;12/01/2026 16:06;SOP_DJINGO;3-Medio;Masiva;MESA DE AYUDA GUADALAJARA
INC000003894270;Media;[CSO] FICHA CLIENTE MM // BOGOTA // ERROR FUNCIONAL;Cerrado;13/01/2026 9:33 a;CEP CAU AGI;15/01/2026 13:05;APL_CON_GEA_DATA;4-Baja;Masiva;USU_GEST_JAZZPLAT
INC000003894274;Alta;CRM JAZZTEL // JAZZPLAT BOGOTA // ERROR FUNCIONAL;Cerrado;13/01/2026 9:39 a;CEP CAU AGI;13/01/2026 12:12;SOP_NABOO;2-Alta;Masiva;MESA DE AYUDA COLOMBIA
INC000003894291;Media;IP24 // SEVILLA // ERROR FUNCIONAL;Cerrado;13/01/2026 10:19 a;CEP CAU AGI;19/01/2026 8:04;CEP CAU AGI;4-Baja;Masiva;TEIDE_OSP_ICF
INC000003895061;Media;IP24 // MARKTEL VALENCIA // ERROR FUNCIONAL;Cerrado;13/01/2026 16:16 a;CEP CAU AGI;14/01/2026 14:53;SOP_MOV_COMPROBANTES_TIENDAS;4-Baja;Masiva;SLN Marktel Valencia
INC000003895097;Media;ALTAIR / TP JEREZ / ERROR FUNCIONAL;Cerrado;13/01/2026 21:46 a;CEP CAU AGI;20/01/2026 11:06;CEP CAU AGI;4-Baja;Masiva;TEIDE_OSP_ICF
INC000003895098;Alta;DEGRADACIÓN / SOC / SL2;Cerrado;13/01/2026 21:46 a;RTV-TECSE RED DATOS;14/01/2026 12:04;Atlas_Soporte_Linux_Vmware;2-Alta;Masiva;Operador (A.G.I.)
INC000003895317;Media;CLARION // MADRID // ERROR FUNCIONAL;Cerrado;13/01/2026 13:26 a;CEP CAU AGI;20/01/2026 10:23;CEP CAU AGI;3-Medio;Masiva;USU_WHOLESALE
INC000003895400;Alta;A-INDISPONIBILIDAD/WEB MANTENEDORES/SL2;Cerrado;14/01/2026 7:49 a;CEP CAU AGI;15/01/2026 16:45;CEP CAU AGI;2-Alta;Masiva;MESA DE AYUDA GUADALAJARA
INC000003895429;Media;ACCESO UNICO KENAN // ISGF // ERROR ACCESO;Cerrado;13/01/2026 14:53 a;CEP CAU AGI;13/01/2026 15:52;CEP CAU AGI;4-Baja;Masiva;SLN ISGF Murcia
INC000003896143;Alta;CRM JAZZTEL // MARKTEL VALENCIA // ERROR FUNCIONAL;Cerrado;14/01/2026 11:07 a;CEP CAU AGI;14/01/2026 15:53;SOP_BSS_JAZZTEL;2-Alta;Masiva;SLN Marktel Valencia
INC000003896158;Media;WEB MANTENEDORES // MADRID // ERROR FUNCIONAL;Cerrado;14/01/2026 11:42 a;CEP CAU AGI;16/01/2026 7:31;DES_MANTENEDORES;4-Baja;Masiva;ST_FTTH
INC000003896173;Media;IVR // ISGF MURCIA // ERROR FUNCIONAL;Cerrado;14/01/2026 13:23 a;CEP CAU AGI;16/01/2026 13:29;SOP_TECNICO_CALL_CENTER;4-Baja;Masiva;SLN ISGF Murcia
INC000003896186;Alta;Incidencia masiva - Ordenes de Cambio de eSIM rechazada;Cerrado;14/01/2026 14:36 a;FRONTOFFICE;14/01/2026 15:19;FRONTOFFICE;2-Alta;Masiva;FRONTOFFICE
INC000003896353;Media;IP24 // LUGO // ERROR FUNCIONAL;Cerrado;14/01/2026 12:14 a;CEP CAU AGI;19/01/2026 8:26;CEP CAU AGI;4-Baja;Masiva;TEIDE_OSP_ICF
INC000003896854;Media;FICHA DE CLIENTE / BOSCH VIGO / ERROR FUNCIONAL;Cerrado;14/01/2026 19:59 a;CEP CAU AGI;15/01/2026 14:19;CEP CAU AGI;4-Baja;Masiva;TEIDE_OSP_ICF
INC000003897111;Media;FICHA CLIENTE MM / BOGOTA / ERROR FUNCIONAL;Cerrado;14/01/2026 17:02 a;CEP CAU AGI;20/01/2026 16:05;CEP CAU AGI;4-Baja;Masiva;MESA DE AYUDA COLOMBIA
INC000003897118;Media;FICHA DE CLIENTE / FOUNDEVER SEVILLA / ERROR FUNCIONAL;Cerrado;14/01/2026 17:58 a;CEP CAU AGI;14/01/2026 20:00;Soporte Scoring;4-Baja;Masiva;TEIDE_OSP_ICF
INC000003897606;Media;IP24 // TRAFFIC NEW TECHNOLOGY // ERROR FUNCIONAL;Cerrado;15/01/2026 10:31 a;CEP CAU AGI;19/01/2026 8:28;CEP CAU AGI;4-Baja;Masiva;TEIDE_OSP_ICF
INC000003897650;Media;PANGEA // ATAC SALAMANCA // ERROR FUNCIONAL;Cerrado;15/01/2026 13:09 a;CEP CAU AGI;20/01/2026 18:04;SOP_NABOO;4-Baja;Masiva;NEG_PROVISION_PYME
INC000003898149;Media;GIROS // MAJOREL JEREZ // ERROR FUNCIONAL;Cerrado;15/01/2026 17:30 a;CEP CAU AGI;15/01/2026 18:40;CEP CAU AGI;4-Baja;Masiva;APL_CON_DESA_SERVICIO_ICF
INC000003898335;Crítica;INDISPONIBILIDAD/POLAR/SL1;Cerrado;16/01/2026 8:30 a;CEP CAU AGI;19/01/2026 8:29;CEP CAU AGI;1-Crítica;Masiva;ST_FTTH
INC000003898524;Media;ALTITUDE // KONECTA SEVILLA // ERROR FUNCIONAL;Cerrado;16/01/2026 8:15 a;CEP CAU AGI;16/01/2026 9:16;SOP_TECNICO_CALL_CENTER;4-Baja;Masiva;CALLCENTER_KONECTA_SEVILLA
INC000003898839;Media;IP24 // OEST OVIEDO // SIN ACCESO;Cerrado;16/01/2026 11:26 a;CEP CAU AGI;19/01/2026 8:07;CEP CAU AGI;4-Baja;Masiva;BO-ATC_MADRID_MASIVO
INC000003899013;Alta;INDISPONIBILIDAD/FICHA DE CLIENTE/SL1;Cerrado;16/01/2026 11:08 a;CEP CAU AGI;16/01/2026 22:26;CEP CAU AGI;1-Crítica;Masiva;CALLCENTER_SITEL_SEVILLA
INC000003899067;Media;FICHA DE CLIENTE / BOSCH VIGO / ERROR FUNCIONAL;Cerrado;16/01/2026 20:01 a;CEP CAU AGI;19/01/2026 10:40;SOP_SAP_LO;4-Baja;Masiva;TEIDE_OSP_ICF
INC000003899085;Alta;DEGRADACIÓN/TEIDE/SL2;Cerrado;18/01/2026 18:38 a;CEP CAU AGI;19/01/2026 13:29;TEIDE_OSP_Soporte_Tecnico;2-Alta;Masiva;TEIDE_OSP_ICF
INC000003900433;Media;IP24 // GUADALAJARA // ERROR FUNCIONAL;Cerrado;19/01/2026 11:02 a;CEP CAU AGI;19/01/2026 16:19;SOP_SMC_TEIDE;4-Baja;Masiva;NEG_PROVISION_PYME
INC000003900470;Media;IP24// ATAC GUADALAJARA // ERROR FUNCIONAL;Cerrado;19/01/2026 13:21 a;CEP CAU AGI;07/05/2026 16:08;SOPORTE N1 CSO;4-Baja;Masiva;NEG_PROVISION_PYME
INC000003900524;Alta;DEGRADACIÓN / PANGEA / SL2;Cerrado;19/01/2026 10:57 a;CEP CAU AGI;19/01/2026 14:21;Econtrato_N2;2-Alta;Masiva;MESA DE AYUDA GUADALAJARA
INC000003900600;Media;FICHA DE CLIENTE // SEVILLA // ERROR FUNCIONAL;Cerrado;19/01/2026 14:38 a;CEP CAU AGI;19/01/2026 16:08;CEP CAU AGI;4-Baja;Masiva;CALLCENTER_KONECTA_SEVILLA
INC000003900884;Media;PANGEA // VENTAS COMERCIALES // ERROR FUNCIONAL;Cerrado;19/01/2026 16:02 a;CEP CAU AGI;20/01/2026 9:39;SOP_BSS_JAZZTEL;4-Baja;Masiva;PROC_CAD
INC000003901053;Media;KRATOS-24098 IP24 // BOSCH VIGO // ERROR FUNCIONAL;Cerrado;19/01/2026 18:12 a;CEP CAU AGI;02/02/2026 8:08;CEP CAU AGI;4-Baja;Masiva;TEIDE_OSP_ICF
INC000003901059;Media;ECONTRATO // TELEPERFORMANCE JEREZ // ERROR FUNCIONAL;Cerrado;19/01/2026 19:01 a;CEP CAU AGI;20/01/2026 9:29;Econtrato_N2;4-Baja;Masiva;APL_CON_DESA_SERVICIO_ICF
INC000003901069;Media;Degradacion/peoplesoft/SL3;Cerrado;20/01/2026 7:30 a;Operador (A.G.I.);21/01/2026 14:13;FIJO APL Soporte PS;4-Baja;Masiva;Operador (A.G.I.)
INC000003901277;Media;S7 // LA FINCA  // ERROR FUNCIONAL;Cerrado;20/01/2026 9:26 a;CEP CAU AGI;20/01/2026 16:58;Soporte Siebel;4-Baja;Masiva;TEIDE_OSP_ICF
INC000003901278;Media;SIEBEL 7 // LA FINCA  // ERROR FUNCIONAL;Cerrado;20/01/2026 9:40 a;CEP CAU AGI;02/03/2026 6:58;CEP CAU AGI;4-Baja;Masiva;TEIDE_OSP_ICF
INC000003902011;Media;WEB MANTENEDORES // BOGOTA // SIN ACCESO;Cerrado;20/01/2026 10:58 a;CEP CAU AGI;26/01/2026 6:59;CEP CAU AGI;4-Baja;Masiva;MESA DE AYUDA COLOMBIA
INC000003902441;Media;CRM ENERGÍA // ISGF  MURCIA// ERROR FUNCIONAL;Cerrado;20/01/2026 13:47 a;CEP CAU AGI;20/01/2026 15:10;BO Aplicaciones;4-Baja;Masiva;SLN ISGF Murcia
INC000003902734;Alta;INDISPONIBILIDAD/ SEDES Barcelona 1, Zaragoza Pilar, Barcelona Mataro/SL1;Cerrado;21/01/2026 0:07 a;GNOC;21/01/2026 0:44;GNOC;1-Crítica;Masiva;Operador (A.G.I.)
INC000003902909;Media;IP24 // TLP ATAC JEREZ // ERROR FUNCIONAL;Cerrado;20/01/2026 18:54 a;CEP CAU AGI;20/01/2026 21:06;CEP CAU AGI;4-Baja;Masiva;APL_CON_DESA_SERVICIO_ICF
INC000003903737;Media;FICHA CLIENTE MM // MEDELLIN // ERROR FUNCIONAL;Cerrado;21/01/2026 17:32 a;CEP CAU AGI;21/01/2026 23:14;Tecnología;4-Baja;Masiva;ATC_MADRID_MASIVO
INC000003903860;Media;ALTAIR // MAJOREL JEREZ // ERROR FUNCIONAL;Cerrado;21/01/2026 20:21 a;CEP CAU AGI;09/02/2026 7:29;CEP CAU AGI;3-Medio;Masiva;APL_CON_DESA_SERVICIO_ICF
INC000003903883;Alta;DEGRADACION/BSCS/SL2;Cerrado;22/01/2026 8:37 a;SOP_TMC_BSCS_ONLINE;22/01/2026 9:47;SOP_BBDD;2-Alta;Masiva;Operador (A.G.I.)
INC000003904451;Alta;IVR // GUADALAJARA // SIN ACCESO;Cerrado;22/01/2026 12:00 a;CEP CAU AGI;26/01/2026 6:58;CEP CAU AGI;2-Alta;Masiva;MESA DE AYUDA GUADALAJARA
INC000003905354;Alta;INDISPONIBILIDAD/ Caida ESX aotlxprvin10211/ SL2;Cerrado;23/01/2026 6:20 a;RTV-TECSE RED DATOS;23/01/2026 10:59;GNOC;2-Alta;Masiva;Operador (A.G.I.)
INC000003906218;Media;FICHA DE CLIENTE // ISGF MURCIA // ERROR FUNCIONAL;Cerrado;23/01/2026 12:22 a;CEP CAU AGI;02/02/2026 8:08;CEP CAU AGI;3-Medio;Masiva;SLN ISGF Murcia
INC000003906280;Media;OPENCOBROS // MAJOREL // ERROR FUNCIONAL;Cerrado;24/01/2026 11:52 a;CEP CAU AGI;26/01/2026 11:08;CEP CAU AGI;4-Baja;Masiva;FRONTOFFICE
INC000003906802;Media;CRM JAZZTEL // BOGOTA // ERROR FUNCIONAL;Cerrado;23/01/2026 17:59 a;CEP CAU AGI;26/01/2026 6:58;CEP CAU AGI;4-Baja;Masiva;MESA DE AYUDA COLOMBIA
INC000003906829;Media;IP24 // FOUNDEVER SEVILLA // ERROR FUNCIONAL;Cerrado;25/01/2026 13:05 a;CEP CAU AGI;26/01/2026 10:01;SOP_SMC_TEIDE;4-Baja;Masiva;FRONTOFFICE
INC000003906892;Crítica;DEGRADACIÓN/MEDIACIÓN/SL1;Cerrado;26/01/2026 11:24 a;APL_FIJ_HP-IUM_OSP;26/01/2026 14:05;GNOC;2-Alta;Masiva;Operador (A.G.I.)
INC000003907018;Media;SIEBEL 7 // JEREZ // ERROR FUNCIONAL;Cerrado;24/01/2026 14:44 a;CEP CAU AGI;27/01/2026 8:20;Soporte Siebel;4-Baja;Masiva;MESA DE AYUDA GUADALAJARA
INC000003907789;Alta;DEGRADACION/ VIGO MSC/ SL2;Cerrado;26/01/2026 13:29 a;RTV-TECSE RED DATOS;27/01/2026 14:35;RTV-EXTERNAS RDC;2-Alta;Masiva;Operador (A.G.I.)
INC000003908270;Media;REMEDY // MAJOREL JEREZ // ERROR FUNCIONAL;Cerrado;26/01/2026 15:32 a;CEP CAU AGI;26/01/2026 16:47;SOP_TECNICO_CALL_CENTER;4-Baja;Masiva;APL_CON_DESA_SERVICIO_ICF
INC000003908548;Media;SILES // CONTROL ROOM  // ERROR FUNCIONAL;Cerrado;26/01/2026 17:35 a;CEP CAU AGI;27/01/2026 8:40;SOP_TECNICO_CALL_CENTER;4-Baja;Masiva;TEIDE_OSP_ICF
INC000003908590;Alta;Degradacion/guadalajara/sl2;Cerrado;27/01/2026 9:53 a;RTV-TECSE RED DATOS;27/01/2026 15:55;GNOC;2-Alta;Masiva;Operador (A.G.I.)
INC000003908882;Media;CERES // OEST OVIEDO // ERROR FUNCIONAL;Cerrado;27/01/2026 11:42 a;CEP CAU AGI;27/01/2026 14:53;APL_MOV_CERES;4-Baja;Masiva;OEST - SL
INC000003909448;Media;IP24 // DIGO // ERROR FUNCIONAL;Cerrado;27/01/2026 13:32 a;CEP CAU AGI;27/01/2026 16:21;GC Prepago;4-Baja;Masiva;TEIDE_OSP_ICF
INC000003909515;Media;ALTAIR // GUADALAJARA // ERROR FUNCIONAL;Cerrado;27/01/2026 11:44 a;CEP CAU AGI;27/01/2026 14:44;CEP CAU AGI;3-Medio;Masiva;MESA DE AYUDA GUADALAJARA
INC000003909748;Media;ALTITUDE // MAJOREL SALAMANCA // SIN ACCESO;Cerrado;27/01/2026 15:27 a;CEP CAU AGI;28/01/2026 19:34;SOP_TECNICO_CALL_CENTER;3-Medio;Masiva;SLN Arvato Salamanca
INC000003909789;Media;PRDIAS-26252 DJINGO / CONTROL ROOM / ERROR FUNCIONAL;Cerrado;27/01/2026 21:04 a;CEP CAU AGI;29/01/2026 10:16;SOP_DJINGO;4-Baja;Masiva;TEIDE_OSP_ICF
INC000003909822;Media;IP24 // ISGF MURCIA  // ERROR FUNCIONAL;Cerrado;27/01/2026 15:31 a;CEP CAU AGI;28/01/2026 8:40;CEP CAU AGI;4-Baja;Masiva;SLN ISGF Murcia
INC000003909861;Media;CRM JAZZTEL / BOGOTA / LENTITUD;Cerrado;27/01/2026 19:24 a;CEP CAU AGI;27/01/2026 20:33;SOP_BSS_JAZZTEL;4-Baja;Masiva;MESA DE AYUDA COLOMBIA
INC000003909895;Media;PRDIAS-26337 LIVEPERSON // SEVILLA //ERROR FUNCIONAL;Cerrado;28/01/2026 9:47 a;CEP CAU AGI;16/02/2026 8:15;CEP CAU AGI;3-Medio;Masiva;SLN Arvato Salamanca
INC000003910054;Alta;DEGRADACIÓN / CRM JAZZTEL / SL2;Cerrado;28/01/2026 9:11 a;CEP CAU AGI;28/01/2026 14:14;SOP_NABOO;2-Alta;Masiva;SLN Teleperformance Medellin
INC000003910070;Media;LIVEPERSON // CONTROL ROOM // ERROR FUNCIONAL;Cerrado;28/01/2026 10:15 a;CEP CAU AGI;02/02/2026 8:09;CEP CAU AGI;4-Baja;Masiva;SLN Arvato Salamanca
INC000003910092;Media;IP24// ATAC SALAMANCA // ERROR FUNCIONAL;Cerrado;28/01/2026 11:44 a;CEP CAU AGI;03/02/2026 12:55;SOP_SMC_BOREAL;4-Baja;Masiva;NEG_PROVISION_PYME
INC000003910612;Media;LIVEPERSON // MEDELLÍN // ERROR FUNCIONAL;Cerrado;28/01/2026 9:03 a;CEP CAU AGI;02/02/2026 8:09;CEP CAU AGI;4-Baja;Masiva;ATC_MADRID_MASIVO
INC000003910627;Alta;DEGRADACIÓN / FICHA DE CLIENTE / SL2;Cerrado;28/01/2026 10:08 a;CEP CAU AGI;28/01/2026 14:30;NEG_CAMP_CERES;1-Crítica;Masiva;SLN ISGF Murcia
INC000003910727;Media;FICHA DE CLIENTE // MAJOREL SALAMANCA  // ERROR FUNCIONAL;Cerrado;28/01/2026 11:34 a;CEP CAU AGI;28/01/2026 14:27;APL_MOV_SOE;3-Medio;Masiva;APL_CON_DESA_SERVICIO_ICF
INC000003910758;Media;IVR // ISGF MURCIA // ERROR FUNCIONAL;Cerrado;28/01/2026 13:06 a;CEP CAU AGI;02/02/2026 10:30;SOP_NABOO;4-Baja;Masiva;SLN ISGF Murcia
INC000003911225;Media;PRDIAS-26280 LIVEPERSON // CONTROL ROOM // ERROR FUNCIONAL;Cerrado;28/01/2026 15:51 a;CEP CAU AGI;02/02/2026 9:59;SOP_ASISTENTE;4-Baja;Masiva;SLN Arvato Salamanca
INC000003911251;Media;PRDIAS-26285 LIVEPERSON // OEST OVIEDO // ERROR FUNCIONAL;Cerrado;28/01/2026 18:27 a;CEP CAU AGI;19/02/2026 14:54;SOP_DJINGO;3-Medio;Masiva;OEST - SL
INC000003911254;Alta;INDISPONIBILIDAD / FIRMA CONTRATOS PANGEA TEIDE / SL2;Cerrado;28/01/2026 19:11 a;CEP CAU AGI;29/01/2026 14:27;Econtrato_N2;2-Alta;Masiva;APL_CON_DESA_SERVICIO_ICF
INC000003911333;Media;PRDIAS-26284 LIVEPERSON / BOGOTA / ERROR FUNCIONAL;Cerrado;28/01/2026 18:54 a;CEP CAU AGI;29/01/2026 9:36;SOP_DJINGO;3-Medio;Masiva;MESA DE AYUDA COLOMBIA
INC000003911351;Media;ALTITUDE // KONECTA SEVILLA // SIN ACCESO;Cerrado;29/01/2026 8:11 a;CEP CAU AGI;02/02/2026 8:52;CEP CAU AGI;4-Baja;Masiva;CALLCENTER_KONECTA_SEVILLA
INC000003911415;Media;ALTITUDE / KONECTA SEVILLA / ERROR FUNCIONAL;Cerrado;28/01/2026 21:37 a;CEP CAU AGI;02/02/2026 8:52;CEP CAU AGI;4-Baja;Masiva;CALLCENTER_KONECTA_SEVILLA
INC000003911913;Media;PRDIAS-26293 LIVEPERSON // CONTROL ROOM // ERROR FUNCIONAL;Cerrado;29/01/2026 10:01 a;CEP CAU AGI;02/02/2026 9:56;SOP_ASISTENTE;3-Medio;Masiva;SLN Arvato Salamanca
INC000003911924;Media;[CSO] IP24 // OEST OVIEDO // ERROR FUNCIONAL;Cerrado;29/01/2026 10:45 a;CEP CAU AGI;23/02/2026 8:30;CEP CAU AGI;4-Baja;Masiva;OEST - SL
INC000003911992;Media;ACME APP ORANGE // CONTROL ROOM // ERROR FUNCIONAL;Cerrado;29/01/2026 15:39 a;CEP CAU AGI;05/02/2026 11:19;CEP CAU AGI;4-Baja;Masiva;TEIDE_OSP_ICF
INC000003912297;Alta;DEGRADACION / errores servidores Altitude/ SL2;Cerrado;29/01/2026 19:04 a;RTV-TECSE RED DATOS;04/02/2026 11:27;GNOC;2-Alta;Masiva;Operador (A.G.I.)
INC000003912510;Media;FICHA DE CLIENTE // MURCIA // ERROR FUNCIONAL;Cerrado;29/01/2026 13:14 a;CEP CAU AGI;30/01/2026 11:23;APL_MOV_SOE;3-Medio;Masiva;SLN ISGF Murcia
INC000003912520;Media;IP24 // OVIEDO // ERROR FUNCIONAL;Cerrado;29/01/2026 13:34 a;CEP CAU AGI;02/02/2026 19:02;SOP_SMC_TEIDE;4-Baja;Masiva;OEST - SL
INC000003912567;Media;CRM JAZZTEL / MEDELLIN / ERROR FUNCIONAL;Cerrado;29/01/2026 18:33 a;CEP CAU AGI;02/02/2026 8:53;CEP CAU AGI;4-Baja;Masiva;ATC_MADRID_MASIVO
INC000003912965;Media;LIVEPERSON // SEVILLA // ERROR FUNCIONAL;Cerrado;30/01/2026 11:20 a;CEP CAU AGI;02/02/2026 8:09;CEP CAU AGI;4-Baja;Masiva;TEIDE_OSP_ICF
INC000003913232;Media;DEGRADACIÓN / CAMPAÑAS FICHA DE CLIENTE FIDE / SL3;Cerrado;30/01/2026 11:23 a;CEP CAU AGI;03/02/2026 9:51;CEP CAU AGI;4-Baja;Masiva;SLN ISGF Murcia
INC000003913249;Media;Error Masivo de Ficheros EUS_VOSS de Euskaltel - RRR_VOSS_EVENTOS_FULL_20250327_1 de Rcable;Cerrado;30/01/2026 13:02 a;OMVOds;30/01/2026 13:50;MANTENIMIENTO_VOSS;3-Medio;Masiva;FRONTOFFICE
INC000003913271;Media;FICHA DE CLIENTE // MAJOREL SALAMANCA // ERROR FUNCIONAL;Cerrado;30/01/2026 12:48 a;CEP CAU AGI;02/02/2026 17:24;APL_MOV_SOE;3-Medio;Masiva;APL_CON_DESA_SERVICIO_ICF
INC000003913290;Media;IP24 // ATAC JEREZ // ERROR FUNCIONAL;Cerrado;30/01/2026 13:38 a;CEP CAU AGI;03/02/2026 12:52;CEP CAU AGI;4-Baja;Masiva;MESA DE AYUDA GUADALAJARA
INC000003913339;Crítica;INDISPONIBILIDAD / TEIDE / SL1;Cerrado;30/01/2026 12:26 a;CEP CAU AGI;02/02/2026 8:34;CEP CAU AGI;1-Crítica;Masiva;MESA DE AYUDA GUADALAJARA
INC000003913380;Media;IP24 // TLP JEREZ // ERROR FUNCIONAL;Cerrado;30/01/2026 15:31 a;CEP CAU AGI;03/02/2026 13:08;CEP CAU AGI;4-Baja;Masiva;APL_CON_DESA_SERVICIO_ICF
INC000003913557;Media;IP24 // TLP JEREZ // ERROR FUNCIONAL;Cerrado;30/01/2026 16:08 a;CEP CAU AGI;09/02/2026 7:29;CEP CAU AGI;4-Baja;Masiva;MESA DE AYUDA GUADALAJARA
INC000003913585;Media;LIVEPERSON // MEDELLIN // ERROR FUNCIONAL;Cerrado;31/01/2026 16:09 a;CEP CAU AGI;31/01/2026 17:46;SOP_DJINGO;4-Baja;Masiva;TEIDE_OSP_ICF
INC000003913594;Alta;DEGRADACION/OCS/SL2;Cerrado;01/02/2026 13:43 a;RTV-TECSE RED DATOS;01/02/2026 16:08;Soporte PCRF;2-Alta;Masiva;Operador (A.G.I.)
INC000003913708;Media;GDU/ACM/ ERROR FUNCIONAL;Cerrado;30/01/2026 14:27 a;OPER_Soporte_GdU;30/01/2026 17:31;OPER_Soporte_GdU;4-Baja;Masiva;FRONTOFFICE
INC000003913720;Media;FICHA DE CLIENTE // PONTEVEDRA // ERROR FUNCIONAL;Cerrado;30/01/2026 14:37 a;CEP CAU AGI;02/02/2026 8:40;CEP CAU AGI;4-Baja;Masiva;TEIDE_OSP_ICF
INC000003913743;Media;OPENCOBROS /TRASNCOM MADRID / ERROR FUNCIONAL;Cerrado;31/01/2026 10:30 a;CEP CAU AGI;31/01/2026 11:11;CEP CAU AGI;4-Baja;Masiva;TEIDE_OSP_ICF
INC000003913797;Alta;DEGRADACION // FICHA DE CLIENTE // SL2;Cerrado;02/02/2026 9:32 a;CEP CAU AGI;02/02/2026 10:23;APL_MOV_SOE;1-Crítica;Masiva;CALLCENTER_TRANSCOM_LEON
INC000003913964;Media;ALTITUDE // MEDELLIN // NO ACCESO;Cerrado;01/02/2026 17:59 a;CEP CAU AGI;01/02/2026 18:41;SOP_TECNICO_CALL_CENTER;4-Baja;Masiva;SLN Teleperformance Medellin
INC000003915075;Media;IP24 // MURCIA // ERROR FUNCIONAL;Cerrado;02/02/2026 14:17 a;CEP CAU AGI;02/02/2026 16:55;SOP_SMC_TEIDE;4-Baja;Masiva;SLN ISGF Murcia
INC000003915108;Media;PANGEA // ATAC SALAMANCA // ERROR FUNCIONAL;Cerrado;02/02/2026 10:50 a;CEP CAU AGI;03/02/2026 8:34;SOP_CS_INYECTORES;4-Baja;Masiva;NEG_PROVISION_PYME
INC000003915406;Media;IP24 // ATENCIÓN - RETENCIÓN // ERROR FUNCIONAL;Cerrado;02/02/2026 13:53 a;CEP CAU AGI;02/02/2026 15:47;APL_MOV_SOE;4-Baja;Masiva;NEG_PROV_ORANGE
INC000003915487;Alta;DEGRADACION // FICHA DE CLIENTE // SL2;Cerrado;02/02/2026 20:32 a;CEP CAU AGI;04/02/2026 11:06;SOP_SMC_TEIDE;1-Crítica;Masiva;SLN Arvato Salamanca
INC000003915533;Media;FICHA DE CLIENTE // SEVILLA // ERROR FUNCIONAL;Cerrado;02/02/2026 14:45 a;CEP CAU AGI;02/02/2026 15:48;APL_MOV_SOE;3-Medio;Masiva;TEIDE_OSP_ICF
INC000003916435;Media;PRDIAS-26250 DIGITAL TOOLS // GUADALAJARA // ERROR FUNCIONAL;Cerrado;03/02/2026 11:06 a;CEP CAU AGI;23/03/2026 7:30;CEP CAU AGI;4-Baja;Masiva;MESA DE AYUDA GUADALAJARA
INC000003916761;Media;FICHA DE CLIENTE // OEST OVIEDO // ERROR FUNCIONAL;Cerrado;03/02/2026 15:52 a;CEP CAU AGI;05/02/2026 10:59;DES_SOE_FICHA;3-Medio;Masiva;OEST - SL
INC000003917131;Media;LIVEPERSON // MEDELLIN // LENTITUD;Cerrado;03/02/2026 16:57 a;CEP CAU AGI;03/02/2026 18:10;SOP_DJINGO;3-Medio;Masiva;SLN Teleperformance Medellin
INC000003917140;Media;FRONTCO-60327 FICHA DE CLIENTE // OEST OVIEDO // ERROR FUNCIONAL;Cerrado;03/02/2026 17:41 a;CEP CAU AGI;03/03/2026 15:04;DES_SOE_PANGEA;3-Medio;Masiva;OEST - SL
INC000003917797;Media;FICHA DE CLIENTE // FOUNDOVER SEVILLA // ERROR FUNCIONAL;Cerrado;04/02/2026 14:29 a;CEP CAU AGI;09/02/2026 7:14;CEP CAU AGI;3-Medio;Masiva;TEIDE_OSP_ICF
INC000003917993;Alta;DEGRADACION // CRM JAZZTEL // SL2;Cerrado;04/02/2026 18:00 a;CEP CAU AGI;09/02/2026 7:24;CEP CAU AGI;1-Crítica;Masiva;ATC_MADRID_MASIVO
INC000003918248;Media;WEB DE COMPROBANTES // MARKTEL VALENCIA // ERROR FUNCIONAL;Cerrado;04/02/2026 16:21 a;CEP CAU AGI;09/02/2026 7:18;CEP CAU AGI;4-Baja;Masiva;SLN Marktel Valencia
INC000003918266;Media;PEOPLESOFT // ISGF MURCIA // ERROF FUNCIONAL;Cerrado;04/02/2026 17:30 a;CEP CAU AGI;04/02/2026 21:05;FIJO EAS-STSIC_BILL. ARBOR;4-Baja;Masiva;SLN ISGF Murcia
INC000003918276;Media;GUIS // MAJOREL SALAMANCA // ERROR FUNCIONAL;Cerrado;04/02/2026 19:50 a;CEP CAU AGI;09/02/2026 7:25;CEP CAU AGI;4-Baja;Masiva;SLN Arvato Salamanca
INC000003918451;Media;FICHA DE CLIENTE // MEDELLIN // ERROR FUNCIONAL;Cerrado;04/02/2026 17:33 a;CEP CAU AGI;09/02/2026 7:19;CEP CAU AGI;4-Baja;Masiva;ATC_MADRID_MASIVO
INC000003918458;Media;AVAYA // MAJOREL SALAMANCA // ERROR FUNCIONAL;Cerrado;04/02/2026 18:50 a;CEP CAU AGI;05/02/2026 12:57;SOP_TECNICO_CALL_CENTER;3-Medio;Masiva;SLN Arvato Salamanca
INC000003918668;Media;FICHA DE CLIENTE // KONECTA SEVILLA // ERROR FUNCIONAL;Cerrado;05/02/2026 13:44 a;CEP CAU AGI;09/02/2026 7:30;CEP CAU AGI;4-Baja;Masiva;CALLCENTER_KONECTA_SEVILLA
INC000003918673;Alta;DEGRADACION // IVR JAZZTEL // SL2;Cerrado;05/02/2026 14:16 a;CEP CAU AGI;09/02/2026 7:30;CEP CAU AGI;1-Crítica;Masiva;SLN ISGF Murcia
INC000003919372;Media;CERES //  SALAMANCA // ERROR FUNCIONAL;Cerrado;05/02/2026 16:15 a;CEP CAU AGI;05/02/2026 17:20;CEP CAU AGI;4-Baja;Masiva;OEST - SL
INC000003919374;Media;PRDIAS-26390 LIVEPERSON // OEST OVIEDO // ERROR FUNCIONAL;Cerrado;05/02/2026 16:25 a;CEP CAU AGI;23/02/2026 8:30;CEP CAU AGI;4-Baja;Masiva;OEST - SL
INC000003919739;Crítica;DEGRADACION/ Caida enlaces ITX con GCP Y OCI en Torrejon /SL1;Cerrado;05/02/2026 21:34 a;RTV-TECSE RED DATOS;06/02/2026 2:05;RTV-EXTERNAS RDC;1-Crítica;Masiva;Operador (A.G.I.)
INC000003919811;Alta;DEGRADACION // FICHA DE CLIENTE // SL2;Cerrado;05/02/2026 18:23 a;CEP CAU AGI;09/02/2026 7:30;CEP CAU AGI;1-Crítica;Masiva;SLN Arvato Salamanca
INC000003919813;Media;PANGEA // ATAC JEREZ // ERROR FUNCIONAL;Cerrado;05/02/2026 19:03 a;CEP CAU AGI;06/02/2026 8:49;GC GeD;4-Baja;Masiva;APL_CON_DESA_SERVICIO_ICF
INC000003919903;Media;PRDIAS-26397 DJINGO // MEDELLIN // ERROR FUNCIONAL;Cerrado;05/02/2026 18:13 a;CEP CAU AGI;16/02/2026 8:15;CEP CAU AGI;4-Baja;Masiva;ATC_MADRID_MASIVO
INC000003920581;Media;CRM JAZZTEL // BOGOTA // SIN ACCESO;Cerrado;07/02/2026 10:34 a;CEP CAU AGI;09/02/2026 7:30;CEP CAU AGI;4-Baja;Masiva;MESA DE AYUDA COLOMBIA
INC000003920708;Media;FICHA DE CLIENTE // OEST OVIEDO // ERROR FUNCIONAL;Cerrado;06/02/2026 15:06 a;CEP CAU AGI;15/04/2026 14:01;;4-Baja;Masiva;OEST - SL
INC000003920795;Media;FICHA DE CLIENTE // SEVILLA // ERROR FUNCIONAL;Cerrado;09/02/2026 12:13 a;CEP CAU AGI;16/02/2026 8:15;CEP CAU AGI;3-Medio;Masiva;CALLCENTER_SITEL_SEVILLA
INC000003920898;Media;ALTAIR // GUADALAJARA // ERROR FUNCIONAL;Cerrado;09/02/2026 11:54 a;CEP CAU AGI;09/02/2026 20:52;CEP CAU AGI;3-Medio;Masiva;EDS_MTO
INC000003921823;Alta;DEGRADACION // FICHA DE CLIENTE // SL2;Cerrado;09/02/2026 9:33 a;CEP CAU AGI;09/02/2026 10:52;SOP_TMC_MYADDRESS;1-Crítica;Masiva;TEIDE_OSP_ICF
INC000003921861;Media;FRONTCO-60355 ALTAIR // GUADALAJARA // ERROR FUNCIONAL;Cerrado;09/02/2026 11:50 a;CEP CAU AGI;27/02/2026 10:26;DES_SOE_PANGEA;4-Baja;Masiva;EDS_MTO
INC000003922163;Crítica;SIN ACCESO // CRM JAZZTEL // SL1;Cerrado;09/02/2026 17:34 a;CEP CAU AGI;09/02/2026 18:46;SOP_BSS_JAZZTEL;1-Crítica;Masiva;USU_COBROS
INC000003922178;Media;LIVEPERSON / FOUNDEVER SEVILLA / ERROR FUNCIONAL;Cerrado;09/02/2026 19:17 a;CEP CAU AGI;09/02/2026 20:03;SOP_DJINGO;4-Baja;Masiva;TEIDE_OSP_ICF
INC000003922231;Media;IP24 // OVIEDO // ERROR FUNCIONAL;Cerrado;09/02/2026 14:35 a;CEP CAU AGI;11/02/2026 11:29;SOP_SMC_TEIDE;4-Baja;Masiva;OEST - SL
INC000003922429;Media;LIVEPERSON // OEST OVIEDO // ERROR FUNCIONAL;Cerrado;09/02/2026 15:36 a;CEP CAU AGI;09/02/2026 17:29;SOP_DJINGO;4-Baja;Masiva;OEST - SL
INC000003922537;Media;PRDIAS-26425 LIVEPERSON //CONTROL ROOM // ERROR FUNCIONAL;Cerrado;09/02/2026 18:44 a;CEP CAU AGI;16/02/2026 8:12;CEP CAU AGI;4-Baja;Masiva;TEIDE_OSP_ICF
INC000003923359;Alta;GC-6263 DEGRADACION // LIVEPERSON // SL2;Cerrado;10/02/2026 11:41 a;CEP CAU AGI;16/02/2026 8:14;CEP CAU AGI;2-Alta;Masiva;SLN Arvato Salamanca
INC000003923567;Media;CERES // OEST - SALAMANCA// ERROR FUNCIONAL;Cerrado;10/02/2026 16:10 a;CEP CAU AGI;10/02/2026 17:11;CEP CAU AGI;4-Baja;Masiva;OEST - SL
INC000003924027;Alta;DEGRADACION // CRM JAZZTEL // SL2;Cerrado;10/02/2026 23:18 a;CEP CAU AGI;16/02/2026 8:14;CEP CAU AGI;2-Alta;Masiva;ATC_MADRID_MASIVO
INC000003924441;Alta;DEGRADACION // ALTITUDE // SL2;Cerrado;11/02/2026 10:37 a;CEP CAU AGI;11/02/2026 11:08;SOP_TECNICO_CALL_CENTER;3-Medio;Masiva;APL_CON_DESA_SERVICIO_ICF
INC000003924490;Media;ACM/ ERROR FUNCIONAL;Cerrado;11/02/2026 13:50 a;OPER_Soporte_GdU;11/02/2026 14:20;OPER_Soporte_GdU;4-Baja;Masiva;FRONTOFFICE
INC000003924860;Media;PaP del 15/04 PRDIAS-26469 LIVEPERSON // MEDELLIN // ERROR FUNCIONAL;Cerrado;11/02/2026 14:57 a;CEP CAU AGI;20/04/2026 7:33;CEP CAU AGI;4-Baja;Masiva;ATC_MADRID_MASIVO
INC000003925073;Crítica;INDISPONIBILIDAD / FICHA DE CLIENTE / SL1;Cerrado;11/02/2026 21:36 a;CEP CAU AGI;12/02/2026 8:17;Soporte MDG;1-Crítica;Masiva;OEST - SL
INC000003925105;Crítica;INDISPONIBILIDAD/FLAPEOS OCI/ SL1;Cerrado;11/02/2026 14:13 a;RTV-TECSE RED DATOS;11/02/2026 15:53;Atlas_Soporte_CLOUD;1-Crítica;Masiva;Operador (A.G.I.)
INC000003925140;Media;PRDIAS-26494 LIVEPERSON / MEDELLIN / ERROR FUNCIONAL;Cerrado;11/02/2026 17:52 a;CEP CAU AGI;17/02/2026 11:00;SOP_DJINGO;3-Medio;Masiva;ATC_MADRID_MASIVO
INC000003925359;Media;FICHA DE CLIENTE // MAJOREL SALAMANCA // ERROR FUNCIONAL;Cerrado;12/02/2026 11:06 a;CEP CAU AGI;12/02/2026 16:27;APL_MOV_SOE;3-Medio;Masiva;APL_CON_DESA_SERVICIO_ICF
INC000003925828;Media;CERES // OEST OVIEDO // ERROR FUNCIONAL;Cerrado;12/02/2026 11:12 a;CEP CAU AGI;12/02/2026 11:32;CEP CAU AGI;3-Medio;Masiva;OEST - SL
INC000003927174;Media;FICHA DE CLIENTE // ATAC JEREZ // ERROR FUNCIONAL;Cerrado;13/02/2026 15:29 a;CEP CAU AGI;16/02/2026 10:11;CEP CAU AGI;4-Baja;Masiva;APL_CON_DESA_SERVICIO_ICF
INC000003927296;Alta;SIEBEL 7 // MEDELLIN // SIN ACCESO;Cerrado;15/02/2026 0:07 a;CEP CAU AGI;15/02/2026 12:16;CEP CAU AGI;3-Medio;Masiva;SLN Teleperformance Medellin
INC000003927443;Media;PRDIAS-26584 LIVEPERSON // MEDELLIN // ERROR FUNCIONAL;Cerrado;13/02/2026 15:42 a;CEP CAU AGI;02/03/2026 6:58;CEP CAU AGI;4-Baja;Masiva;ATC_MADRID_MASIVO
INC000003927459;Media;FICHA CLIENTE MM / MEDELLIN / ERROR FUNCIONAL;Cerrado;13/02/2026 19:47 a;CEP CAU AGI;14/02/2026 15:07;CEP CAU AGI;4-Baja;Masiva;ATC_MADRID_MASIVO
INC000003927470;Media;PANGEA // ATAC JEREZ // ERROR FUNCIONAL;Cerrado;14/02/2026 13:39 a;CEP CAU AGI;17/02/2026 14:28;SOP_SAP_LO;4-Baja;Masiva;MESA DE AYUDA GUADALAJARA
INC000003927666;Alta;Indisponibilidad / Reinicio ESX aotlxprvin10194 / SL2;Cerrado;15/02/2026 15:13 a;RTV-TECSE RED DATOS;15/02/2026 18:36;Atlas_Soporte_Linux_Vmware;2-Alta;Masiva;Operador (A.G.I.)
INC000003928002;Media;FICHA DE CLIENTE // MEDELLIN // ERROR FUNCIONAL;Cerrado;14/02/2026 23:40 a;CEP CAU AGI;15/02/2026 14:08;CEP CAU AGI;3-Medio;Masiva;SLN Teleperformance Medellin
INC000003928009;Media;[2026R1] FICHA DE CLIENTES / OEST OVIEDO / ERROR FUNCIONAL;Cerrado;15/02/2026 10:15 a;CEP CAU AGI;15/02/2026 18:43;CEP CAU AGI;4-Baja;Masiva;OEST - SL
INC000003928319;Media;FICHA DE CLIENTE / MEDELLIN / ERROR FUNCIONAL;Cerrado;15/02/2026 12:33 a;CEP CAU AGI;15/02/2026 20:04;CEP CAU AGI;4-Baja;Masiva;SLN Teleperformance Medellin
INC000003928323;Media;[2026R1] CRM JAZZTEL / MEDELLIN / ERROR FUNCIONAL;Cerrado;15/02/2026 13:11 a;CEP CAU AGI;15/02/2026 17:12;SOP_BSS_JAZZTEL;4-Baja;Masiva;ATC_MADRID_MASIVO
INC000003928393;Media;[2026R1] CERES // OEST OVIEDO // ERROR FUNCIONAL;Cerrado;16/02/2026 10:23 a;CEP CAU AGI;16/02/2026 12:48;APL_MOV_CERES;4-Baja;Masiva;OEST - SL
INC000003928646;Media;POLAR // PROVISION MADRID // SIN ACCESO;Cerrado;16/02/2026 9:24 a;CEP CAU AGI;16/02/2026 12:26;SOP_TMC_POLAR;4-Baja;Masiva;ST_FTTH
INC000003928671;Media;IP24 // ISGF MURCIA // ERROR FUNCIONAL;Cerrado;16/02/2026 11:59 a;CEP CAU AGI;21/02/2026 5:21;SOP_SMC_AURORA;4-Baja;Masiva;SLN ISGF Murcia
INC000003929039;Media;[2026R1] FICHA DE CLIENTE // MAJOREL SALAMANCA // ERROR FUNCIONAL;Cerrado;16/02/2026 12:32 a;CEP CAU AGI;23/02/2026 8:30;CEP CAU AGI;4-Baja;Masiva;APL_CON_DESA_SERVICIO_ICF
INC000003929045;Media;LIVEPERSON // BOGOTA // ERROR FUNCIONAL;Cerrado;16/02/2026 13:01 a;CEP CAU AGI;17/02/2026 13:13;SOP_DJINGO;3-Medio;Masiva;MESA DE AYUDA COLOMBIA
INC000003929073;Media;DJINGO // CONTROL ROOM // ERROR FUNCIONAL;Cerrado;16/02/2026 14:14 a;CEP CAU AGI;16/02/2026 16:20;SOP_DJINGO;4-Baja;Masiva;TEIDE_OSP_ICF
INC000003929315;Alta;[2026R1] CRM JAZZTEL // MEDELLIN // ERROR FUNCIONAL;Cerrado;16/02/2026 12:53 a;CEP CAU AGI;17/02/2026 10:46;DES_FAST_TRACK_GARANTIA;2-Alta;Masiva;ATC_MADRID_MASIVO
INC000003929355;Media;REMEDY // GUADALAJARA // ERROR FUNCIONAL;Cerrado;16/02/2026 15:01 a;CEP CAU AGI;16/02/2026 17:05;DES_REMEDY;4-Baja;Masiva;MESA DE AYUDA GUADALAJARA
INC000003929400;Media;[IP24] / FOUNDEVER SEVILLA / ERROR FUNCIONAL;Cerrado;16/02/2026 17:55 a;CEP CAU AGI;23/02/2026 8:29;CEP CAU AGI;4-Baja;Masiva;TEIDE_OSP_ICF
INC000003929422;Alta;INDISPONIBILIDAD // ALTITUDE // SL2;Cerrado;16/02/2026 14:13 a;CEP CAU AGI;17/02/2026 15:27;SOP_TECNICO_CALL_CENTER;2-Alta;Masiva;MESA DE AYUDA COLOMBIA
INC000003929426;Media;GIROS // GUADALAJARA // ERROR FUNCIONAL;Cerrado;16/02/2026 14:20 a;CEP CAU AGI;16/02/2026 15:08;CEP CAU AGI;4-Baja;Masiva;MESA DE AYUDA GUADALAJARA
INC000003929476;Media;CT Error Funcional - OSS Corporate;Cerrado;16/02/2026 16:13 a;FRONTOFFICE;16/02/2026 20:59;SOP_RESPONSABLE_SERVICIO;4-Baja;Masiva;FRONTOFFICE
INC000003929493;Media;[IP24] / ATAC JEREZ / ERROR FUNCIONAL;Cerrado;16/02/2026 18:40 a;CEP CAU AGI;16/02/2026 19:57;CEP CAU AGI;4-Baja;Masiva;TEIDE_OSP_ICF
INC000003929531;Media;PRDIAS-26525 DJINGO // CONTROL ROOM // ERROR FUNCIONAL;Cerrado;16/02/2026 14:50 a;CEP CAU AGI;25/02/2026 12:23;DES_DJINGO;4-Baja;Masiva;TEIDE_OSP_ICF
INC000003929605;Media;[IP24] / FOUNDEVER SEVILLA / ERROR FUNCIONAL;Cerrado;16/02/2026 16:13 a;CEP CAU AGI;19/02/2026 0:40;DES_TEIDE;4-Baja;Masiva;TEIDE_OSP_ICF
INC000003929657;Media;CRM JAZZTEL // MEDELLIN // ERROR FUNCIONAL;Cerrado;17/02/2026 10:12 a;CEP CAU AGI;17/02/2026 15:23;CEP CAU AGI;4-Baja;Masiva;ATC_MADRID_MASIVO
INC000003929671;Alta;IP24 // DIGO // ERROR FUNCIONAL;Cerrado;17/02/2026 10:50 a;CEP CAU AGI;17/02/2026 14:08;SOP_TMC_BOREAL;1-Crítica;Masiva;FRONTOFFICE
INC000003929941;Media;IVR // CONTROL ROOM / ERROR FUNCIONAL;Cerrado;17/02/2026 8:56 a;CEP CAU AGI;17/02/2026 11:34;SOP_TECNICO_CALL_CENTER;4-Baja;Masiva;FRONTOFFICE
INC000003930148;Media;AGORA // ATAC JEREZ // ERROR FUNCIONAL;Cerrado;17/02/2026 11:35 a;CEP CAU AGI;18/02/2026 19:58;Soporte NPD;4-Baja;Masiva;MESA DE AYUDA GUADALAJARA
INC000003930170;Media;SIEBEL 7 // BOGOTA // ERROR FUNCIONAL;Cerrado;17/02/2026 13:44 a;CEP CAU AGI;17/02/2026 14:17;Soporte Siebel;4-Baja;Masiva;MESA DE AYUDA COLOMBIA
INC000003930190;Media;FICHA DE CLIENTE // KONECTA SEVILLA // ERROR FUNCIONAL;Cerrado;17/02/2026 15:04 a;CEP CAU AGI;23/02/2026 8:29;CEP CAU AGI;4-Baja;Masiva;CALLCENTER_KONECTA_SEVILLA
INC000003930266;Media;FICHA CLIENTE MM // BOGOTA // ERROR FUNCIONAL;Cerrado;17/02/2026 12:49 a;CEP CAU AGI;18/02/2026 8:46;DES_SOE_FDCMM;4-Baja;Masiva;MESA DE AYUDA COLOMBIA
INC000003930288;Media;PANGEA // ATAC JEREZ // ERROR FUNCIONAL;Cerrado;17/02/2026 14:12 a;CEP CAU AGI;05/03/2026 8:16;DES_SOE_PANGEA;4-Baja;Masiva;APL_CON_DESA_SERVICIO_ICF
INC000003930504;Media;[2026R1] AGORA // ATAC GUADALAJARA // ERROR FUNCIONAL;Cerrado;17/02/2026 12:18 a;CEP CAU AGI;23/02/2026 8:29;CEP CAU AGI;4-Baja;Masiva;NEG_PROVISION_PYME
INC000003930678;Alta;BSCS // DIGO MADRID // ERROR FUNCIONAL;Cerrado;18/02/2026 8:33 a;CEP CAU AGI;18/02/2026 10:06;SOP_TMC_BOREAL;2-Alta;Masiva;TEIDE_OSP_ICF
INC000003930891;Media;PACO // GUADALAJARA // SIN ACCESO;Cerrado;18/02/2026 10:44 a;CEP CAU AGI;23/02/2026 8:31;CEP CAU AGI;3-Medio;Masiva;MESA DE AYUDA GUADALAJARA
INC000003930945;Media;PRDIAS-26580 DEGRADACION // LIVEPERSON // SL3;Cerrado;18/02/2026 6:50 a;CEP CAU AGI;23/02/2026 12:04;DES_DJINGO;4-Baja;Masiva;SLN Teleperformance Medellin
INC000003931116;Media;ALTAIR / GUADALAJARA / ERROR FUNCIONAL;Cerrado;17/02/2026 21:07 a;CEP CAU AGI;23/02/2026 8:28;CEP CAU AGI;3-Medio;Masiva;MESA DE AYUDA GUADALAJARA
INC000003931739;Media;PRDIAS-26561 DJINGO // CONTROL ROOM // ERROR FUNCIONAL;Cerrado;18/02/2026 13:11 a;CEP CAU AGI;19/02/2026 12:10;SOP_DJINGO;4-Baja;Masiva;TEIDE_OSP_ICF
INC000003931931;Crítica;INDISPONIBILIDAD / OPENAPI / SL1;Cerrado;18/02/2026 12:37 a;SOP_TMC_APIGEE;18/02/2026 17:34;SOP_TMC_APIGEE;1-Crítica;Masiva;SOP_TMC_APIGEE
INC000003931939;Alta;DEGRADACIÓN // ALTITUDE // SL2;Cerrado;18/02/2026 13:00 a;CEP CAU AGI;20/02/2026 8:33;SOP_TECNICO_CALL_CENTER;3-Medio;Masiva;APL_CON_DESA_SERVICIO_ICF
INC000003932027;Media;FICHA DE CLIENTE // MAJOREL SALAMANCA // ERROR FUNCIONAL;Cerrado;18/02/2026 14:17 a;CEP CAU AGI;18/02/2026 19:30;CEP CAU AGI;3-Medio;Masiva;APL_CON_DESA_SERVICIO_ICF
INC000003932294;Alta;DEGRADACIÓN / CIRCUITO ULISES - MÁLAGA / SL2;Cerrado;19/02/2026 9:14 a;RTV-TECSE RED DATOS;20/02/2026 10:06;RTV-EXTERNAS RDC;2-Alta;Masiva;Operador (A.G.I.)
INC000003932297;Media;FICHA DE CLIENTE // KONECTA SEVILLA // ERROR FUNCIONAL;Cerrado;19/02/2026 9:20 a;CEP CAU AGI;24/02/2026 8:15;DES_SOE_FICHA;4-Baja;Masiva;CALLCENTER_KONECTA_SEVILLA
INC000003932942;Alta;DEGRADACION // IP24 // SL2;Cerrado;19/02/2026 11:27 a;CEP CAU AGI;23/02/2026 8:28;CEP CAU AGI;3-Medio;Masiva;TEIDE_OSP_ICF
INC000003932970;Crítica;Posible masiva provision process fail: Se ha producido un error.;Cerrado;19/02/2026 12:01 a;FRONTOFFICE;19/02/2026 12:47;SOP_TMC_SIGMA;3-Medio;Masiva;FRONTOFFICE
INC000003932988;Media;ACME APP JAZZTEL // MEDELLIN // ERROR FUNCIONAL;Cerrado;19/02/2026 12:35 a;CEP CAU AGI;27/02/2026 11:23;DES_SOE_MICROSJZ;4-Baja;Masiva;SLN Teleperformance Medellin
INC000003933250;Media;PANGEA // ATAC JEREZ // ERROR FUNCIONAL;Cerrado;19/02/2026 16:34 a;CEP CAU AGI;03/03/2026 8:01;DES_SOE_PANGEA;4-Baja;Masiva;MESA DE AYUDA GUADALAJARA
INC000003934139;Alta;DEGRADACION / IP24 / SL2;Cerrado;20/02/2026 9:46 a;CEP CAU AGI;24/02/2026 10:47;SOP_SMC_TEIDE;2-Alta;Masiva;NEG_PROVISION_PYME
INC000003934169;Media;AMON // LA FINCA // ERROR FUNCIONAL;Cerrado;20/02/2026 11:34 a;CEP CAU AGI;23/02/2026 14:17;DES_SOE_MICROSJZ;4-Baja;Masiva;DES_DSC
INC000003934366;Media;AGORA // ATAC JEREZ // ERROR FUNCIONAL;Cerrado;20/02/2026 12:21 a;CEP CAU AGI;09/03/2026 7:36;Soporte NPD;4-Baja;Masiva;MESA DE AYUDA GUADALAJARA
INC000003934373;Media;COGNITIVE // CONTROL ROOM ADI // SIN ACCESO;Cerrado;20/02/2026 13:01 a;CEP CAU AGI;20/02/2026 13:34;SOP_DJINGO;4-Baja;Masiva;SLN Arvato Salamanca
INC000003934539;Media;FICHA DE CLIENTE // FOUNDEVER// ERROR FUNCIONAL;Cerrado;20/02/2026 15:06 a;CEP CAU AGI;09/03/2026 8:13;CEP CAU AGI;3-Medio;Masiva;CALLCENTER_SITEL_SEVILLA
INC000003934541;Alta;DEGRADACION // ALTITUDE // SL2;Cerrado;20/02/2026 15:13 a;CEP CAU AGI;20/02/2026 17:59;SOP_TECNICO_CALL_CENTER;3-Medio;Masiva;SLN Arvato Salamanca
INC000003934779;Media;PRDIAS-26593 COGNITIVE // CONTROL ROOM ADI // ERROR FUNCIONAL;Cerrado;20/02/2026 15:26 a;CEP CAU AGI;23/02/2026 11:56;DES_DJINGO;4-Baja;Masiva;SLN Arvato Salamanca
INC000003934859;Media;IP24 // ATAC JEREZ // ERROR FUNCIONAL;Cerrado;21/02/2026 14:03 a;CEP CAU AGI;21/02/2026 17:20;SOP_SMC_SIGMA;4-Baja;Masiva;MESA DE AYUDA GUADALAJARA
INC000003934960;Media;ALTAIR //  // ERROR FUNCIONAL;Cerrado;21/02/2026 14:47 a;CEP CAU AGI;21/02/2026 20:37;CEP CAU AGI;3-Medio;Masiva;MESA DE AYUDA GUADALAJARA
INC000003934962;Alta;FICHA CLIENTE MM // MEDELLIN // ERROR FUNCIONAL;Cerrado;21/02/2026 15:36 a;CEP CAU AGI;21/02/2026 17:19;SOP_SMC_SIGMA;3-Medio;Masiva;FRONTOFFICE
INC000003935179;Crítica;INDISPONIBILIDAD / CAMPAÑAS RENOVES Y ALTAS / SL1;Cerrado;23/02/2026 10:17 a;CEP CAU AGI;23/02/2026 14:24;APL_MOV_CERES;1-Crítica;Masiva;CALLCENTER_TRANSCOM_LEON
INC000003936129;Media;AURORA / GUADALAJARA / ERROR FUNCIONAL;Cerrado;23/02/2026 11:26 a;CEP CAU AGI;24/02/2026 8:12;SOP_SMC_AURORA;4-Baja;Masiva;MESA DE AYUDA GUADALAJARA
INC000003936825;Media;AGORA // ATAC JEREZ // ERROR FUNCIONAL;Cerrado;23/02/2026 16:56 a;CEP CAU AGI;25/02/2026 9:53;SOP_SAP_LO;4-Baja;Masiva;MESA DE AYUDA GUADALAJARA
INC000003936944;Media;FICHA CLIENTE MM // MAJOREL SALAMANCA // ERROR FUNCIONAL;Cerrado;23/02/2026 17:04 a;CEP CAU AGI;23/02/2026 17:52;APL_MOV_SOE;4-Baja;Masiva;SLN Arvato Salamanca
INC000003936988;Media;FICHA DE CLIENTE // KONECTA SEVILLA / ERROR FUNCIONAL;Cerrado;24/02/2026 8:47 a;CEP CAU AGI;24/02/2026 10:02;APL_MOV_SOE;4-Baja;Masiva;CALLCENTER_KONECTA_SEVILLA
INC000003937195;Media;FICHA DE CLIENTE // MAJOREL SALAMANCA // ERROR FUNCIONAL;Cerrado;24/02/2026 11:05 a;CEP CAU AGI;24/02/2026 13:18;APL_MOV_SOE;3-Medio;Masiva;APL_CON_DESA_SERVICIO_ICF
INC000003937602;Media;IVR / CONTROL ROOM / ERROR FUNCIONAL;Cerrado;24/02/2026 9:39 a;CEP CAU AGI;24/02/2026 10:47;SOP_TECNICO_CALL_CENTER;4-Baja;Masiva;TEIDE_OSP_ICF
INC000003937781;Media;undefined()[ASNEF] en el webservice registerSubscriber;Cerrado;24/02/2026 16:33 a;FRONTOFFICE;25/02/2026 12:28;Soporte Scoring;3-Medio;Masiva;FRONTOFFICE
INC000003937793;Crítica;INDISPONIBILIDAD // CTI // SL1;Cerrado;24/02/2026 16:28 a;CEP CAU AGI;25/02/2026 8:15;CEP CAU AGI;1-Crítica;Masiva;FRONTOFFICE
INC000003937804;Media;PRDIAS-26642 LIVEPERSON // MEDELLIN // ERROR FUNCIONAL;Cerrado;24/02/2026 11:27 a;CEP CAU AGI;02/03/2026 7:30;DES_DJINGO;4-Baja;Masiva;ATC_MADRID_MASIVO
INC000003937856;Media;PRDIAS-26636 LIVEPERSON // BOGOTA // ERROR FUNCIONAL;Cerrado;24/02/2026 14:32 a;CEP CAU AGI;02/03/2026 6:57;CEP CAU AGI;4-Baja;Masiva;MESA DE AYUDA COLOMBIA
INC000003937901;Media;PRDIAS-26637 LIVEPERSON / BOGOTA / ERROR FUNCIONAL;Cerrado;24/02/2026 12:20 a;CEP CAU AGI;02/03/2026 7:31;DES_DJINGO;3-Medio;Masiva;MESA DE AYUDA COLOMBIA
INC000003937941;Media;LIVEPERSON / MEDELLIN / ERROR FUNCIONAL;Cerrado;24/02/2026 14:36 a;CEP CAU AGI;24/02/2026 15:42;SOP_DJINGO;3-Medio;Masiva;SLN Teleperformance Medellin
INC000003938595;Media;A-ALTITUDE // MAJOREL JEREZ // SIN ACCESO;Cerrado;25/02/2026 10:39 a;CEP CAU AGI;02/03/2026 6:57;CEP CAU AGI;4-Baja;Masiva;APL_CON_DESA_SERVICIO_ICF
INC000003939028;Media;ALTITUDE // KONECTA SEVILLA // SIN ACCESO;Cerrado;25/02/2026 10:29 a;CEP CAU AGI;02/03/2026 6:56;CEP CAU AGI;4-Baja;Masiva;CALLCENTER_KONECTA_SEVILLA
INC000003939286;Media;CERES // OEST // ERROR FUNCIONAL;Cerrado;25/02/2026 16:10 a;CEP CAU AGI;25/02/2026 22:23;CEP CAU AGI;3-Medio;Masiva;OEST - SL
INC000003939302;Crítica;DEGRADACIÓN / ITX OCI GCP ULI-MEN / SL1;Cerrado;25/02/2026 12:25 a;RTV-TECSE RED DATOS;25/02/2026 12:47;GNOC;2-Alta;Masiva;Operador (A.G.I.)
INC000003939595;Media;GED // MAJOREL SALAMANCA // SIN ACCESO;Cerrado;26/02/2026 9:54 a;CEP CAU AGI;02/03/2026 6:58;CEP CAU AGI;3-Medio;Masiva;APL_CON_DESA_SERVICIO_ICF
INC000003939620;Media;PRDIAS-26659 LIVEPERSON // MAJOREL JEREZ // ERROR FUNCIONAL;Cerrado;25/02/2026 14:59 a;CEP CAU AGI;02/03/2026 7:32;DES_DJINGO;4-Baja;Masiva;APL_CON_DESA_SERVICIO_ICF
INC000003939647;Media;IP24 // MADRID // ERROR FUNCIONAL;Cerrado;25/02/2026 16:27 a;CEP CAU AGI;30/03/2026 9:19;CEP CAU AGI;4-Baja;Masiva;EDS_MTO
INC000003939663;Media;FICHA DE CLIENTE // SALAMANCA // ERROR FUNCIONAL;Cerrado;25/02/2026 16:57 a;CEP CAU AGI;09/03/2026 8:13;CEP CAU AGI;3-Medio;Masiva;SLN Arvato Salamanca
INC000003939700;Media;"Posible masiva provision process fail: "" No encuentra el EJB en el Contexto del Servidor”";Cerrado;26/02/2026 5:12 a;FRONTOFFICE;26/02/2026 8:47;GC MIDDLEWARE;3-Medio;Masiva;FRONTOFFICE
INC000003939851;Media;IP24 // GUADALAJARA // LENTITUD;Cerrado;26/02/2026 9:32 a;CEP CAU AGI;02/03/2026 6:58;CEP CAU AGI;4-Baja;Masiva;NEG_PROVISION_PYME
INC000003939862;Media;FICHA DE CLIENTE // GUADALAJARA // LENTITUD;Cerrado;26/02/2026 10:07 a;CEP CAU AGI;02/03/2026 6:59;CEP CAU AGI;3-Medio;Masiva;MESA DE AYUDA GUADALAJARA
INC000003939884;Media;LIVEPERSON / KONECTA SEVILLA / ERROR FUNCIONAL;Cerrado;26/02/2026 11:02 a;CEP CAU AGI;02/03/2026 6:55;CEP CAU AGI;3-Medio;Masiva;CALLCENTER_KONECTA_SEVILLA
INC000003939984;Media;DJINGO / CONTROL ROOM / ERROR FUNCIONAL;Cerrado;26/02/2026 10:32 a;CEP CAU AGI;26/02/2026 14:27;Atlas_Soporte_Linux_Vmware;4-Baja;Masiva;TEIDE_OSP_ICF
INC000003939996;Crítica;INDISPONIBILIDAD /OPEN COBROS /SL1;Cerrado;26/02/2026 10:52 a;CEP CAU AGI;28/02/2026 0:11;COBROS Y RECOBROS - CONTROL;1-Crítica;Masiva;CALLCENTER_SITEL_SEVILLA
INC000003940337;Media;ALTITUDE // MAJOREL SALAMANCA // ERROR FUNCIONAL;Cerrado;26/02/2026 10:17 a;CEP CAU AGI;26/02/2026 16:37;CEP CAU AGI;4-Baja;Masiva;APL_CON_DESA_SERVICIO_ICF
INC000003940361;Media;COCO // ISGF MADRID // LENTITUD;Cerrado;26/02/2026 11:11 a;CEP CAU AGI;26/02/2026 12:53;Control de Consumo;4-Baja;Masiva;SLN ISGF Murcia
INC000003940605;Crítica;DEGRADACIÓN / ACTOS COMERCIALES / SL1;Cerrado;26/02/2026 10:15 a;CEP CAU AGI;02/03/2026 6:55;CEP CAU AGI;1-Crítica;Masiva;TEIDE_OSP_ICF
INC000003940693;Alta;DEGRADACION // IP24 // SL2;Cerrado;26/02/2026 15:13 a;CEP CAU AGI;02/03/2026 7:00;CEP CAU AGI;3-Medio;Masiva;TEIDE_OSP_ICF
INC000003940717;Media;FICHA CLIENTE MM // BOGOTA // ERROR FUNCIONAL;Cerrado;26/02/2026 11:38 a;CEP CAU AGI;02/03/2026 6:55;CEP CAU AGI;4-Baja;Masiva;MESA DE AYUDA COLOMBIA
INC000003940952;Alta;DEGRADACION // FICHA DE CLIENTE // SL2;Cerrado;26/02/2026 15:12 a;CEP CAU AGI;02/03/2026 6:54;CEP CAU AGI;1-Crítica;Masiva;CALLCENTER_KONECTA_SEVILLA
INC000003940978;Alta;ALTITUDE / MAJOREL JEREZ / NO ACCESO;Cerrado;26/02/2026 15:48 a;CEP CAU AGI;26/02/2026 16:52;SOP_TECNICO_CALL_CENTER;3-Medio;Masiva;APL_CON_DESA_SERVICIO_ICF
INC000003941026;Media;GESTOCK // ATAC JEREZ // ERROR FUNCIONAL;Cerrado;26/02/2026 13:56 a;CEP CAU AGI;26/02/2026 18:08;GC MIDDLEWARE;3-Medio;Masiva;APL_CON_DESA_SERVICIO_ICF
INC000003941209;Alta;ALTAIR Error Funcional;Cerrado;26/02/2026 15:22 a;FRONTOFFICE;26/02/2026 17:21;Fijo Activacion LUNA;2-Alta;Masiva;Integraciones
INC000003941307;Media;IVR // SAN FERNANDO // ERROR FUNCIONAL;Cerrado;26/02/2026 16:08 a;CEP CAU AGI;02/03/2026 6:54;CEP CAU AGI;4-Baja;Masiva;USU_COBROS
INC000003941367;Media;FICHA CLIENTE // ISGF MURCIA // ERROR FUNCIONAL;Cerrado;27/02/2026 9:04 a;CEP CAU AGI;27/02/2026 9:44;SOP_BSS_JAZZTEL;4-Baja;Masiva;SLN ISGF Murcia
INC000003941520;Media;IVR // ISGF MURCIA // ERROR FUNCIONAL;Cerrado;26/02/2026 20:18 a;CEP CAU AGI;28/02/2026 12:01;SOP_NABOO;4-Baja;Masiva;SLN ISGF Murcia
INC000003941554;Media;LIVEPERSON // SALAMANCA // ERROR FUNCIONAL;Cerrado;27/02/2026 9:38 a;CEP CAU AGI;27/02/2026 13:22;DES_ASISTENTE;3-Medio;Masiva;SLN Arvato Salamanca
INC000003941556;Media;IP24 // ATAC GUADALAJARA // ERROR FUNCIONAL;Cerrado;27/02/2026 9:42 a;CEP CAU AGI;09/03/2026 8:12;CEP CAU AGI;4-Baja;Masiva;NEG_PROVISION_PYME
INC000003941572;Media;IP24 // ATAC SALAMANCA // ERROR FUNCIONAL;Cerrado;27/02/2026 10:55 a;CEP CAU AGI;02/03/2026 13:31;CEP CAU AGI;4-Baja;Masiva;NEG_PROVISION_PYME
INC000003941601;Media;LIVEPERSON // COLOMBIA // ERROR FUNCIONAL;Cerrado;26/02/2026 20:22 a;CEP CAU AGI;02/03/2026 6:53;CEP CAU AGI;3-Medio;Masiva;MESA DE AYUDA COLOMBIA
INC000003941608;Media;LIVEPERSON // TANGER // ERROR FUNCIONAL;Cerrado;27/02/2026 8:28 a;CEP CAU AGI;27/02/2026 13:15;SOP_ASISTENTE;3-Medio;Masiva;CALLCENTER_KONECTA_SEVILLA
INC000003942148;Media;PRDIAS-26693 DJINGO // CONTROL ROOM // ERROR FUNCIONAL;Cerrado;27/02/2026 14:17 a;CEP CAU AGI;02/03/2026 13:54;DES_DJINGO;4-Baja;Masiva;TEIDE_OSP_ICF
INC000003942183;Media;PRDIAS-26691 LIVEPERSON // TELEPERFORMANCE MEDELLÍN // ERROR FUNCIONAL;Cerrado;27/02/2026 17:25 a;CEP CAU AGI;09/03/2026 8:12;CEP CAU AGI;3-Medio;Masiva;SLN Teleperformance Medellin
INC000003942205;Media;INYECTORES // GUADALAJARA // ERROR FUNCIONAL;Cerrado;27/02/2026 12:28 a;CEP CAU AGI;06/03/2026 12:17;CEP CAU AGI;3-Medio;Masiva;EDS_MTO
INC000003942289;Media;PRDIAS-26692 LIVEPERSON // CONTROL ROOM // ERROR FUNCIONAL;Cerrado;28/02/2026 17:25 a;CEP CAU AGI;02/03/2026 14:58;DES_DJINGO;4-Baja;Masiva;TEIDE_OSP_ICF
INC000003942426;Alta;DEGRADACION // ALTITUDE // SL2;Cerrado;27/02/2026 15:13 a;CEP CAU AGI;02/03/2026 6:53;CEP CAU AGI;2-Alta;Masiva;TEIDE_OSP_ICF
INC000003942445;Media;FICHA DE CLIENTE // LEÓN // ERROR FUNCIONAL;Cerrado;27/02/2026 17:53 a;CEP CAU AGI;10/03/2026 11:49;APL_MOV_SOE;3-Medio;Masiva;CALLCENTER_TRANSCOM_LEON
INC000003942461;Alta;A-DEGRADACION/BARCELONA-ULISES/SL2;Cerrado;01/03/2026 1:32 a;RTV-TECSE RED DATOS;02/03/2026 18:50;RTV-EXTERNAS RDC;2-Alta;Masiva;Operador (A.G.I.)
INC000003942462;Alta;DEGRADACION/ALTAIR/SL2;Cerrado;01/03/2026 10:22 a;CEP CAU AGI;01/03/2026 13:58;CEP CAU AGI;2-Alta;Masiva;TEIDE_OSP_ICF
INC000003942526;Media;CERES // SALAMANCA // ERROR FUNCIONAL;Cerrado;27/02/2026 21:11 a;CEP CAU AGI;28/02/2026 10:56;CEP CAU AGI;3-Medio;Masiva;SLN Arvato Salamanca
INC000003942534;Media;// TWW LEÓN // ERROR FUNCIONAL;Cerrado;28/02/2026 15:02 a;CEP CAU AGI;28/02/2026 16:24;SOP_TECNICO_CALL_CENTER;4-Baja;Masiva;CALLCENTER_TRANSCOM_LEON
INC000003942798;Alta;DEGRADACION // IP24 // SL2;Cerrado;02/03/2026 10:51 a;CEP CAU AGI;02/03/2026 12:05;APL_MOV_CERES;2-Alta;Masiva;MESA DE AYUDA GUADALAJARA
INC000003943812;Media;PRDIAS-26669 LIVEPERSON // ADI CONSULTING // ERROR FUNCIONAL;Cerrado;02/03/2026 9:16 a;CEP CAU AGI;02/03/2026 13:27;DES_ASISTENTE;3-Medio;Masiva;SLN Arvato Salamanca
INC000003943850;Media;FICHA DE CLIENTE / GUADALAJARA / LENTITUD;Cerrado;02/03/2026 11:08 a;CEP CAU AGI;02/03/2026 14:27;APL_MOV_CERES;3-Medio;Masiva;MESA DE AYUDA GUADALAJARA
INC000003943891;Media;IP24 // FOUNDEVER SEVILLA // ERROR FUNCIONAL;Cerrado;02/03/2026 13:32 a;CEP CAU AGI;03/03/2026 8:35;CEP CAU AGI;4-Baja;Masiva;TEIDE_OSP_ICF
INC000003943942;Media;FICHA DE CLIENTE // MEDELLIN // ERROR FUNCIONAL;Cerrado;02/03/2026 12:29 a;CEP CAU AGI;02/03/2026 18:07;TEIDE_OSP_Soporte_Tecnico;2-Alta;Masiva;SLN Teleperformance Medellin
INC000003944276;Alta;INDISPONIBILIDAD/ALTITUDE/SL2;Cerrado;02/03/2026 14:03 a;CEP CAU AGI;02/03/2026 15:00;SOP_TECNICO_CALL_CENTER;2-Alta;Masiva;OEST - SL
INC000003944317;Media;TEIDE // ISGF MURCIA // ERROR FUNCIONAL;Cerrado;02/03/2026 14:17 a;TEIDE_OSP_Soporte_Tecnico;05/03/2026 4:54;SOP_SMC_AURORA;4-Baja;Masiva;SLN ISGF Murcia
INC000003944335;Media;ALTITUDE // MARKTEL VALENCIA // ERROR FUNCIONAL;Cerrado;02/03/2026 15:40 a;CEP CAU AGI;02/03/2026 16:44;SOP_TECNICO_CALL_CENTER;4-Baja;Masiva;SLN Marktel Valencia
INC000003944583;Alta;Degradación / caída FW Torrejon FWEN1-SMAD65 /SL2;Cerrado;03/03/2026 6:59 a;RTV-TECSE RED DATOS;03/03/2026 7:23;Operador (A.G.I.);2-Alta;Masiva;Operador (A.G.I.)
INC000003944638;Media;PANGEA // ATAC JEREZ // ERROR FUNCIONAL;Cerrado;02/03/2026 17:41 a;CEP CAU AGI;02/03/2026 19:34;CEP CAU AGI;4-Baja;Masiva;MESA DE AYUDA GUADALAJARA
INC000003944642;Media;TPV // ISGF MURCIA // ERROR FUNCIONAL;Cerrado;02/03/2026 18:46 a;CEP CAU AGI;02/03/2026 19:24;CEP CAU AGI;3-Medio;Masiva;SLN ISGF Murcia
INC000003945455;Media;CRM JAZZTEL / MEDELLIN / ERROR FUNCIONAL;Cerrado;03/03/2026 13:21 a;CEP CAU AGI;03/03/2026 13:53;SOP_BSS_JAZZTEL;4-Baja;Masiva;ATC_MADRID_MASIVO
INC000003945810;Media;ALTITUDE // SALAMANCA // ERROR FUNCIONAL;Cerrado;03/03/2026 14:45 a;CEP CAU AGI;06/03/2026 8:37;SOP_TECNICO_CALL_CENTER;4-Baja;Masiva;APL_CON_DESA_SERVICIO_ICF
INC000003945813;Media;LIVEPERSON / MEDELLIN / ERROR FUNCIONAL;Cerrado;03/03/2026 15:05 a;CEP CAU AGI;03/03/2026 15:55;SOP_LIVEPERSON;3-Medio;Masiva;ATC_MADRID_MASIVO
INC000003945836;Media;PANGEA // JAZZTEL DISTRIBUCION // ERROR FUNCIONAL;Cerrado;03/03/2026 18:19 a;CEP CAU AGI;12/03/2026 16:00;SOP_BSS_JAZZTEL;4-Baja;Masiva;PROC_CAD
INC000003945852;Media;LIVEPERSON // OEST OVIEDO // ERROR FUNCIONAL;Cerrado;03/03/2026 21:51 a;CEP CAU AGI;03/03/2026 22:34;SOP_TMC_FDCS;3-Medio;Masiva;OEST - SL
INC000003946009;Media;PRDIAS-26849 DJINGO // CONTROL ROOM // ERROR FUNCIONAL;Cerrado;03/03/2026 16:13 a;CEP CAU AGI;11/03/2026 12:20;DES_DJINGO;3-Medio;Masiva;FRONTOFFICE
INC000003946044;Alta;DEGRADACION / FICHA DE CLIENTE / SL2;Cerrado;03/03/2026 21:31 a;CEP CAU AGI;03/03/2026 22:34;SOP_TMC_FDCS;1-Crítica;Masiva;MESA DE AYUDA GUADALAJARA
INC000003946104;Media;ACME APP ORANGE // MAJOREL JEREZ  // ERROR FUNCIONAL;Cerrado;03/03/2026 17:35 a;CEP CAU AGI;19/03/2026 12:10;DES_KRATOS;4-Baja;Masiva;APL_CON_DESA_SERVICIO_ICF
INC000003946598;Media;PRDIAS-26859 LIVEPERSON // MEDELLIN // ERROR FUNCIONAL;Cerrado;04/03/2026 16:52 a;CEP CAU AGI;09/03/2026 8:12;CEP CAU AGI;4-Baja;Masiva;ATC_MADRID_MASIVO
INC000003946722;Alta;DEGRADACION / FICHA DE CLIENTE / SL2;Cerrado;04/03/2026 12:20 a;CEP CAU AGI;09/03/2026 8:15;CEP CAU AGI;1-Crítica;Masiva;CALLCENTER_TRANSCOM_LEON
INC000003946735;Media;ALTITUDE // MEDELLIN // ERROR FUNCIONAL;Cerrado;04/03/2026 13:17 a;CEP CAU AGI;09/03/2026 8:12;CEP CAU AGI;4-Baja;Masiva;ATC_MADRID_MASIVO
INC000003946824;Alta;INDISPONIBILIDAD / CRM JAZZTEL / SL2;Cerrado;04/03/2026 13:10 a;CEP CAU AGI;09/03/2026 8:11;CEP CAU AGI;2-Alta;Masiva;SLN Marktel Valencia
INC000003946879;Media;FICHA DE CLIENTE // SALAMANCA / ERROR FUNCIONAL;Cerrado;04/03/2026 19:03 a;CEP CAU AGI;09/03/2026 8:10;CEP CAU AGI;4-Baja;Masiva;SLN Arvato Salamanca
INC000003946904;Media;HOW / MAJOREL SALAMANCA / ERROR FUNCIONAL;Cerrado;04/03/2026 11:47 a;CEP CAU AGI;16/03/2026 9:00;CEP CAU AGI;3-Medio;Masiva;APL_CON_DESA_SERVICIO_ICF
INC000003946976;Crítica;INDISPONIBILIDAD / IP24 / SL1;Cerrado;04/03/2026 18:45 a;CEP CAU AGI;09/03/2026 8:10;CEP CAU AGI;1-Crítica;Masiva;OEST - SL
INC000003946979;Media;PANGEA // ATAC JEREZ // LENTITUD;Cerrado;04/03/2026 19:53 a;CEP CAU AGI;04/03/2026 20:29;CEP CAU AGI;4-Baja;Masiva;APL_CON_DESA_SERVICIO_ICF
INC000003947232;Media;LUNA // GUADALAJARA // ERROR FUNCIONAL;Cerrado;05/03/2026 8:09 a;CEP CAU AGI;09/03/2026 8:10;CEP CAU AGI;3-Medio;Masiva;MESA DE AYUDA GUADALAJARA
INC000003947272;Media;PRDIAS-26886  LIVEPERSON // KONECTA TANGER // ERROR FUNCIONAL;Cerrado;05/03/2026 10:45 a;CEP CAU AGI;09/03/2026 8:10;CEP CAU AGI;3-Medio;Masiva;CALLCENTER_KONECTA_SEVILLA
INC000003947550;Crítica;DEGRADACION / CRM JAZZTEL / SL1;Cerrado;05/03/2026 11:10 a;CEP CAU AGI;09/03/2026 8:09;CEP CAU AGI;2-Alta;Masiva;SLN Marktel Valencia
INC000003947593;Media;DJINGO / CONTROL ROOM / ERROR FUNCIONAL;Cerrado;05/03/2026 13:14 a;CEP CAU AGI;05/03/2026 14:51;SOP_DJINGO;4-Baja;Masiva;TEIDE_OSP_ICF
INC000003947596;Alta;DEGRADACION / BSCS / SL2;Cerrado;05/03/2026 13:27 a;CEP CAU AGI;09/03/2026 8:15;CEP CAU AGI;2-Alta;Masiva;TEIDE_OSP_ICF
INC000003947687;Media;[IP24] / ATAC GUADALAJARA / ERROR FUNCIONAL;Cerrado;05/03/2026 14:34 a;CEP CAU AGI;09/03/2026 8:08;CEP CAU AGI;4-Baja;Masiva;NEG_PROVISION_PYME
INC000003947920;Crítica;DEGRADACION / FICHA DE CLIENTE / SL1;Cerrado;05/03/2026 10:21 a;CEP CAU AGI;09/03/2026 8:07;CEP CAU AGI;1-Crítica;Masiva;MESA DE AYUDA GUADALAJARA
INC000003948221;Media;FICHA DE CLIENTE // SALAMANCA // ERROR FUNCIONAL;Cerrado;05/03/2026 14:47 a;CEP CAU AGI;09/03/2026 8:11;CEP CAU AGI;3-Medio;Masiva;APL_CON_DESA_SERVICIO_ICF
INC000003948234;Media;LIVEPERSON // MEDELLIN // ERROR FUNCIONAL;Cerrado;05/03/2026 15:19 a;CEP CAU AGI;09/03/2026 8:11;CEP CAU AGI;4-Baja;Masiva;ATC_MADRID_MASIVO
INC000003948235;Media;SIEBEL 7 / ATAC JEREZ / ERROR FUNCIONAL;Cerrado;05/03/2026 15:21 a;CEP CAU AGI;16/03/2026 9:00;CEP CAU AGI;4-Baja;Masiva;APL_CON_DESA_SERVICIO_ICF
INC000003948272;Alta;Degradacion/Servidores con acceso a Internet/SL2;Cerrado;05/03/2026 17:42 a;RTV-TECSE RED DATOS;05/03/2026 18:33;RTV-TECSE RED DATOS;2-Alta;Masiva;Operador (A.G.I.)
INC000003948514;Media;LIVEPERSON // BOGOTA // ERROR FUNCIONAL;Cerrado;05/03/2026 16:54 a;CEP CAU AGI;09/03/2026 8:07;CEP CAU AGI;3-Medio;Masiva;MESA DE AYUDA COLOMBIA
INC000003948571;Media;FICHA DE CLIENTE // ISGF MURCIA // ERROR FUNCIONAL;Cerrado;06/03/2026 10:18 a;CEP CAU AGI;10/03/2026 10:36;DES_SOE_FICHA;3-Medio;Masiva;SLN ISGF Murcia
INC000003948577;Alta;INDISPONIBILIDAD / IP24 / SL2;Cerrado;06/03/2026 10:26 a;CEP CAU AGI;09/03/2026 8:07;CEP CAU AGI;2-Alta;Masiva;SLN Marktel Valencia
INC000003949037;Crítica;INDISPONIBILIDAD/TEIDE/SL1;Cerrado;06/03/2026 11:30 a;TEIDE_OSP_Soporte_Tecnico;06/03/2026 17:42;Atlas_Soporte_Linux_Vmware;1-Crítica;Masiva;Operador (A.G.I.)
INC000003949109;Media;APP MI ORANGE // KONECTA SEVILLA // ERROR FUNCIONAL;Cerrado;06/03/2026 9:07 a;CEP CAU AGI;09/03/2026 8:07;CEP CAU AGI;3-Medio;Masiva;CALLCENTER_KONECTA_SEVILLA
INC000003949114;Media;FICHA DE CLIENTE / OEST OVIEDO / ERROR FUNCIONAL;Cerrado;06/03/2026 9:35 a;CEP CAU AGI;10/03/2026 9:52;CEP CAU AGI;4-Baja;Masiva;OEST - SL
INC000003949458;Media;FICHA DE CLIENTE // ISGF MURCIA // ERROR FUNCIONAL;Cerrado;06/03/2026 14:13 a;CEP CAU AGI;09/03/2026 10:36;NEG_CAMP_CERES;3-Medio;Masiva;SLN ISGF Murcia
INC000003949499;Crítica;INDISPONIBILIDAD / PSERIES POWER9 / SL1;Cerrado;07/03/2026 13:09 a;RTV-TECSE RED DATOS;08/03/2026 6:00;Atlas_Soporte_Unix;1-Crítica;Masiva;Operador (A.G.I.)
INC000003949548;Media;PANGEA / ATAC JEREZ / ERROR FUNCIONAL;Cerrado;06/03/2026 14:19 a;CEP CAU AGI;01/04/2026 13:25;DES_SOE_PANGEA;4-Baja;Masiva;APL_CON_DESA_SERVICIO_ICF
INC000003949550;Media;PANGEA // ATAC SALAMANCA // ERROR FUNCIONAL;Cerrado;06/03/2026 14:29 a;CEP CAU AGI;31/03/2026 11:26;SOP_NABOO;4-Baja;Masiva;NEG_PROVISION_PYME
INC000003949562;Media;FICHA DE CLIENTE // BOSCH VIGO PONTEVEDRA // ERROR FUNCIONAL;Cerrado;06/03/2026 16:53 a;CEP CAU AGI;09/03/2026 8:06;CEP CAU AGI;4-Baja;Masiva;TEIDE_OSP_ICF
INC000003949582;Alta;DEGRADACIÓN / ESX AOTLXPRVIN10214 / SL2;Cerrado;06/03/2026 22:23 a;RTV-TECSE RED DATOS;10/03/2026 9:45;Atlas_Soporte_Linux_Vmware;2-Alta;Masiva;Operador (A.G.I.)
INC000003949717;Media;PRDIAS-26925  LIVEPERSON // MEDELLÍN // ERROR FUNCIONAL;Cerrado;06/03/2026 17:03 a;CEP CAU AGI;23/03/2026 7:29;CEP CAU AGI;3-Medio;Masiva;ATC_MADRID_MASIVO
INC000003949758;Media;ACME APP ORANGE // MEDELLIN // ERROR FUNCIONAL;Cerrado;07/03/2026 17:27 a;CEP CAU AGI;07/03/2026 20:23;CEP CAU AGI;3-Medio;Masiva;SLN Teleperformance Medellin
INC000003949791;Media;CERES // TWW LEON // ERROR FUNCIONAL;Cerrado;09/03/2026 9:20 a;CEP CAU AGI;09/03/2026 9:51;NEG_CAMP_CERES;3-Medio;Masiva;USU_COBROS
INC000003950078;Media;ALTITUDE // SALAMANCA // ERROR FUNCIONAL;Cerrado;09/03/2026 11:11 a;CEP CAU AGI;16/03/2026 16:16;CEP CAU AGI;4-Baja;Masiva;TEIDE_OSP_ICF
INC000003950540;Alta;DEGRADACIÓN / CERES / SL2;Cerrado;09/03/2026 9:37 a;CEP CAU AGI;09/03/2026 13:28;NEG_CAMP_CERES;3-Medio;Masiva;MESA DE AYUDA GUADALAJARA
INC000003950802;Media;XNET // GUADALAJARA // ERROR FUNCIONAL;Cerrado;07/03/2026 21:08 a;CEP CAU AGI;09/03/2026 19:06;CEP CAU AGI;4-Baja;Masiva;MESA DE AYUDA GUADALAJARA
INC000003950814;Media;SIEBEL 7 // LA FINCA // ERROR FUNCIONAL;Cerrado;09/03/2026 8:02 a;CEP CAU AGI;16/03/2026 9:02;CEP CAU AGI;4-Baja;Masiva;Soporte CCA
INC000003951551;Media;PRDIAS-26935  LIVEPERSON // MEDELLIN // ERROR FUNCIONAL;Cerrado;09/03/2026 12:10 a;CEP CAU AGI;09/03/2026 15:08;DES_ASISTENTE;3-Medio;Masiva;SLN Teleperformance Medellin
INC000003951591;Media;PANGEA / ATAC JEREZ / LENTITUD;Cerrado;09/03/2026 14:06 a;CEP CAU AGI;09/03/2026 16:14;APL_MOV_SOE;4-Baja;Masiva;APL_CON_DESA_SERVICIO_ICF
INC000003951818;Media;FICHA DE CLIENTE // TLP MEDELLÍN // ERROR FUNCIONAL;Cerrado;09/03/2026 14:05 a;CEP CAU AGI;10/03/2026 13:43;CEP CAU AGI;4-Baja;Masiva;SLN Teleperformance Medellin
INC000003951820;Media;WEB DE COMPROBANTES // TWW LEON // ERROR FUNCIONAL;Cerrado;09/03/2026 14:13 a;CEP CAU AGI;09/03/2026 15:07;SOP_MOV_COMPROBANTES_TIENDAS;4-Baja;Masiva;CALLCENTER_TRANSCOM_LEON
INC000003951839;Media;HESMS / CONTROL ROOM / ERROR FUNCIONAL;Cerrado;09/03/2026 16:23 a;CEP CAU AGI;09/03/2026 17:49;Tecnología;4-Baja;Masiva;TEIDE_OSP_ICF
INC000003951860;Media;IVR / CONTROL ROOM / ERROR FUNCIONAL;Cerrado;09/03/2026 19:10 a;CEP CAU AGI;10/03/2026 13:40;SOP_TECNICO_CALL_CENTER;4-Baja;Masiva;TEIDE_OSP_ICF
INC000003952034;Media;FICHA DE CLIENTE / KONECTA SEVILLA / SIN ACCESO;Cerrado;09/03/2026 17:10 a;CEP CAU AGI;16/03/2026 13:26;APL_MOV_SOE;3-Medio;Masiva;CALLCENTER_KONECTA_SEVILLA
INC000003952039;Media;CERES / OEST OVIEDO / ERROR FUNCIONAL;Cerrado;09/03/2026 17:43 a;CEP CAU AGI;09/03/2026 19:18;CEP CAU AGI;3-Medio;Masiva;OEST - SL
INC000003952070;Media;FICHA DE CLIENTE // LA FINCA // ERROR FUNCIONAL;Cerrado;10/03/2026 7:33 a;CEP CAU AGI;07/05/2026 17:25;SOPORTE N1 CSO;3-Medio;Masiva;Soporte CCA
INC000003952110;Media;FICHA DE CLIENTE / MALAGA / ERROR FUNCIONAL;Cerrado;09/03/2026 14:58 a;CEP CAU AGI;10/03/2026 13:44;CEP CAU AGI;4-Baja;Masiva;TEIDE_OSP_ICF
INC000003952135;Media;FICHA DE CLIENTE / ISGF MURCIA / ERROR FUNCIONAL;Cerrado;09/03/2026 16:14 a;CEP CAU AGI;28/04/2026 11:17;APL_MOV_SOE;4-Baja;Masiva;SLN ISGF Murcia
INC000003952161;Media;[IP24] /  ATAC JEREZ / LENTITUD;Cerrado;09/03/2026 19:35 a;CEP CAU AGI;09/03/2026 21:21;TEIDE_OSP_Soporte_Tecnico;4-Baja;Masiva;APL_CON_DESA_SERVICIO_ICF
INC000003952755;Media;IP24 // ISGF MURCIA // ERROR FUNCIONAL;Cerrado;10/03/2026 13:54 a;CEP CAU AGI;10/03/2026 14:44;SOP_SMC_AURORA;4-Baja;Masiva;FRONTOFFICE
INC000003952762;Media;SIEBEL 7 // PROVISION ALICANTE // ERROR FUNCIONAL;Cerrado;10/03/2026 14:23 a;CEP CAU AGI;16/03/2026 9:03;CEP CAU AGI;4-Baja;Masiva;NEG_PROV_ORANGE
INC000003952808;Media;PEOPLESOFT // MADRID // ERROR FUNCIONAL;Cerrado;10/03/2026 10:58 a;CEP CAU AGI;20/03/2026 14:31;CEP CAU AGI;4-Baja;Masiva;TEIDE_OSP_ICF
INC000003952895;Media;FICHA CLIENTE MM / BOGOTA / ERROR FUNCIONAL;Cerrado;10/03/2026 17:19 a;CEP CAU AGI;16/03/2026 9:03;CEP CAU AGI;4-Baja;Masiva;MESA DE AYUDA COLOMBIA
INC000003953133;Media;AGORA // ATAC GUADALAJARA // ERROR FUNCIONAL;Cerrado;10/03/2026 12:38 a;CEP CAU AGI;16/03/2026 9:02;CEP CAU AGI;4-Baja;Masiva;NEG_PROVISION_PYME
INC000003953134;Media;ARPA // ATAC GUADALAJARA // ERROR FUNCIONAL;Cerrado;10/03/2026 12:34 a;CEP CAU AGI;23/03/2026 7:29;CEP CAU AGI;4-Baja;Masiva;NEG_PROVISION_PYME
INC000003953151;Media;PRDIAS-26959  LIVEPERSON // OEST OVIEDO // ERROR FUNCIONAL;Cerrado;10/03/2026 13:32 a;CEP CAU AGI;10/03/2026 15:17;DES_DJINGO;4-Baja;Masiva;OEST - SL
INC000003953521;Alta;DEGRADACIÓN / DESCARGA DOCUMENTOS GED / SL2;Cerrado;10/03/2026 18:53 a;CEP CAU AGI;16/03/2026 9:03;CEP CAU AGI;2-Alta;Masiva;ATC_MADRID_MASIVO
INC000003953571;Media;DEGRADACION/WIFI Mac La Finca/P3;Cerrado;11/03/2026 9:56 a;RTV-TECSE RED DATOS;18/03/2026 17:00;RTV-TECSE RED DATOS;4-Baja;Masiva;Operador (A.G.I.)
INC000003953597;Media;LIVEPERSON // MEDELLÍN // ERROR FUNCIONAL;Cerrado;11/03/2026 10:55 a;CEP CAU AGI;16/03/2026 9:08;CEP CAU AGI;4-Baja;Masiva;ATC_MADRID_MASIVO
INC000003953616;Media;LIVEPERSON / MEDELLIN / ERROR FUNCIONAL;Cerrado;10/03/2026 19:14 a;CEP CAU AGI;11/03/2026 6:33;CEP CAU AGI;3-Medio;Masiva;ATC_MADRID_MASIVO
INC000003953627;Media;PRDIAS-26979 LIVEPERSON // TANGER // ERROR FUNCIONAL;Cerrado;11/03/2026 8:33 a;CEP CAU AGI;16/03/2026 10:06;DES_ASISTENTE;3-Medio;Masiva;CALLCENTER_KONECTA_SEVILLA
INC000003953761;Media;LIVEPERSON // CONTROL ROOM ADI // ERROR FUNCIONAL;Cerrado;11/03/2026 10:39 a;CEP CAU AGI;16/03/2026 9:04;CEP CAU AGI;4-Baja;Masiva;SLN Arvato Salamanca
INC000003953765;Media;LIVEPERSON / FOUNDEVER SEVILLA / ERROR FUNCIONAL;Cerrado;11/03/2026 10:46 a;CEP CAU AGI;16/03/2026 9:08;CEP CAU AGI;4-Baja;Masiva;TEIDE_OSP_ICF
INC000003953852;Media;ALTITUDE // MEDELLIN // SIN ACCESO;Cerrado;11/03/2026 10:30 a;CEP CAU AGI;11/03/2026 11:50;SOP_TECNICO_CALL_CENTER;4-Baja;Masiva;SLN Teleperformance Medellin
INC000003954216;Media;LIVEPERSON // MEDELLIN // ERROR FUNCIONAL;Cerrado;11/03/2026 11:48 a;CEP CAU AGI;16/03/2026 9:09;CEP CAU AGI;4-Baja;Masiva;SLN Teleperformance Medellin
INC000003954300;Media;CERES // OEST OVIEDO // ERROR FUNCIONAL;Cerrado;12/03/2026 9:10 a;CEP CAU AGI;12/03/2026 10:07;NEG_CAMP_CERES;4-Baja;Masiva;OEST - SL
INC000003954587;Media;LIVEPERSON // MEDELLIN // ERROR FUNCIONAL;Cerrado;11/03/2026 22:59 a;CEP CAU AGI;12/03/2026 9:17;SOP_DJINGO;4-Baja;Masiva;ATC_MADRID_MASIVO
INC000003954712;Media;[IP24] / ATAC GUADALAJARA / ERROR FUNCIONAL;Cerrado;11/03/2026 15:41 a;CEP CAU AGI;16/03/2026 9:09;CEP CAU AGI;4-Baja;Masiva;NEG_PROVISION_PYME
INC000003954742;Media;PRDIAS-26993 LIVEPERSON / ANDES 1 / ERROR FUNCIONAL;Cerrado;11/03/2026 20:41 a;CEP CAU AGI;16/03/2026 9:09;CEP CAU AGI;3-Medio;Masiva;SLN Teleperformance Medellin
INC000003954748;Media;MASSIVE INCIDENTS // GUADALAJARA // ERROR FUNCIONAL;Cerrado;11/03/2026 22:36 a;CEP CAU AGI;16/03/2026 9:10;CEP CAU AGI;4-Baja;Masiva;MESA DE AYUDA GUADALAJARA
INC000003955201;Media;LIVEPERSON // MEDELLIN // ERROR FUNCIONAL;Cerrado;12/03/2026 8:48 a;CEP CAU AGI;12/03/2026 11:09;SOP_DJINGO;4-Baja;Masiva;ATC_MADRID_MASIVO
INC000003955517;Media;PANGEA // MADRID // ERROR FUNCIONAL;Cerrado;12/03/2026 11:32 a;CEP CAU AGI;12/03/2026 15:44;CEP CAU AGI;4-Baja;Masiva;PROC_CAD
INC000003955715;Media;FICHA DE CLIENTE / KONECTA SEVILLA / ERROR FUNCIONAL;Cerrado;12/03/2026 13:12 a;CEP CAU AGI;23/03/2026 7:29;CEP CAU AGI;4-Baja;Masiva;CALLCENTER_KONECTA_SEVILLA
INC000003955756;Media;INYECTORES / GUADALAJARA / ERROR FUNCIONAL;Cerrado;12/03/2026 17:22 a;CEP CAU AGI;30/03/2026 9:21;CEP CAU AGI;4-Baja;Masiva;EDS_MTO
INC000003955922;Media;ALTITUDE / ISGF MURCIA / ERROR FUNCIONAL;Cerrado;12/03/2026 15:58 a;CEP CAU AGI;12/03/2026 22:22;CEP CAU AGI;4-Baja;Masiva;SLN ISGF Murcia
INC000003955946;Media;LIVEPERSON / OEST OVIEDO / ERROR FUNCIONAL;Cerrado;12/03/2026 17:24 a;CEP CAU AGI;16/03/2026 9:10;CEP CAU AGI;3-Medio;Masiva;OEST - SL
INC000003955954;Media;CRM JAZZTEL / JAZZTEL DISTRIUCION / ERROR FUNCIONAL;Cerrado;12/03/2026 18:19 a;CEP CAU AGI;16/03/2026 17:14;CEP CAU AGI;4-Baja;Masiva;PROC_CAD
INC000003955990;Media;FICHA DE CLIENTE // ISGF MADRID // ERROR FUNCIONAL;Cerrado;13/03/2026 11:21 a;CEP CAU AGI;30/03/2026 9:21;CEP CAU AGI;4-Baja;Masiva;SLN ISGF Murcia
INC000003956238;Media;PRDIAS-27033 LIVEPERSON //MEDELLIN //ERROR FUNCIONAL;Cerrado;13/03/2026 9:49 a;CEP CAU AGI;23/03/2026 7:28;CEP CAU AGI;4-Baja;Masiva;ATC_MADRID_MASIVO
INC000003956293;Media;FICHA DE CLIENTE / MAJOREL JEREZ / ERROR FUNCIONAL;Cerrado;13/03/2026 16:05 a;CEP CAU AGI;23/03/2026 7:28;CEP CAU AGI;3-Medio;Masiva;APL_CON_DESA_SERVICIO_ICF
INC000003956659;Media;GESTOCK / 6 / ERROR FUNCIONAL;Cerrado;13/03/2026 17:19 a;CEP CAU AGI;16/03/2026 9:10;CEP CAU AGI;3-Medio;Masiva;APL_CON_DESA_SERVICIO_ICF
INC000003956811;Media;IP24 // ATAC GUADALAJARA // ERROR FUNCIONAL;Cerrado;13/03/2026 12:10 a;CEP CAU AGI;30/03/2026 16:49;NEG_CAMP_CERES;4-Baja;Masiva;NEG_PROVISION_PYME
INC000003956999;Media;PORTAL DE REDES / GUADALAJARA / ERROR FUNCIONAL;Cerrado;13/03/2026 19:23 a;CEP CAU AGI;16/03/2026 9:11;CEP CAU AGI;4-Baja;Masiva;MESA DE AYUDA GUADALAJARA
INC000003957125;Media;FICHA CLIENTE MM / ANDES II / ERROR FUNCIONAL;Cerrado;14/03/2026 19:00 a;CEP CAU AGI;15/03/2026 17:22;APL_MOV_SOE;4-Baja;Masiva;SLN Teleperformance Medellin
INC000003957155;Crítica;INDISPONIBILIDAD / ESX AOTLXPRVIN10209 / SL1;Cerrado;15/03/2026 16:45 a;RTV-TECSE RED DATOS;15/03/2026 19:26;Atlas_Soporte_Linux_Vmware;1-Crítica;Masiva;Operador (A.G.I.)
INC000003957175;Alta;DEGRADACIÓN / IVR / SL2;Cerrado;16/03/2026 8:45 a;CEP CAU AGI;16/03/2026 12:22;SOP_TECNICO_CALL_CENTER;2-Alta;Masiva;TEIDE_OSP_ICF
INC000003957185;Media;REMEDY // GUADALAJARA // ERROR FUNCIONAL;Cerrado;16/03/2026 9:19 a;CEP CAU AGI;16/03/2026 11:10;DES_REMEDY;4-Baja;Masiva;MESA DE AYUDA GUADALAJARA
INC000003957212;Alta;DEGRADACIÓN / SAP / SL2;Cerrado;13/03/2026 17:54 a;RTV-TECSE RED DATOS;13/03/2026 18:21;Atlas_Soporte_BBDD;2-Alta;Masiva;Operador (A.G.I.)
INC000003957216;Media;[IP24] / FOUNDEVER SEVILLA / ERROR FUNCIONAL;Cerrado;13/03/2026 18:00 a;CEP CAU AGI;16/03/2026 9:10;CEP CAU AGI;4-Baja;Masiva;TEIDE_OSP_ICF
INC000003957221;Media;TAO / ANDES 1 / ERROR FUNCIONAL;Cerrado;13/03/2026 19:11 a;CEP CAU AGI;16/03/2026 15:33;TEIDE_OSP_Soporte_Tecnico;4-Baja;Masiva;ATC_MADRID_MASIVO
INC000003957239;Media;FICHA DE CLIENTE / GUADALAJARA / LENTITUD;Cerrado;15/03/2026 10:56 a;CEP CAU AGI;16/03/2026 14:29;APL_MOV_SOE;4-Baja;Masiva;MESA DE AYUDA GUADALAJARA
INC000003957247;Alta;INDISPONIBILIDAD / ALTAIR / SL2;Cerrado;15/03/2026 15:16 a;CEP CAU AGI;15/03/2026 17:35;Fijo Activacion LUNA;2-Alta;Masiva;MESA DE AYUDA GUADALAJARA
INC000003957252;Media;FICHA CLIENTE MM / ANDES II / ERROR FUNCIONAL;Cerrado;15/03/2026 16:04 a;CEP CAU AGI;16/03/2026 9:21;DES_SOE_FDCMM;4-Baja;Masiva;ATC_MADRID_MASIVO
INC000003957262;Media;IVR / CONTROL ROOM / ERROR FUNCIONAL;Cerrado;15/03/2026 19:43 a;CEP CAU AGI;16/03/2026 12:24;SOP_TECNICO_CALL_CENTER;4-Baja;Masiva;TEIDE_OSP_ICF
INC000003957442;Media;[2026R3] FICHA DE CLIENTE / KONECTA SEVILLA / ERROR FUNCIONAL;Cerrado;15/03/2026 12:46 a;CEP CAU AGI;19/03/2026 9:21;CEP CAU AGI;4-Baja;Masiva;CALLCENTER_KONECTA_SEVILLA
INC000003957452;Media;FICHA DE CLIENTE / KONECTA SEVILLA / SIN ACCESO;Cerrado;15/03/2026 16:24 a;CEP CAU AGI;19/03/2026 11:44;APL_MOV_SOE;4-Baja;Masiva;CALLCENTER_KONECTA_SEVILLA
INC000003957839;Alta;[2026R3] DEGRADACIÓN / SIEBEL 7 / SL2;Cerrado;15/03/2026 17:52 a;CEP CAU AGI;17/03/2026 13:38;Soporte Siebel;2-Alta;Masiva;MESA DE AYUDA GUADALAJARA
INC000003957862;Media;LIVEPERSON // CONTROL ROOM ADI // ERROR FUNCIONAL;Cerrado;16/03/2026 9:32 a;CEP CAU AGI;17/03/2026 7:22;CEP CAU AGI;4-Baja;Masiva;SLN Arvato Salamanca
INC000003958243;Media;[2026R3] - PRJ-10828 - ALTAIR // GUADALAJARA // ERROR FUNCIONAL;Cerrado;16/03/2026 11:48 a;CEP CAU AGI;16/03/2026 12:44;Fijo Activacion LUNA;4-Baja;Masiva;MESA DE AYUDA GUADALAJARA
INC000003958245;Media;[2026R03]FICHA DE CLIENTES // FOUNDEVER SEVILLA  // ERROR FUNCIONAL;Cerrado;16/03/2026 12:00 a;CEP CAU AGI;16/03/2026 14:18;APL_MOV_SOE;4-Baja;Masiva;CALLCENTER_SITEL_SEVILLA
INC000003958632;Media;[2026R3] EREBOR // LA FINCA // ERROR FUNCIONAL;Cerrado;16/03/2026 12:10 a;CEP CAU AGI;17/03/2026 10:16;DES_SOE_MICROSERVICIOS;4-Baja;Masiva;DES_SOE_ALTAMIRA
INC000003958640;Media;[2026R3] // PANGEA // ATAC JEREZ // ERROR FUNCIONAL;Cerrado;16/03/2026 12:19 a;CEP CAU AGI;16/03/2026 18:48;APL_MOV_SOE;4-Baja;Masiva;MESA DE AYUDA GUADALAJARA
INC000003958643;Media;[2026R3] PANGEA // ATAC SALAMANCA // ERROR FUNCIONAL;Cerrado;16/03/2026 12:25 a;CEP CAU AGI;24/03/2026 12:00;DES_SOE_PANGEA;4-Baja;Masiva;NEG_PROVISION_PYME
INC000003958977;Media;FICHA CLIENTE MM / MEDELLIN / ERROR FUNCIONAL;Cerrado;16/03/2026 18:56 a;CEP CAU AGI;06/04/2026 7:32;CEP CAU AGI;4-Baja;Masiva;ATC_MADRID_MASIVO
INC000003959131;Media;FICHA DE CLIENTE / OEST OVIEDO / ERROR FUNCIONAL;Cerrado;16/03/2026 20:14 a;CEP CAU AGI;30/03/2026 9:22;CEP CAU AGI;4-Baja;Masiva;OEST - SL
INC000003959179;Media;AGORA // ATAC GUADALAJARA / ERROR FUNCIONAL;Cerrado;17/03/2026 10:25 a;CEP CAU AGI;07/04/2026 13:09;NEG_CAMP_CERES;4-Baja;Masiva;NEG_PROVISION_PYME
INC000003959185;Media;BSCS / BARCELONA / NO ACCESO;Cerrado;17/03/2026 10:31 a;CEP CAU AGI;17/03/2026 13:02;SOPORTE ADM WINTEL;4-Baja;Masiva;TEIDE_OSP_ICF
INC000003959323;Alta;indisponibilidad/Error Filesystem SAP BASIS/SL2;Cerrado;17/03/2026 5:12 a;RTV-TECSE RED DATOS;17/03/2026 8:39;Atlas_Soporte_Unix;2-Alta;Masiva;Operador (A.G.I.)
INC000003959404;Media;FICHA DE CLIENTE // OEST OVIEDO // ERROR FUNCIONAL;Cerrado;16/03/2026 22:15 a;CEP CAU AGI;24/03/2026 17:09;DES_SOE_FICHA;4-Baja;Masiva;OEST - SL
INC000003959453;Media;[2026R3] FICHA DE CLIENTE // GUADALAJARA // ERROR FUNCIONAL;Cerrado;17/03/2026 10:27 a;CEP CAU AGI;19/03/2026 8:34;DES_SOE_FICHA;4-Baja;Masiva;EDS_MTO
INC000003959500;Media;FICHA DE CLIENTE // ATAC MADRID // ERROR FUNCIONAL;Cerrado;17/03/2026 12:10 a;CEP CAU AGI;17/03/2026 16:10;SOP_TMC_GIROS;4-Baja;Masiva;TEIDE_OSP_ICF
INC000003960133;Media;FICHA DE CLIENTE // ISGF MURCIA // ERROR FUNCIONAL;Cerrado;17/03/2026 13:23 a;CEP CAU AGI;23/03/2026 7:27;CEP CAU AGI;4-Baja;Masiva;SLN ISGF Murcia
INC000003960166;Media;SARO / ATAC JEREZ / LENTITUD;Cancelado;17/03/2026 16:02 a;SOP_BSS_JAZZTEL;23/03/2026 13:11;SOP_QDS;3-Medio;Masiva;APL_CON_DESA_SERVICIO_ICF
INC000003960685;Media;FICHA DE CLIENTE // ISGF MURCIA // ERROR FUNCIONAL;Cerrado;18/03/2026 11:38 a;CEP CAU AGI;23/03/2026 7:27;CEP CAU AGI;4-Baja;Masiva;SLN ISGF Murcia
INC000003960744;Media;ALTAIR // GUADALAJARA // LENTITUD;Cerrado;18/03/2026 10:18 a;CEP CAU AGI;23/03/2026 7:26;CEP CAU AGI;3-Medio;Masiva;MESA DE AYUDA GUADALAJARA
INC000003960748;Alta;DEGRADACIÓN / SIGMA / SL2;Cerrado;18/03/2026 10:42 a;CEP CAU AGI;23/03/2026 7:26;CEP CAU AGI;2-Alta;Masiva;TEIDE_OSP_ICF
INC000003960765;Media;ECONTRATO // LA FINCA // ERROR FUNCIONAL;Cerrado;18/03/2026 11:37 a;CEP CAU AGI;09/04/2026 12:13;CEP CAU AGI;4-Baja;Masiva;Econtrato_N2
INC000003960840;Media;FICHA CLIENTE MM //  BOGOTA // ERROR FUNCIONAL;Cerrado;18/03/2026 10:42 a;CEP CAU AGI;18/03/2026 13:31;CEP CAU AGI;4-Baja;Masiva;MESA DE AYUDA COLOMBIA
INC000003960894;Media;ALTITUDE // MAJOREL JEREZ // ERROR FUNCIONAL;Cerrado;18/03/2026 12:45 a;CEP CAU AGI;18/03/2026 13:54;SOP_TECNICO_CALL_CENTER;4-Baja;Masiva;APL_CON_DESA_SERVICIO_ICF
INC000003961555;Alta;SIN ACCESO / ALTITUDE / SL2;Cerrado;18/03/2026 18:20 a;CEP CAU AGI;23/03/2026 7:25;CEP CAU AGI;2-Alta;Masiva;MESA DE AYUDA COLOMBIA
INC000003961557;Media;FICHA CLIENTE MM / BOGOTA / ERROR FUNCIONAL;Cerrado;18/03/2026 18:29 a;CEP CAU AGI;23/03/2026 7:25;CEP CAU AGI;4-Baja;Masiva;MESA DE AYUDA COLOMBIA
INC000003961616;Crítica;INDISPONIBILIDAD/ROBOTFACTORY/SL1;Cerrado;18/03/2026 14:01 a;Fijo Activacion LUNA;18/03/2026 14:24;Atlas_Soporte_BBDD;1-Crítica;Masiva;Operador (A.G.I.)
INC000003961682;Alta;INDISPONIBILIDAD / DATA MART FISCAL / SL1;Cerrado;18/03/2026 17:58 a;RTV-TECSE RED DATOS;26/03/2026 10:24;Atlas_Soporte_BBDD;1-Crítica;Masiva;Operador (A.G.I.)
INC000003961789;Media;FICHA DE CLIENTE / MEDELLIN / ERROR FUNCIONAL;Cerrado;18/03/2026 18:52 a;CEP CAU AGI;23/03/2026 7:24;CEP CAU AGI;4-Baja;Masiva;SLN Teleperformance Medellin
INC000003961795;Media;PANGEA / ATAC JEREZ / ERROR FUNCIONAL;Cerrado;18/03/2026 20:23 a;CEP CAU AGI;26/03/2026 8:33;DES_SOE_PANGEA;4-Baja;Masiva;APL_CON_DESA_SERVICIO_ICF
INC000003962051;Alta;INDISPONIBILIDAD/PSeries S/N 652ABD2/SL2;Cerrado;19/03/2026 9:21 a;RTV-TECSE RED DATOS;19/03/2026 13:17;Atlas_Soporte_Unix;2-Alta;Masiva;Operador (A.G.I.)
INC000003962083;Media;[2026R3] FICHA DE CLIENTE // MADRID //ERROR FUNCIONAL;Cerrado;19/03/2026 11:33 a;CEP CAU AGI;26/03/2026 8:35;DES_SOE_PANGEA;4-Baja;Masiva;EDS_MTO
INC000003962301;Media;[IP24] / ATAC JEREZ / ERROR FUNCIONAL;Cerrado;18/03/2026 19:54 a;CEP CAU AGI;18/03/2026 20:41;TEIDE_OSP_Soporte_Tecnico;4-Baja;Masiva;APL_CON_DESA_SERVICIO_ICF
INC000003962305;Media;CT Error Funcional - OSS Corporate;Asignado;18/03/2026 23:47 a;WHOLESALETAC;;;4-Baja;Masiva;FRONTOFFICE
INC000003962823;Media;FICHA DE CLIENTE // GUADALAJARA //ERROR FUNCIONAL;Cerrado;19/03/2026 11:11 a;CEP CAU AGI;23/03/2026 7:05;CEP CAU AGI;4-Baja;Masiva;MESA DE AYUDA GUADALAJARA
INC000003962944;Media;FICHA DE CLIENTE / ISGF MURCIA / ERROR FUNCIONAL;Cerrado;19/03/2026 14:59 a;CEP CAU AGI;04/05/2026 7:38;CEP CAU AGI;4-Baja;Masiva;SLN ISGF Murcia
INC000003963099;Media;FICHA DE CLIENTE / SEVILLA / ERROR FUNCIONAL;Cerrado;19/03/2026 17:30 a;CEP CAU AGI;24/03/2026 8:24;CEP CAU AGI;4-Baja;Masiva;TEIDE_OSP_ICF
INC000003963371;Media;FICHA DE CLIENTE // KONECTA SEVILLA // ERROR FUNCIONAL;Cerrado;20/03/2026 11:29 a;CEP CAU AGI;23/03/2026 7:03;CEP CAU AGI;4-Baja;Masiva;CALLCENTER_KONECTA_SEVILLA
INC000003963484;Media;ACME WEB ORANGE // LA FINCA //ERROR FUNCIONAL;Cerrado;20/03/2026 11:45 a;CEP CAU AGI;24/03/2026 10:19;CEP CAU AGI;4-Baja;Masiva;TEIDE_OSP_ICF
INC000003964106;Alta;DEGRADACION // PANGEA // SL2;Cerrado;20/03/2026 13:04 a;CEP CAU AGI;20/03/2026 18:50;CEP CAU AGI;2-Alta;Masiva;TEIDE_OSP_Soporte_Tecnico
INC000003964138;Media;FICHA DE CLIENTE // TWW LEON // ERROR FUNCIONAL;Pendiente;20/03/2026 15:09 a;DES_KRATOS;;CEP CAU AGI;3-Medio;Masiva;CALLCENTER_TRANSCOM_LEON
INC000003964166;Media;SIRES // COLOMBIA // ERROR FUNCIONAL;Cerrado;20/03/2026 18:41 a;CEP CAU AGI;23/03/2026 7:02;CEP CAU AGI;3-Medio;Masiva;MESA DE AYUDA COLOMBIA
INC000003964168;Media;PRDIAS-27172 DJINGO // ISGF MADRID // ERROR FUNCIONAL;Cerrado;20/03/2026 18:40 a;CEP CAU AGI;30/03/2026 9:22;CEP CAU AGI;3-Medio;Masiva;SLN ISGF Murcia
INC000003964178;Media;REMEDY // BOGOTA // ERROR FUNCIONAL;Cerrado;20/03/2026 20:11 a;CEP CAU AGI;26/03/2026 8:26;DES_SOE_FDCMM;4-Baja;Masiva;MESA DE AYUDA COLOMBIA
INC000003964184;Alta;OCS // LA FINCA // ERROR FUNCIONAL;Cerrado;21/03/2026 11:46 a;SOP_TMC_OCS;21/03/2026 16:09;Soporte PCRF;2-Alta;Masiva;SOP_OCS
INC000003964279;Media;CERES // SALAMANCA // ERROR FUNCIONAL;Cerrado;23/03/2026 9:13 a;CEP CAU AGI;23/03/2026 10:00;NEG_CAMP_CERES;4-Baja;Masiva;OEST - SL
INC000003964437;Media;FICHA CLIENTE MM // MEDELLIN // SIN ACCESO;Cerrado;20/03/2026 19:26 a;CEP CAU AGI;23/03/2026 7:01;CEP CAU AGI;4-Baja;Masiva;SLN Teleperformance Medellin
INC000003964638;Media;CRM JAZZTEL // MEDELLIN // ERROR FUNCIONAL;Cerrado;23/03/2026 9:51 a;CEP CAU AGI;24/03/2026 15:12;SOP_BSS_JAZZTEL;4-Baja;Masiva;ATC_MADRID_MASIVO
INC000003964691;Media;FICHA DE CLIENTE // FOUNDEVER SEVILLA;Cerrado;23/03/2026 14:55 a;CEP CAU AGI;23/03/2026 15:33;APL_MOV_SOE;4-Baja;Masiva;SOP_SMC_AULA_CIMA
INC000003965467;Media;FICHA DE CLIENTE // MEDELLIN // ERROR FUNCIONAL;Cerrado;23/03/2026 13:55 a;CEP CAU AGI;30/03/2026 9:22;CEP CAU AGI;3-Medio;Masiva;SLN Teleperformance Medellin
INC000003965936;Media;RIKO // KONECTA SEVILLA // NO ACCESO;Cerrado;23/03/2026 17:05 a;CEP CAU AGI;24/03/2026 9:22;SOP_TECNICO_CALL_CENTER;4-Baja;Masiva;CALLCENTER_KONECTA_SEVILLA
INC000003965966;Media;CRM JAZZTEL / MEDELLIN / ERROR FUNCIONAL;Cerrado;23/03/2026 22:39 a;CEP CAU AGI;24/03/2026 8:59;SOP_BSS_JAZZTEL;4-Baja;Masiva;ATC_MADRID_MASIVO
INC000003965980;Media;SIEBEL 7 // TRANSCOM MADRID // ERROR FUNCIONAL;Cerrado;24/03/2026 9:07 a;CEP CAU AGI;24/03/2026 10:03;Soporte Siebel;4-Baja;Masiva;CALLCENTER_TRANSCOM_LEON
INC000003966227;Media;FICHA CLIENTE MM // MEDELLIN // ERROR FUNCIONAL;Cerrado;23/03/2026 19:32 a;CEP CAU AGI;30/03/2026 9:23;CEP CAU AGI;4-Baja;Masiva;ATC_MADRID_MASIVO
INC000003966229;Media;FICHA CLIENTE MM // BOGOTA //ERROR FUNCIONAL;Cerrado;23/03/2026 20:08 a;CEP CAU AGI;24/03/2026 16:57;APL_MOV_SOE;4-Baja;Masiva;MESA DE AYUDA COLOMBIA
INC000003966256;Media;PRDIAS-27207 LIVEPERSON // A CORUÑA // ERROR FUNCIONAL;Cerrado;24/03/2026 9:33 a;CEP CAU AGI;24/03/2026 17:09;DES_ASISTENTE;3-Medio;Masiva;SLN Arvato Salamanca
INC000003966293;Alta;ALTAIR MOVIL // GUADALAJARA // ERROR FUNCIONAL;Cerrado;24/03/2026 11:19 a;CEP CAU AGI;24/03/2026 17:51;CEP CAU AGI;2-Alta;Masiva;MESA DE AYUDA GUADALAJARA
INC000003966393;Alta;ALTITUDE // KONECTA SEVILLA // ERROR FUNCIONAL;Cerrado;24/03/2026 11:48 a;CEP CAU AGI;24/03/2026 13:13;SOP_TECNICO_CALL_CENTER;3-Medio;Masiva;CALLCENTER_KONECTA_SEVILLA
INC000003967011;Media;CERES // SALAMANCA // ERROR FUNCIONAL;Cerrado;24/03/2026 11:15 a;CEP CAU AGI;24/03/2026 15:39;CEP CAU AGI;3-Medio;Masiva;OEST - SL
INC000003967023;Crítica;LIVERPERSON // FOUNDEVER SEVILLA // ERROR FUNCIONAL;Cerrado;24/03/2026 11:35 a;CEP CAU AGI;25/03/2026 18:22;SOP_ASISTENTE;1-Crítica;Masiva;SOP_SMC_AULA_CIMA
INC000003967036;Media;SIEBEL 7 // GUADALAJARA // ERROR FUNCIONAL;Cerrado;24/03/2026 12:00 a;CEP CAU AGI;13/04/2026 7:06;CEP CAU AGI;4-Baja;Masiva;MESA DE AYUDA GUADALAJARA
INC000003967041;Crítica;INDISPONIBILIDAD // IVR //SL1;Cerrado;24/03/2026 12:12 a;CEP CAU AGI;24/03/2026 13:13;SOP_TECNICO_CALL_CENTER;1-Crítica;Masiva;SOP_SMC_AULA_CIMA
INC000003967290;Crítica;INDISPONIBILIDAD/LLAMADA ALTAIR A BRUJULA/SL2;Cerrado;24/03/2026 17:24 a;RTV-TECSE RED DATOS;24/03/2026 17:57;GNOC;2-Alta;Masiva;Operador (A.G.I.)
INC000003967393;Media;IVR // ISGF MURCIA // ERROR FUNCIONAL;Cerrado;24/03/2026 16:14 a;CEP CAU AGI;24/03/2026 18:06;SOP_TECNICO_CALL_CENTER;4-Baja;Masiva;SLN ISGF Murcia
INC000003967433;Media;FICHA DE CLIENTE // BOSCH VIGO // ERROR FUNCIONAL;Cerrado;24/03/2026 14:03 a;CEP CAU AGI;30/03/2026 9:24;CEP CAU AGI;4-Baja;Masiva;SOP_SMC_AULA_CIMA
INC000003967871;Media;FICHA DE CLIENTE // GUADALAJARA // ERROR FUNCIONAL;Cerrado;25/03/2026 8:40 a;CEP CAU AGI;30/03/2026 9:24;CEP CAU AGI;4-Baja;Masiva;EDS_MTO
INC000003967935;Media;BSCS // TWW LEON // ERROR FUNCIONAL;Cerrado;24/03/2026 20:05 a;CEP CAU AGI;27/03/2026 16:50;CEP CAU AGI;4-Baja;Masiva;CALLCENTER_TRANSCOM_LEON
INC000003968012;Media;A-ALTITUDE / BOGOTA / ERROR FUNCIONAL;Cerrado;24/03/2026 19:13 a;CEP CAU AGI;30/03/2026 9:24;CEP CAU AGI;4-Baja;Masiva;MESA DE AYUDA COLOMBIA
INC000003968159;Media;POLAR // APP PLUS MADRID //  ERROR FUNCIONAL;Cerrado;25/03/2026 12:34 a;CEP CAU AGI;27/03/2026 13:06;CEP CAU AGI;4-Baja;Masiva;ST_FTTH
INC000003969156;Media;A-FICHA CLIENTE MM / MEDELLIN  / LENTITUD;Cerrado;26/03/2026 10:24 a;CEP CAU AGI;30/03/2026 9:26;CEP CAU AGI;4-Baja;Masiva;ATC_MADRID_MASIVO
INC000003969190;Alta;DEGRADACION / NABOO / SL2;Cerrado;26/03/2026 12:54 a;CEP CAU AGI;30/03/2026 9:26;CEP CAU AGI;4-Baja;Masiva;OEST - SL
INC000003969336;Media;Notificaciones iPhone;Cerrado;25/03/2026 18:32 a;FRONTOFFICE;25/03/2026 19:10;SOP_OSS_MOVIL;3-Medio;Masiva;FRONTOFFICE
INC000003969337;Media;ALTITUDE // BOGOTÁ // ERROR FUNCIONAL;Cerrado;25/03/2026 18:33 a;CEP CAU AGI;30/03/2026 9:25;CEP CAU AGI;4-Baja;Masiva;MESA DE AYUDA COLOMBIA
INC000003969427;Media;DEGRADACION / REACTIVACIONES / SL2;Cerrado;25/03/2026 20:41 a;CEP CAU AGI;30/03/2026 9:25;CEP CAU AGI;3-Medio;Masiva;SLN ISGF Murcia
INC000003970267;Media;AGORA // ATAC GUADALAJARA // ERROR FUNCIONAL;Cerrado;26/03/2026 15:47 a;CEP CAU AGI;26/03/2026 17:00;Soporte NPD;4-Baja;Masiva;NEG_PROVISION_PYME
INC000003970290;Media;PRDIAS-27234 LIVEPERSON // MEDELLIN // ERROR FUNCIONAL;Cerrado;26/03/2026 17:22 a;CEP CAU AGI;20/04/2026 12:19;DES_DJINGO;4-Baja;Masiva;TEIDE_OSP_ICF
INC000003970321;Media;ALTITUDE // KONECTA SEVILLA // ERROR FUNCIONAL;Cerrado;26/03/2026 13:11 a;CEP CAU AGI;26/03/2026 15:00;SOP_TECNICO_CALL_CENTER;4-Baja;Masiva;CALLCENTER_KONECTA_SEVILLA
INC000003970367;Media;AURORA // APPLUS MADRID // ERROR FUNCIONAL;Cerrado;26/03/2026 16:23 a;CEP CAU AGI;31/03/2026 17:38;CEP CAU AGI;4-Baja;Masiva;ST_FTTH
INC000003970526;Media;FICHA DE CLIENTE // TWW LEÓN // ERROR FUNCIONAL;Cerrado;26/03/2026 14:31 a;CEP CAU AGI;26/03/2026 18:54;SOP_SMC_TEIDE;4-Baja;Masiva;CALLCENTER_TRANSCOM_LEON
INC000003970709;Media;SGF // GUADALAJARA // ERROR FUNCIONAL;Cerrado;26/03/2026 13:56 a;CEP CAU AGI;30/03/2026 9:26;CEP CAU AGI;4-Baja;Masiva;MESA DE AYUDA GUADALAJARA
INC000003970753;Media;FICHA DE CLIENTE // TWW LEON // ERROR FUNCIONAL;Cerrado;26/03/2026 17:52 a;CEP CAU AGI;30/03/2026 9:27;CEP CAU AGI;4-Baja;Masiva;CALLCENTER_TRANSCOM_LEON
INC000003971002;Alta;A-DEGRADACION/BARCELONA-ULISES/SL2;Cerrado;27/03/2026 0:01 a;RTV-TECSE RED DATOS;31/03/2026 8:34;RTV-EXTERNAS RDC;2-Alta;Masiva;Operador (A.G.I.)
INC000003971050;Alta;PRUEBA SCA 360;Cerrado;27/03/2026 10:19 a;CEP CAU AGI;27/03/2026 10:57;CONTROL_ROOM;3-Medio;Masiva;CEP CAU AGI
INC000003971511;Media;ALTITUDE // MAJOREL JEREZ // ERROR FUNCIONAL;Cerrado;27/03/2026 9:27 a;CEP CAU AGI;27/03/2026 10:09;SOP_TECNICO_CALL_CENTER;4-Baja;Masiva;APL_CON_DESA_SERVICIO_ICF
INC000003971689;Media;PRDIAS-27260 LIVEPERSON // CONTROL ROOM // ERROR FUNCIONAL;Cerrado;29/03/2026 13:43 a;CEP CAU AGI;30/03/2026 11:50;SOP_DJINGO;4-Baja;Masiva;TEIDE_OSP_ICF
INC000003971925;Media;ALTITUDE // MARKEL VALENCIA // NO ACCESO;Cerrado;27/03/2026 16:12 a;CEP CAU AGI;27/03/2026 16:58;SOP_TECNICO_CALL_CENTER;4-Baja;Masiva;SLN Marktel Valencia
INC000003972039;Media;AGORA // ATAC JEREZ // ERROR FUNCIONAL;Cerrado;27/03/2026 16:28 a;CEP CAU AGI;30/03/2026 9:27;CEP CAU AGI;4-Baja;Masiva;TEIDE_OSP_ICF
INC000003972059;Alta;DEGRADACION/LA FINCA/SL2;Cerrado;28/03/2026 0:18 a;RTV-TECSE RED DATOS;30/03/2026 8:05;RTV-EXTERNAS RDC;2-Alta;Masiva;Operador (A.G.I.)
INC000003972072;Media;FICHA CLIENTE MM // MEDELLIN // ERROR FUNCIONAL;Cerrado;28/03/2026 16:17 a;CEP CAU AGI;29/03/2026 10:43;SOP_TMC_SIGMA;4-Baja;Masiva;ATC_MADRID_MASIVO
INC000003972075;Media;LIVEPERSON // BOGOTA // ERROR FUNCIONAL;Cerrado;28/03/2026 21:10 a;CEP CAU AGI;30/03/2026 8:08;SOP_LIVEPERSON;3-Medio;Masiva;MESA DE AYUDA COLOMBIA
INC000003973939;Media;SARO / ATAC JEREZ / LENTITUD;Cerrado;30/03/2026 12:03 a;CEP CAU AGI;30/03/2026 14:21;SOP_QDS;3-Medio;Masiva;APL_CON_DESA_SERVICIO_ICF
INC000003974026;Alta;NABOO // PREPAGO / ERROR FUNCIONAL;Cerrado;30/03/2026 12:15 a;CEP CAU AGI;30/03/2026 18:16;SOP_NABOO;1-Crítica;Masiva;APL_ING_CALL_CENTER
INC000003976135;Media;PANGEA // TLP JEREZ // ERROR FUNCIONAL;Cerrado;31/03/2026 19:32 a;CEP CAU AGI;01/04/2026 21:32;APL_MOV_SOE;4-Baja;Masiva;TEIDE_OSP_ICF
INC000003977310;Media;REMEDY - REMEDY // JAZZPLAT GUADALAJARA//ERROR FUNCIONAL;Cerrado;01/04/2026 14:34 a;CEP CAU AGI;06/04/2026 11:52;SOPORTE N1 CSO;4-Baja;Masiva;MESA DE AYUDA GUADALAJARA
INC000003977348;Alta;DEGRADACIÓN / CERES / SL2;Cerrado;02/04/2026 9:20 a;CEP CAU AGI;06/04/2026 17:59;SOP_TMC_PORTOS;3-Medio;Masiva;OEST - SL
INC000003977388;Media;DJINGO // CONTROL ROOM // FUNCIONAL;Cerrado;03/04/2026 12:33 a;CEP CAU AGI;03/04/2026 18:46;CEP CAU AGI;4-Baja;Masiva;APL_ING_CALL_CENTER
INC000003977600;Media;TOKEN // BOGOTA // FUNCIONAL;Cerrado;03/04/2026 10:57 a;CEP CAU AGI;03/04/2026 16:37;SOPORTE N1 CSO;4-Baja;Masiva;MESA DE AYUDA COLOMBIA
INC000003978190;Media;CERES// OEST OVIEDO // ERROR FUNCIONAL;Cerrado;06/04/2026 9:08 a;CEP CAU AGI;07/04/2026 9:31;NEG_CAMP_CERES;4-Baja;Masiva;OEST - SL
INC000003978430;Media;FICHA DE CLIENTE // GUADALAJARA // ERROR FUNCIONAL;Cerrado;02/04/2026 18:09 a;CEP CAU AGI;12/05/2026 11:01;DES_SOE_FICHA;3-Medio;Masiva;MESA DE AYUDA GUADALAJARA
INC000003978449;Media;FOUNDEVER // FICHA DE CLIENTE // FUNCIONAL;Cerrado;03/04/2026 13:08 a;CEP CAU AGI;07/04/2026 19:09;SOPORTE N1 CSO;3-Medio;Masiva;APL_ING_CALL_CENTER
INC000003979003;Media;GDU // KONECTA SEVILLA // LENTITUD APLICATIVO;Cerrado;03/04/2026 11:00 a;CEP CAU AGI;03/04/2026 20:16;CEP CAU AGI;3-Medio;Masiva;CALLCENTER_KONECTA_SEVILLA
INC000003979006;Media;CRM // BOGOTA // ERROR FUNCIONAL;Cerrado;03/04/2026 12:08 a;CEP CAU AGI;03/04/2026 14:52;SOP_NABOO;4-Baja;Masiva;MESA DE AYUDA COLOMBIA
INC000003980502;Media;LIVEPERSON // JAZZPLAT BOGOTÁ // ERROR FUNCIONAL;Cerrado;05/04/2026 18:21 a;CEP CAU AGI;13/04/2026 8:07;CEP CAU AGI;3-Medio;Masiva;MESA DE AYUDA COLOMBIA
INC000003981097;Alta;DEGRADACIÓN / Palos-ISGF Lezama / SL2;Cerrado;06/04/2026 16:17 a;RTV-TECSE RED DATOS;07/04/2026 10:46;GNOC;2-Alta;Masiva;Operador (A.G.I.)
INC000003981330;Media;PRDIAS-27294 LIVEPERSON // OEST OVIEDO // ERROR FUNCIONAL;Cerrado;06/04/2026 13:44 a;CEP CAU AGI;13/04/2026 8:46;DES_DJINGO;3-Medio;Masiva;OEST - SL
INC000003981402;Media;FICHA CLIENTE MM // MARKTEL VALENCIA // ERROR FUNCIONAL;Cerrado;06/04/2026 12:44 a;CEP CAU AGI;06/04/2026 13:31;APL_MOV_SOE;4-Baja;Masiva;SLN Marktel Valencia
INC000003981795;Media;FICHA DE CLIENTE // TELEVENTA SEVILLA // ERROR FUNCIONAL;Cerrado;07/04/2026 11:36 a;CEP CAU AGI;07/04/2026 16:45;DES_SOE_MICROSERVICIOS;4-Baja;Masiva;APL_ING_CALL_CENTER
INC000003981964;Alta;FICHA DE CLIENTE // KONECTA SEVILLA / ERROR FUNCIONAL;Cerrado;07/04/2026 10:41 a;CEP CAU AGI;07/04/2026 15:59;GC MIDDLEWARE;2-Alta;Masiva;CALLCENTER_KONECTA_SEVILLA
INC000003981996;Media;FICHA DE CLIENTE // FOUNDEVER SEVILLA // ERROR FUNCIONAL;Cerrado;07/04/2026 12:58 a;CEP CAU AGI;07/04/2026 14:22;SOPORTE N1 CSO;3-Medio;Masiva;APL_ING_CALL_CENTER
INC000003982408;Crítica;ALTAIR // GUADALAJARA // ERROR FUNCIONAL;Cerrado;07/04/2026 8:40 a;CEP CAU AGI;07/04/2026 12:43;Soporte Datapower;1-Crítica;Masiva;MESA DE AYUDA GUADALAJARA
INC000003982437;Media;PRDIAS-27302  -  LIVEPERSON  // ADI MADRID // ERROR FUNCIONAL;Cerrado;07/04/2026 10:52 a;CEP CAU AGI;08/04/2026 13:18;DES_ASISTENTE;3-Medio;Masiva;SLN Arvato Salamanca
INC000003982466;Media;IVR // CONTROLROOM // ERROR FUNCIONAL;Cerrado;07/04/2026 12:16 a;CEP CAU AGI;07/04/2026 12:28;SOP_TECNICO_CALL_CENTER;4-Baja;Masiva;APL_ING_CALL_CENTER
INC000003982509;Media;FICHA CLIENTE MM  // Bogotá // Error funcional;Cerrado;07/04/2026 10:46 a;CEP CAU AGI;07/04/2026 12:53;SOP_BSS_JAZZTEL;4-Baja;Masiva;MESA DE AYUDA COLOMBIA
INC000003982554;Media;DEGRADACIÓN / ALTAS, PORTAS, MIGRAS PANGEA / SL2;Cerrado;07/04/2026 13:45 a;CEP CAU AGI;08/04/2026 14:43;CEP CAU AGI;4-Baja;Masiva;APL_CON_DESA_SERVICIO_ICF
INC000003982886;Media;ALTITUDE // OEST // SIN ACCESO;Cerrado;07/04/2026 14:58 a;CEP CAU AGI;07/04/2026 15:36;SOP_TECNICO_CALL_CENTER;4-Baja;Masiva;OEST - SL
INC000003983027;Media;SIEBEL7 // SALAMANCA // FUNCIONAL;Cerrado;07/04/2026 14:46 a;CEP CAU AGI;16/04/2026 18:49;Soporte Siebel;4-Baja;Masiva;APL_CON_DESA_SERVICIO_ICF
INC000003983066;Media;FICHA MM // MEDELLIN // FUNCIONAL;Cerrado;07/04/2026 19:32 a;CEP CAU AGI;07/04/2026 21:16;SOPORTE N1 CSO;4-Baja;Masiva;ATC_MADRID_MASIVO
INC000003983071;Alta;FICHA DE CLIENTE // OEST // ERROR FUNCIONAL;Cerrado;07/04/2026 21:22 a;CEP CAU AGI;13/04/2026 7:09;CEP CAU AGI;1-Crítica;Masiva;OEST - SL
INC000003983162;Media;PRDIAS-27311 - MONITOR CONDUCCION WHATSAPP // CONTROL ADI // ERROR FUNCIONAL;Cerrado;07/04/2026 17:23 a;CEP CAU AGI;13/04/2026 8:47;DES_ASISTENTE;3-Medio;Masiva;SLN Arvato Salamanca
INC000003983190;Media;CRMTELCO // BOGOTA // FUNCIONAL;Cerrado;07/04/2026 21:33 a;CEP CAU AGI;13/04/2026 7:10;CEP CAU AGI;4-Baja;Masiva;ATC_MADRID_MASIVO
INC000003983344;Media;PANGEA // KONECTA JAZZ CAD - MADRID // ERROR FUNCIONAL;Cerrado;07/04/2026 20:43 a;CEP CAU AGI;09/04/2026 16:47;DES_SOE_MICROSJZ;4-Baja;Masiva;PROC_CAD
INC000003983458;Media;ALTAIR // BOGOTÁ // ERROR FUNCIONAL;Cerrado;08/04/2026 10:39 a;CEP CAU AGI;13/04/2026 7:11;CEP CAU AGI;3-Medio;Masiva;MESA DE AYUDA COLOMBIA
INC000003985055;Alta;Degradacion/Altas eSIM Prepago/SL2;Cerrado;09/04/2026 9:06 a;CEP CAU AGI;13/04/2026 7:13;CEP CAU AGI;4-Baja;Masiva;APL_ING_CALL_CENTER
INC000003985094;Media;CERESa // OEST OVIEDO // ERROR FUNCIONAL;Cerrado;09/04/2026 11:20 a;CEP CAU AGI;10/04/2026 21:33;CEP CAU AGI;4-Baja;Masiva;OEST - SL
INC000003985099;Media;TEIDE  // ISGF MURCIA // ERROR FUNCIONAL;Cerrado;09/04/2026 11:36 a;CEP CAU AGI;13/04/2026 7:15;CEP CAU AGI;4-Baja;Masiva;SLN ISGF Murcia
INC000003985105;Alta;DEGRADACIÓN / CATÁLOGO SIEBEL 8 / SL2;Cerrado;08/04/2026 18:14 a;CEP CAU AGI;13/04/2026 7:12;CEP CAU AGI;3-Medio;Masiva;APL_ING_CALL_CENTER
INC000003985702;Media;SGP // OEST OVIEDO// ERROR FUNCIONAL;Cerrado;09/04/2026 10:52 a;CEP CAU AGI;13/04/2026 7:14;CEP CAU AGI;4-Baja;Masiva;OEST - SL
INC000003985751;Media;FICHA DE CLIENTE //  BOGOTÁ // ERROR FUNCIONAL;Cerrado;09/04/2026 13:26 a;CEP CAU AGI;13/04/2026 7:16;CEP CAU AGI;3-Medio;Masiva;MESA DE AYUDA COLOMBIA
INC000003985855;Media;ALTITUDE // MARKTEL VALENCIA // SIN ACCESO;Cerrado;09/04/2026 14:34 a;CEP CAU AGI;09/04/2026 15:19;SOP_TECNICO_CALL_CENTER;4-Baja;Masiva;SLN Marktel Valencia
INC000003985884;Media;TEIDE // JEREZ ATAC // ERROR FUNCIONAL;Cerrado;09/04/2026 16:36 a;CEP CAU AGI;10/04/2026 10:45;CEP CAU AGI;4-Baja;Masiva;MESA DE AYUDA GUADALAJARA
INC000003986073;Media;CERES // OEST // ERROR FUNCIONAL;Cerrado;09/04/2026 16:19 a;CEP CAU AGI;13/04/2026 7:16;CEP CAU AGI;3-Medio;Masiva;OEST - SL
INC000003986598;Media;AGORA // ATAC GUADALAJARA // ERROR FUNCIONAL;Cerrado;10/04/2026 11:27 a;CEP CAU AGI;22/04/2026 10:48;Soporte NPD;4-Baja;Masiva;NEG_PROVISION_PYME
INC000003987374;Media;PRDIAS-27425 LIVEPERSON //BOGOTA // FUNCIONAL;Cerrado;10/04/2026 14:59 a;CEP CAU AGI;21/04/2026 13:12;DES_ASISTENTE;4-Baja;Masiva;MESA DE AYUDA COLOMBIA
INC000003987411;Media;PRDIAS-27390 - LIVEPERSON // ADI MADRID // ERROR FUNCIONAL;Cerrado;10/04/2026 13:18 a;CEP CAU AGI;20/04/2026 8:07;DES_ASISTENTE;4-Baja;Masiva;SLN Arvato Salamanca
INC000003987443;Media;ALTITUDE // ADSL MADRID // FUNCIONAL;Cerrado;10/04/2026 17:35 a;CEP CAU AGI;10/04/2026 18:07;SOP_TECNICO_CALL_CENTER;4-Baja;Masiva;APL_ING_CALL_CENTER
INC000003987488;Media;FICHA DE CLIENTE // TWW LEON // ERROR FUNCIONAL;Cerrado;13/04/2026 9:35 a;CEP CAU AGI;13/04/2026 10:35;CEP CAU AGI;3-Medio;Masiva;CALLCENTER_TRANSCOM_LEON
INC000003987734;Media;GDU//KONECTA//FUNCIONAL;Cerrado;10/04/2026 17:10 a;CEP CAU AGI;13/04/2026 7:17;CEP CAU AGI;4-Baja;Masiva;CALLCENTER_KONECTA_SEVILLA
INC000003987735;Media;ALTITUDE // OEST // FUNCIONAL;Cerrado;10/04/2026 17:08 a;CEP CAU AGI;21/04/2026 10:42;SOP_TECNICO_CALL_CENTER;4-Baja;Masiva;OEST - SL
INC000003987743;Media;OPEN COBROS // TWW  SAN FERNANDO // FUNCIONAL;Cerrado;11/04/2026 10:57 a;CEP CAU AGI;13/04/2026 8:06;CEP CAU AGI;3-Medio;Masiva;APL_ING_CALL_CENTER
INC000003989748;Media;CRM// TLP MEDELLÍN // ERROR FUNCIONAL;Cerrado;13/04/2026 13:33 a;CEP CAU AGI;20/04/2026 7:35;CEP CAU AGI;4-Baja;Masiva;ATC_MADRID_MASIVO
INC000003989783;Media;PRDIAS-27423 LIVEPERSON // ACORUÑA // FUNCIONAL;Cerrado;13/04/2026 16:10 a;CEP CAU AGI;14/04/2026 16:21;DES_ASISTENTE;3-Medio;Masiva;SLN Arvato Salamanca
INC000003990033;Media;PRDIAS-27418 LIVEPERSON // BOGOTA // FUNCIONAL;Cerrado;13/04/2026 15:03 a;CEP CAU AGI;13/04/2026 16:49;DES_DJINGO;4-Baja;Masiva;MESA DE AYUDA COLOMBIA
INC000003990351;Media;PRDIAS-27424 LIVEPERSON // CONTROL ROOM // ERROR FUNCIONAL;Cerrado;13/04/2026 17:31 a;CEP CAU AGI;14/04/2026 16:19;DES_DJINGO;4-Baja;Masiva;APL_ING_CALL_CENTER
INC000003990557;Media;PRDIAS-27294 LIVEPERSON // JAZZPLAT BOGOTA // FUNCIONAL;Cerrado;13/04/2026 20:21 a;CEP CAU AGI;15/04/2026 8:31;SOP_DJINGO;3-Medio;Masiva;OEST - SL
INC000003990862;Media;FICHA DE CLIENTE // LA FINCA // ERROR FUNCIONAL;Cerrado;14/04/2026 10:49 a;CEP CAU AGI;20/04/2026 13:41;DES_SOE_FICHA;3-Medio;Masiva;Soporte CCA
INC000003991656;Media;LIVEPERSON // BOGOTÁ // ERROR FUNCIONAL;Cerrado;14/04/2026 16:07 a;CEP CAU AGI;15/04/2026 14:28;SOP_DJINGO;3-Medio;Masiva;MESA DE AYUDA COLOMBIA
INC000003991690;Media;ALTITUDE // OEST OVIEDO // ERROR FUNCIONAL;Cerrado;14/04/2026 19:46 a;CEP CAU AGI;15/04/2026 9:53;SOP_TECNICO_CALL_CENTER;4-Baja;Masiva;OEST - SL
INC000003992078;Media;PRDIAS-27474 DJINGO // KONECTA SEVILLA // ERROR FUNCIONAL;Cerrado;15/04/2026 8:45 a;CEP CAU AGI;20/04/2026 7:35;CEP CAU AGI;3-Medio;Masiva;CALLCENTER_KONECTA_SEVILLA
INC000003992286;Alta;DEGRADACIÓN / ENCUESTAS CALL CENTER / SL2;Cerrado;15/04/2026 11:43 a;CEP CAU AGI;15/04/2026 13:07;SOP_TECNICO_CALL_CENTER;2-Alta;Masiva;APL_ING_CALL_CENTER
INC000003992592;Media;PRDIAS-27481 LIVEPERSON // ADI //  ERROR FUNCIONAL;Cerrado;15/04/2026 14:52 a;CEP CAU AGI;21/04/2026 13:14;DES_ASISTENTE;3-Medio;Masiva;SLN Arvato Salamanca
INC000003993226;Alta;TAO // TLP MEDELLIN // ERROR FUNCIONAL;Cerrado;15/04/2026 13:23 a;CEP CAU AGI;15/04/2026 18:05;CEP CAU AGI;2-Alta;Masiva;APL_ING_CALL_CENTER
INC000003993430;Media;SIEBEL 8 // MAJOREL JEREZ // ERROR FUNCIONAL;Cerrado;15/04/2026 16:29 a;CEP CAU AGI;08/05/2026 12:39;CEP CAU AGI;4-Baja;Masiva;APL_ING_CALL_CENTER
INC000003993476;Media;FICHA DE CLIENTE //  ISGF // ERROR FUNCIONAL;Cerrado;16/04/2026 9:05 a;CEP CAU AGI;16/04/2026 14:38;APL_MOV_SOE;3-Medio;Masiva;SLN ISGF Murcia
INC000003993604;Media;DESCUBRE ORANGE // OEST OVIEDO // LENTITUD;Cerrado;15/04/2026 17:07 a;CEP CAU AGI;20/04/2026 7:36;CEP CAU AGI;4-Baja;Masiva;OEST - SL
INC000003993605;Media;FICHA DE CLIENTE // FOUNDEVER SEVILLA // ERROR FUNCIONAL;Cerrado;15/04/2026 16:58 a;CEP CAU AGI;20/04/2026 7:36;CEP CAU AGI;4-Baja;Masiva;APL_ING_CALL_CENTER
INC000003993671;Media;FICHA CLIENTE MM // LA FINCA // ERROR FUNCIONAL;Cerrado;16/04/2026 11:03 a;CEP CAU AGI;20/04/2026 11:07;DES_SOE_FDCMM;4-Baja;Masiva;CEP CAU AGI
INC000003993686;Media;WEB DE COMPROBANTES // KONECTA SEVILLA // ERROR FUNCIONAL;Cerrado;16/04/2026 12:48 a;CEP CAU AGI;16/04/2026 13:22;SOP_MOV_COMPROBANTES_TIENDAS;3-Medio;Masiva;CALLCENTER_KONECTA_SEVILLA
INC000003993718;Alta;DEGRADACION // CAULIFICACION CAMPAÑAS CERES // SL2;Cerrado;16/04/2026 9:08 a;CEP CAU AGI;16/04/2026 11:13;NEG_CAMP_CERES;3-Medio;Masiva;SLN ISGF Murcia
INC000003993755;Media;AGORA // ATAC JEREZ // ERROR FUNCIONAL;Cerrado;16/04/2026 11:10 a;CEP CAU AGI;22/04/2026 11:13;SOPORTE N1 CSO;4-Baja;Masiva;MESA DE AYUDA GUADALAJARA
INC000003994365;Media;IP24 // TWW  LEON // ERROR FUNCIONAL;Cerrado;16/04/2026 12:44 a;CEP CAU AGI;16/04/2026 16:46;SOP_TURING_OSP;4-Baja;Masiva;CALLCENTER_TRANSCOM_LEON
INC000003994367;Media;FICHA DE CLIENTE // TWW  LEÓN // ERROR FUNCIONAL;Cerrado;16/04/2026 12:50 a;CEP CAU AGI;07/05/2026 9:12;DES_SOE_FICHA;3-Medio;Masiva;CALLCENTER_TRANSCOM_LEON
INC000003994396;Media;PRDIAS-27493 DJINGO // GUADALAJARA  // FUNCIONAL;Cerrado;16/04/2026 14:35 a;CEP CAU AGI;21/04/2026 13:15;DES_DJINGO;3-Medio;Masiva;MESA DE AYUDA GUADALAJARA
INC000003994549;Media;WEB COMPROBANTES// MARKTEL VALENCIA// ERROR FUNCIONAL;Cerrado;16/04/2026 13:03 a;CEP CAU AGI;16/04/2026 13:34;SOP_MOV_COMPROBANTES_TIENDAS;3-Medio;Masiva;SLN Marktel Valencia
INC000003994576;Media;PRDIAS-27488 DJINGO // TLP MEDELLIN//FUNCIONAL;Cerrado;16/04/2026 15:15 a;CEP CAU AGI;21/04/2026 13:17;DES_DJINGO;4-Baja;Masiva;ATC_MADRID_MASIVO
INC000003994896;Media;PRDIAS-27540 ASISTENTE //  CORUÑA // ERROR FUNCIONAL;Cerrado;17/04/2026 11:15 a;CEP CAU AGI;20/04/2026 12:34;SOP_ASISTENTE;3-Medio;Masiva;SLN Arvato Salamanca
INC000003994947;Alta;DEGRADACION / Caída circuito Palos- Bogotá /SL2;Cerrado;16/04/2026 16:55 a;TS GSS MONITORIZACION;17/04/2026 9:01;GNOC;2-Alta;Masiva;AGI_ALERTAS_CaaS
INC000003995158;Media;Posible incidencia Masiva de activacion erronea esim;Cerrado;16/04/2026 21:34 a;Operador (A.G.I.);22/04/2026 17:15;FRONTOFFICE;3-Medio;Masiva;FRONTOFFICE
INC000003995193;Media;GED // ISGF // SIN ACCESO;Cerrado;17/04/2026 10:07 a;CEP CAU AGI;17/04/2026 11:45;GC GeD;3-Medio;Masiva;SLN ISGF Murcia
INC000003995348;Media;FICHA DE CLIENTE // LA FINCA // ERROR FUNCIONAL;Cerrado;17/04/2026 11:00 a;CEP CAU AGI;30/04/2026 16:23;CEP CAU AGI;3-Medio;Masiva;CEP CAU AGI
INC000003995373;Media;FICHA DE CLIENTE // GUADALAJARA // ERROR FUNCIONAL;Cerrado;17/04/2026 11:55 a;CEP CAU AGI;27/04/2026 17:28;DES_SOE_FICHA;3-Medio;Masiva;MESA DE AYUDA GUADALAJARA
INC000003996095;Alta;DEGRADACION/SAP/SL2;Cerrado;17/04/2026 17:23 a;FRONTOFFICE;17/04/2026 21:22;SOP_SAP_LO;2-Alta;Masiva;SOP_RESPONSABLE_SERVICIO
INC000003996206;Media;ECARE//LA FINCA// ERROR FUNCIONA;Cerrado;17/04/2026 11:54 a;CEP CAU AGI;27/04/2026 6:41;CEP CAU AGI;4-Baja;Masiva;CEP CAU AGI
INC000003996495;Media;FICHA CLIENTE MM // TLP MEDELLIN // LENTITUD;Cerrado;20/04/2026 10:20 a;CEP CAU AGI;20/04/2026 21:11;SOP_BSS_JAZZTEL;4-Baja;Masiva;ATC_MADRID_MASIVO
INC000003996498;Media;FICHA CLIENTE//ISGF MADRID//ERROR FUNCIONAL;Cerrado;20/04/2026 10:31 a;CEP CAU AGI;20/04/2026 12:01;SOPORTE N1 CSO;4-Baja;Masiva;SLN ISGF Murcia
INC000003996677;Media;DJINGO //TLP MEDELLIN// ERROR FUNCIONAL;Cerrado;20/04/2026 9:52 a;CEP CAU AGI;20/04/2026 15:17;SOP_DJINGO;4-Baja;Masiva;ATC_MADRID_MASIVO
INC000003997498;Media;DEGRADACION/MIJAZZTEL/SL2;Cerrado;20/04/2026 12:56 a;CEP CAU AGI;28/04/2026 10:40;SOPORTE N1 CSO;4-Baja;Masiva;CALLCENTER_TRANSCOM_LEON
INC000003997604;Alta;DEGRADACIÓN / TOKEN USUARIO / SL2;Cerrado;20/04/2026 10:57 a;CEP CAU AGI;20/04/2026 15:20;SOP_ONURIS;1-Crítica;Masiva;CALLCENTER_KONECTA_SEVILLA
INC000003997708;Media;CRM // MARKTEL VALENCIA // ERROR FUNCIONAL;Cerrado;20/04/2026 11:11 a;CEP CAU AGI;20/04/2026 15:16;SOP_NABOO;4-Baja;Masiva;SLN Marktel Valencia
INC000003997853;Media;IVR // ISGF MADRID // ERROR FUNCIONAL;Cerrado;20/04/2026 14:25 a;CEP CAU AGI;20/04/2026 21:22;CEP CAU AGI;4-Baja;Masiva;SLN ISGF Murcia
INC000003998562;Media;WEB COMPROBANTES // OEST // FUNCIONAL;Cerrado;21/04/2026 11:37 a;CEP CAU AGI;22/04/2026 12:17;SOP_MOV_COMPROBANTES_TIENDAS;4-Baja;Masiva;OEST - SL
INC000003998599;Media;FICHA DE CLIENTE //BOSH VIGO // FUNCIONAL;Cerrado;21/04/2026 14:26 a;CEP CAU AGI;06/05/2026 11:40;APL_MOV_SOE;4-Baja;Masiva;APL_ING_CALL_CENTER
INC000003998712;Media;CERES// OEST-SALAMANCA // FUNCIONAL;Cerrado;21/04/2026 9:12 a;CEP CAU AGI;21/04/2026 9:29;APL_MOV_CERES;3-Medio;Masiva;OEST - SL
INC000003998947;Media;SIEBEL IP24 // ATAC JEREZ // FUNCIONAL;Cerrado;21/04/2026 11:12 a;CEP CAU AGI;27/04/2026 9:33;SOP_SMC_TEIDE;4-Baja;Masiva;MESA DE AYUDA GUADALAJARA
INC000003999536;Alta;DEGRADACION / CIRCUITO LA FINCA - ULISES / SL2;Cerrado;22/04/2026 1:04 a;RTV-TECSE RED DATOS;22/04/2026 4:26;RTV-EXTERNAS RDC;2-Alta;Masiva;Operador (A.G.I.)
INC000003999738;Media;PRDIAS-27582 DJINGO // LA FINCA // ERROR FUNCIONAL;Cerrado;22/04/2026 8:27 a;CEP CAU AGI;24/04/2026 7:59;DES_DJINGO;4-Baja;Masiva;CEP CAU AGI
INC000003999824;Media;ASISTENTE // ADI // ERROR FUNCIONAL;Cerrado;22/04/2026 8:28 a;CEP CAU AGI;22/04/2026 9:21;SOP_ASISTENTE;3-Medio;Masiva;APL_ING_CALL_CENTER
INC000003999898;Media;FICHA DE CLIENTE // MADISON VALLADOLID // LENTITUD;Cerrado;22/04/2026 15:06 a;CEP CAU AGI;22/04/2026 17:30;APL_MOV_CERES;4-Baja;Masiva;APL_ING_CALL_CENTER
INC000004000467;Media;SIEBEL 8 IP24  // TLP ATAC JEREZ // ERROR FUNCIONAL;Cerrado;22/04/2026 20:40 a;CEP CAU AGI;24/04/2026 10:29;CEP CAU AGI;4-Baja;Masiva;APL_CON_DESA_SERVICIO_ICF
INC000004000475;Media;FICHA DE CIENTE// LA FINCA // FUNCIONAL;Cerrado;23/04/2026 8:17 a;CEP CAU AGI;08/05/2026 8:52;DES_SOE_FICHA;3-Medio;Masiva;Soporte CCA
INC000004000548;Media;SIEBEL 7 // JAZZPLAT GUADALAJARA // ERROR FUNCIONAL;Resuelto;22/04/2026 16:42 a;CEP CAU AGI;12/05/2026 9:49;SOP_SMC_TEIDE;4-Baja;Masiva;EDS_MTO
INC000004000553;Media;CERES // SALAMANCA // ERROR FUNCIONAL;Cerrado;22/04/2026 16:43 a;CEP CAU AGI;22/04/2026 17:25;CEP CAU AGI;3-Medio;Masiva;SLN Arvato Salamanca
INC000004000590;Media;SIEBEL IP24 - ATAC JEREZ // FUNCIONAL;Cerrado;23/04/2026 11:22 a;CEP CAU AGI;29/04/2026 12:41;SOP_SMC_TEIDE;4-Baja;Masiva;MESA DE AYUDA GUADALAJARA
INC000004000692;Media;DJINGO//JAZZPLAT BOGOTA//ERROR FUNCIONAL;Cerrado;23/04/2026 10:01 a;CEP CAU AGI;23/04/2026 12:05;SOP_ASISTENTE;3-Medio;Masiva;MESA DE AYUDA COLOMBIA
INC000004001701;Alta;DEGRADACIÓN / CIRCUITO SERMICRO PALOS / SL2;Cerrado;23/04/2026 11:38 a;RTV-TECSE RED DATOS;27/04/2026 8:31;GNOC;2-Alta;Masiva;Operador (A.G.I.)
INC000004002675;Media;FICHA DE CLIENTE // TWW LEÓN // ERROR FUNCIONAL;Cerrado;24/04/2026 14:11 a;CEP CAU AGI;06/05/2026 15:54;CEP CAU AGI;4-Baja;Masiva;CALLCENTER_TRANSCOM_LEON
INC000004002704;Media;IP24 // BOGOTA // FUNCIONAL;Cerrado;24/04/2026 11:50 a;CEP CAU AGI;27/04/2026 6:33;CEP CAU AGI;4-Baja;Masiva;MESA DE AYUDA COLOMBIA
INC000004002731;Media;DYNAMICS // ATENTO MADRID // ERROR FUNCIONAL;Cerrado;24/04/2026 14:34 a;CEP CAU AGI;27/04/2026 6:53;CEP CAU AGI;4-Baja;Masiva;APL_ING_CALL_CENTER
INC000004002840;Media;DEO // TLP MEDELLIN // NO ACCESO;Cerrado;24/04/2026 15:25 a;CEP CAU AGI;27/04/2026 6:31;CEP CAU AGI;4-Baja;Masiva;ATC_MADRID_MASIVO
INC000004003733;Media;PRDIAS-27618 LIVEPERSON //TLP MEDELLIN // FUNCIONAL;Cerrado;27/04/2026 9:34 a;CEP CAU AGI;27/04/2026 13:25;DES_DJINGO;3-Medio;Masiva;ATC_MADRID_MASIVO
INC000004003756;Media;SIEBEL 7 // SALAMANCA // FUNCIONAL;Cerrado;27/04/2026 11:23 a;CEP CAU AGI;27/04/2026 17:00;Soporte Siebel;4-Baja;Masiva;APL_CON_DESA_SERVICIO_ICF
INC000004003795;Media;[2026R4] CRM // TLP MEDELLIN // FUNCIONAL;Cerrado;27/04/2026 13:33 a;CEP CAU AGI;27/04/2026 16:54;CEP CAU AGI;4-Baja;Masiva;ATC_MADRID_MASIVO
INC000004003922;Media;[2026R4] FICHA DE CLIENTE // FOUNDEVER SEVILLA // ERROR FUNCIONAL;Pendiente;27/04/2026 10:00 a;SOP_TURING_OSP;;SOPORTE N1 CSO;3-Medio;Masiva;APL_ING_CALL_CENTER
INC000004004262;Media;CRM // TLP MEDELLÍN // ERROR FUNCIONAL;Cerrado;27/04/2026 14:11 a;CEP CAU AGI;29/04/2026 8:28;DES_CRM4T;4-Baja;Masiva;ATC_MADRID_MASIVO
INC000004004299;Media;SIEBEL 7 // TLP ATAC JEREZ // ERROR FUNCIONAL;Cerrado;27/04/2026 17:47 a;CEP CAU AGI;05/05/2026 17:43;Soporte Siebel;4-Baja;Masiva;MESA DE AYUDA GUADALAJARA
INC000004004301;Media;[2026R4] CRM // BOGOTA // FUNCIONAL;Cerrado;27/04/2026 11:39 a;CEP CAU AGI;29/04/2026 9:09;SOP_BSS_JAZZTEL;4-Baja;Masiva;MESA DE AYUDA COLOMBIA
INC000004004553;Media;ALTITUDE // FOUNDEVER // ERROR FUNCIONAL;Cerrado;27/04/2026 19:16 a;CEP CAU AGI;27/04/2026 19:36;SOP_TECNICO_CALL_CENTER;4-Baja;Masiva;APL_ING_CALL_CENTER
INC000004004699;Media;DIGO // DISTRIBUIDOR // ERROR FUNCIONAL;Cerrado;28/04/2026 11:51 a;CEP CAU AGI;28/04/2026 17:45;SOP_SMC_SIGMA;4-Baja;Masiva;APL_ING_CALL_CENTER
INC000004005077;Media;AGORA  // GUADALAJARA ATAC  // ERROR FUNCIONAL;Cerrado;28/04/2026 13:51 a;CEP CAU AGI;06/05/2026 9:38;NEG_CAMP_CERES;4-Baja;Masiva;NEG_PROVISION_PYME
INC000004005528;Media;FICHA DE CLIENTE // OEST OVIEDO // ERROR FUNCIONAL;Cerrado;28/04/2026 11:26 a;CEP CAU AGI;29/04/2026 12:15;CEP CAU AGI;3-Medio;Masiva;OEST - SL
INC000004005552;Media;GIROS // JAZZPLAT GUADALAJARA // ERROR FUNCIONAL;Cerrado;28/04/2026 12:23 a;CEP CAU AGI;28/04/2026 14:21;SOP_SMC_GIROS;4-Baja;Masiva;MESA DE AYUDA GUADALAJARA
INC000004005611;Media;LIVEPERSON // OEST OVIEDO // ERROR FUNCIONAL;Cerrado;28/04/2026 13:02 a;CEP CAU AGI;28/04/2026 14:41;SOP_DJINGO;3-Medio;Masiva;OEST - SL
INC000004005631;Media;PRDIAS-27635 DJINGO // OEST OVIEDO // ERROR FUNCIONAL;Resuelto;28/04/2026 14:59 a;CEP CAU AGI;11/05/2026 10:50;SOP_DJINGO;3-Medio;Masiva;OEST - SL
INC000004005872;Media;PRDIAS-27637 DJINGO // CONTROL ROOM // ERROR FUNCIONAL;Cerrado;28/04/2026 17:31 a;CEP CAU AGI;29/04/2026 12:12;DES_DJINGO;4-Baja;Masiva;CEP CAU AGI
INC000004006792;Media;ABACUS //  ATAC JEREZ // ERROR FUNCIONAL;Cerrado;29/04/2026 17:05 a;CEP CAU AGI;29/04/2026 17:57;Soporte BRM;3-Medio;Masiva;MESA DE AYUDA GUADALAJARA
INC000004006918;Media;PSP // TWW SAN FERNANDO// FUNCIONAL;Cerrado;29/04/2026 13:58 a;CEP CAU AGI;04/05/2026 11:18;SOP_SOE_OWCS;3-Medio;Masiva;CALLCENTER_TRANSCOM_LEON
INC000004006919;Media;LIVEPERSON // TLP MEDELLIN // ERROR FUNCIONAL;Cerrado;29/04/2026 13:54 a;CEP CAU AGI;04/05/2026 7:40;CEP CAU AGI;4-Baja;Masiva;ATC_MADRID_MASIVO
INC000004006989;Media;ELENA// GUADALAJARA // FUNCIONAL;Cerrado;30/04/2026 9:30 a;CEP CAU AGI;30/04/2026 10:59;NEG_ELENA;3-Medio;Masiva;MESA DE AYUDA GUADALAJARA
INC000004007051;Media;DJINGO // OEST OVIEDO // ERROR FUNCIONAL;Cerrado;29/04/2026 21:44 a;CEP CAU AGI;29/04/2026 22:59;CEP CAU AGI;3-Medio;Masiva;OEST - SL
INC000004007183;Media;PRDIAS-27676 LIVEPERSON // TLP MEDELLÍN // ERROR FUNCIONAL;Cerrado;30/04/2026 12:35 a;CEP CAU AGI;04/05/2026 7:40;CEP CAU AGI;4-Baja;Masiva;SLN Teleperformance Medellin
INC000004007902;Media;WEB/APP JAZZTEL // TLP MEDELLÍN // ERROR FUNCIONAL;Cerrado;30/04/2026 12:11 a;CEP CAU AGI;04/05/2026 11:50;SOPORTE N1 CSO;4-Baja;Masiva;SLN Teleperformance Medellin
INC000004007980;Media;QLIKSENSE // CONTROL ROOM // ERROR FUNCIONAL;Cerrado;01/05/2026 10:42 a;CEP CAU AGI;05/05/2026 15:58;SOP_TECNICO_CALL_CENTER;3-Medio;Masiva;CEP CAU AGI
INC000004007983;Media;ALTITUDE // FOUNDEVER // ERROR FUNCIONAL;Cerrado;01/05/2026 12:52 a;CEP CAU AGI;01/05/2026 23:50;SOP_TECNICO_CALL_CENTER;4-Baja;Masiva;CEP CAU AGI
INC000004008001;Media;HPFMS // ISGF MADRID // SIN ACCESO;Cerrado;30/04/2026 12:57 a;CEP CAU AGI;30/04/2026 13:39;FRAUDE;4-Baja;Masiva;SLN ISGF Murcia
INC000004008130;Alta;DEGRADACION/SGA/SL2;Cerrado;30/04/2026 17:13 a;SOP_TMC_HPE;30/04/2026 17:49;SOP_BBDD;4-Baja;Masiva;SOP_RESPONSABLE_SERVICIO
INC000004009387;Media;IP24 // REDTEMA // ERROR FUNCIONAL;Cerrado;04/05/2026 14:35 a;CEP CAU AGI;04/05/2026 16:00;SOP_SMC_TEIDE;4-Baja;Masiva;CEP CAU AGI
INC000004009842;Media;FICHA DE CLIENTE // ISGF MURCIA // ERROR FUNCIONAL;Cerrado;04/05/2026 13:10 a;CEP CAU AGI;08/05/2026 13:32;NEG_CAMP_CERES;4-Baja;Masiva;SLN ISGF Murcia
INC000004009885;Media;KRATOS // LA FINCA // ERROR FUNCIONAL;En curso;04/05/2026 16:08 a;SOP_SMC_TEIDE;;CEP CAU AGI;3-Medio;Masiva;CONTROL_ROOM
INC000004009934;Media;SIEBEL 8 // FOUNDEVER SEVILLA // ERROR FUNCIONAL;Cerrado;04/05/2026 12:47 a;CEP CAU AGI;04/05/2026 13:33;SOP_SMC_TEIDE;4-Baja;Masiva;APL_ING_CALL_CENTER
INC000004010151;Crítica;INDISPONIBILIDAD/Conectividad GCP/SL1;Cerrado;05/05/2026 3:44 a;RTV-TECSE RED DATOS;05/05/2026 16:11;OPER_COE_CLOUD;1-Crítica;Masiva;Operador (A.G.I.)
INC000004010372;Media;FICHA DE CLIENTE // ISGF MURCIA // ERROR FUNCIONAL;Cerrado;05/05/2026 10:16 a;CEP CAU AGI;05/05/2026 13:00;NEG_CAMP_CERES;3-Medio;Masiva;SLN ISGF Murcia
INC000004010398;Media;DEGRADACION/GED/SL3;Cerrado;05/05/2026 12:23 a;CEP CAU AGI;05/05/2026 14:00;GC GeD;4-Baja;Masiva;CALLCENTER_SITEL_SEVILLA
INC000004010510;Media;CERES // SALAMANCA // ERROR FUNCIONAL;Cerrado;04/05/2026 18:32 a;CEP CAU AGI;04/05/2026 19:32;SOPORTE N1 CSO;3-Medio;Masiva;SLN Arvato Salamanca
INC000004010519;Media;PRDIAS-27740  ASISTENTE / TLP MEDELLIN / ERROR FUNCIONAL;Cerrado;05/05/2026 0:18 a;CEP CAU AGI;11/05/2026 8:30;DES_ASISTENTE;4-Baja;Masiva;ATC_MADRID_MASIVO
INC000004010561;Alta;DEGRADACION/AURORA/SL2;Cerrado;05/05/2026 10:48 a;CEP CAU AGI;05/05/2026 11:27;SOP_TMC_AURORA;2-Alta;Masiva;APL_ING_CALL_CENTER
INC000004011400;Media;OMV// FINCA// ERROR FUNCIONAL;Asignado;05/05/2026 17:33 a;SOP_OSS_MOVIL;;SOPORTE N1 CSO;4-Baja;Masiva;APL_ING_CALL_CENTER
INC000004011628;Media;ALTITUDE // MARKTEL VALENCIA // ERROR FUNCIONAL;Cerrado;05/05/2026 12:49 a;CEP CAU AGI;05/05/2026 16:02;SOP_TECNICO_CALL_CENTER;4-Baja;Masiva;SLN Marktel Valencia
INC000004011770;Media;OMV // FINCA// FUNCIONAL;Cerrado;05/05/2026 15:18 a;CEP CAU AGI;05/05/2026 16:33;SOPORTE N1 CSO;3-Medio;Masiva;APL_ING_CALL_CENTER
INC000004011779;Media;FICHA DE CLIENTE//COVISIAN// FUNCIONAL;Cerrado;05/05/2026 16:02 a;CEP CAU AGI;07/05/2026 8:24;DES_MADISON;3-Medio;Masiva;APL_ING_CALL_CENTER
INC000004011800;Media;IP24 // ISGF MURCIA  // ERROR FUNCIONAL;Cerrado;05/05/2026 18:28 a;CEP CAU AGI;06/05/2026 16:20;NEG_CAMP_CERES;4-Baja;Masiva;SLN ISGF Murcia
INC000004011809;Media;FICHA DE CLIENTE // FOUNDEVER // ERROR FUNCIONAL;Cerrado;05/05/2026 13:40 a;CEP CAU AGI;05/05/2026 14:45;APL_MOV_SOE;3-Medio;Masiva;APL_ING_CALL_CENTER
INC000004011851;Media;PRDIAS-27779  DJINGO // TLP MEDELLIN // ERROR FUNCIONAL;Resuelto;05/05/2026 18:30 a;CEP CAU AGI;11/05/2026 8:29;DES_ASISTENTE;3-Medio;Masiva;SLN Teleperformance Medellin
INC000004012231;Media;LIVEPERSON // ADI // ERROR FUNCIONAL;Cerrado;06/05/2026 8:53 a;CEP CAU AGI;06/05/2026 17:31;DES_ASISTENTE;3-Medio;Masiva;SLN Arvato Salamanca
INC000004012242;Media;LIVEPERSON // ISGF MURCIA // ERROR FUNCIONAL;Cerrado;06/05/2026 9:29 a;CEP CAU AGI;06/05/2026 10:08;SOP_DJINGO;3-Medio;Masiva;SLN ISGF Murcia
INC000004012970;Media;ALTITUDE // OEST OVIEDO // ERROR FUNCIONAL;Cerrado;06/05/2026 14:49 a;CEP CAU AGI;06/05/2026 16:16;SOP_TECNICO_CALL_CENTER;4-Baja;Masiva;OEST - SL
INC000004013227;Media;CRM JAZZTEL / JAZZTEL DISTRIUCION / ERROR FUNCIONAL;Cerrado;06/05/2026 16:20 a;CEP CAU AGI;07/05/2026 10:14;SOPORTE N1 CSO;4-Baja;Masiva;PROC_CAD
INC000004013306;Media;IP24 // TWW LEON // ERROR FUNCIONAL;Cerrado;06/05/2026 14:05 a;CEP CAU AGI;06/05/2026 16:18;NEG_CAMP_CERES;4-Baja;Masiva;CALLCENTER_TRANSCOM_LEON
INC000004013384;Media;WEB DE COMPROBANTES // TWW LEON // FUNCIONAL;Cerrado;07/05/2026 11:30 a;CEP CAU AGI;07/05/2026 13:28;SOP_MOV_COMPROBANTES_TIENDAS;3-Medio;Masiva;USU_COBROS
INC000004013552;Media;VERINT / FOUNDEVER SEVILLA // ERROR FUNCIONAL;Cerrado;07/05/2026 9:31 a;CEP CAU AGI;07/05/2026 15:17;SOP_TECNICO_CALL_CENTER;3-Medio;Masiva;APL_ING_CALL_CENTER
INC000004013553;Media;PRDIAS-27824 DJINGO // OEST OVIEDO // ERROR FUNCIONAL;Pendiente;07/05/2026 9:33 a;DES_DJINGO;;CEP CAU AGI;3-Medio;Masiva;OEST - SL
INC000004013572;Media;IP24 // TWW LEON // FUNCIONAL;Cerrado;07/05/2026 11:11 a;CEP CAU AGI;07/05/2026 13:58;NEG_CAMP_CERES;4-Baja;Masiva;CALLCENTER_TRANSCOM_LEON
INC000004013806;Media;REMEDY // GUADALAJARA // ERROR FUNCIONAL.;Cerrado;07/05/2026 8:06 a;CEP CAU AGI;07/05/2026 13:00;DES_REMEDY;4-Baja;Masiva;MESA DE AYUDA GUADALAJARA
INC000004013842;Media;FICHA DE CLIENTE // TWW LEON // FUNCIONAL;Cerrado;07/05/2026 11:02 a;CEP CAU AGI;07/05/2026 13:56;NEG_CAMP_CERES;3-Medio;Masiva;CALLCENTER_TRANSCOM_LEON
INC000004014553;Media;FICHA DE CLIENTE //KONECTA SEVILLA // FUNCIONAL;Pendiente;07/05/2026 16:01 a;DES_SOE_FICHA;;DES_SOE_FICHA;4-Baja;Masiva;CALLCENTER_KONECTA_SEVILLA
INC000004014582;Media;DEGRADACIÓN / SARO / SL3;Cerrado;07/05/2026 17:10 a;CEP CAU AGI;07/05/2026 22:14;SOP_BSS_JAZZTEL;2-Alta;Masiva;MESA DE AYUDA GUADALAJARA
INC000004014639;Media;ALTITUDE // GUADALAJARA // FUNCIONAL;Cerrado;07/05/2026 15:55 a;CEP CAU AGI;08/05/2026 9:23;SOP_TECNICO_CALL_CENTER;4-Baja;Masiva;MESA DE AYUDA GUADALAJARA
INC000004014676;Media;LIVEPERSON//KONECTA// ERROR FUNCIONAL;Pendiente;07/05/2026 17:56 a;CEP CAU AGI;;SOP_DJINGO;4-Baja;Masiva;CALLCENTER_KONECTA_SEVILLA
INC000004014746;Media;FICHA DE CLIENTE // LA FINCA // ERROR FUNCIONAL;Resuelto;07/05/2026 17:31 a;CEP CAU AGI;11/05/2026 9:31;Soporte Siebel;3-Medio;Masiva;BO CLIENTE FINAL
INC000004015827;Media;IP24 // GUADALAJARA ATAC // FUNCIONAL;Pendiente;08/05/2026 12:40 a;SOPORTE N1 CSO;;SOP_SMC_TEIDE;4-Baja;Masiva;NEG_PROVISION_PYME
INC000004015960;Media;GESTOCK  // TLP ATAC JEREZ // ERROR FUNCIONAL;Cerrado;08/05/2026 14:59 a;CEP CAU AGI;08/05/2026 16:47;SOP_TMC_GESTOCK;3-Medio;Masiva;APL_CON_DESA_SERVICIO_ICF
INC000004016260;Media;PRDIAS-27853 DJINGO // LA FINCA // ERROR FUNCIONAL;Pendiente;11/05/2026 9:49 a;DES_DJINGO;;;3-Medio;Masiva;CEP CAU AGI
INC000004016344;Media;OCEANE//JAZZPLAT GUADALAJARA// FUNCIONAL;Cerrado;10/05/2026 12:35 a;CEP CAU AGI;11/05/2026 8:26;SOPORTE N1 CSO;3-Medio;Masiva;MESA DE AYUDA GUADALAJARA
INC000004016375;Media;FICHA DE CLIENTE //  ISGF MURCIA // ERROR FUNCIONAL;Cerrado;11/05/2026 10:00 a;CEP CAU AGI;11/05/2026 13:46;APL_MOV_SOE;3-Medio;Masiva;SLN ISGF Murcia
INC000004016971;Media;MONITOR DE WHATSAPP // LA FINCA // ERRO FUNCIONAL;Cerrado;11/05/2026 11:38 a;CEP CAU AGI;11/05/2026 13:38;SOP_DJINGO;3-Medio;Masiva;CEP CAU AGI
INC000004016978;Media;GUISS // GUADALAJARA // ERROR FUNCIONAL;Cerrado;11/05/2026 11:52 a;CEP CAU AGI;11/05/2026 13:51;CEP CAU AGI;4-Baja;Masiva;MESA DE AYUDA GUADALAJARA
INC000004017542;Media;GED // FOUNDEVER // SIN ACCESO;Cerrado;11/05/2026 13:00 a;CEP CAU AGI;11/05/2026 16:13;GC GeD;3-Medio;Masiva;CALLCENTER_SITEL_SEVILLA
INC000004017569;Media;PRDIAS-27860 LIVEPERSON // TLP MEDELLÍN // ERROR FUNCIONAL;Pendiente;11/05/2026 14:57 a;SOP_DJINGO;;;3-Medio;Masiva;ATC_MADRID_MASIVO
INC000004017866;Media;CERES // TWW LEON // ERROR FUNCIONAL;Cerrado;12/05/2026 9:24 a;CEP CAU AGI;12/05/2026 9:50;APL_MOV_CERES;3-Medio;Masiva;CALLCENTER_TRANSCOM_LEON
INC000004017869;Media;CERES // OEST // ERROR FUNCIONAL;Asignado;12/05/2026 10:24 a;OEST - SL;;CEP CAU AGI;3-Medio;Masiva;OEST - SL
INC000004018318;Media;FICHA DE CLIENTE // ISGF MURCIA // ERROR FUNCIONAL;Asignado;12/05/2026 8:21 a;NEG_CAMP_CERES;;;3-Medio;Masiva;APL_ING_CALL_CENTER
INC000004018342;Media;DJINGO // ISGF MURCIA // ERROR FUNCIONAL;Resuelto;12/05/2026 10:35 a;CEP CAU AGI;12/05/2026 13:19;SOP_DJINGO;3-Medio;Masiva;SLN ISGF Murcia
INC000004018614;Media;IP24 // TLP ATAC JEREZ // ERROR FUNCIONAL;En curso;12/05/2026 11:30 a;SOP_SMC_TEIDE;;;4-Baja;Masiva;APL_CON_DESA_SERVICIO_ICF
INC000004018625;Media;IP24 // FOUNDEVER SEVILLA // ERROR FUNCIONAL;Pendiente;12/05/2026 11:57 a;SOP_SMC_TEIDE;;CEP CAU AGI;4-Baja;Masiva;CALLCENTER_SITEL_SEVILLA
INC000004018901;Media;GUISS // JAZZPLAT GUADALAJARA // ERROR FUNCIONAL;Resuelto;12/05/2026 11:42 a;CEP CAU AGI;12/05/2026 13:11;CEP CAU AGI;4-Baja;Masiva;MESA DE AYUDA GUADALAJARA
