ID de incidencia,Prioridad,Descripción,Estatus,Fecha de envío,Grupo asignado,Fecha de última resolución,Grupo Resolutor,Urgencia,Impacto,Grupo Remitente
INC000003884945,Media,LIVEPERSON // DERIO // ERROR FUNCIONAL,Cerrado,02/01/2026 8:14 AM,CEP CAU AGI,12/01/2026 8:24 AM,CEP CAU AGI,4-Baja,Masiva,SLN Arvato Salamanca
INC000003884989,Media,PRDIAS-25896 LIVEPERSON // CORUÑA // ERROR FUNCIONAL,Cerrado,02/01/2026 3:18 PM,CEP CAU AGI,23/02/2026 8:32 AM,CEP CAU AGI,3-Medio,Masiva,SLN Arvato Salamanca
INC000003885040,Alta,INDISPONIBILIDAD/ aotlxprvin10211/SL2,Cerrado,02/01/2026 1:02 AM,RTV-TECSE RED DATOS,02/01/2026 5:17 AM,GNOC,2-Alta,Masiva,Operador (A.G.I.)
INC000003885083,Media,A-FICHA DE CLIENTE / SOFTTEK / NO ACCESO,Cerrado,02/01/2026 2:16 PM,CEP CAU AGI,05/01/2026 7:05 AM,CEP CAU AGI,4-Baja,Masiva,TEIDE_OSP_ICF
INC000003885087,Media,PANGEA // ATAC SALAMANCA // ERROR FUNCIONAL,Cerrado,02/01/2026 2:21 PM,CEP CAU AGI,05/01/2026 5:29 PM,CEP CAU AGI,4-Baja,Masiva,NEG_PROVISION_PYME
INC000003885270,Media,IP24 // MAJOREL JEREZ // ERROR FUNCIONAL,Cerrado,02/01/2026 12:21 PM,CEP CAU AGI,05/01/2026 7:02 AM,CEP CAU AGI,4-Baja,Masiva,APL_CON_DESA_SERVICIO_ICF
INC000003885514,Alta,DEGRADACIÓN / ZABBIX AYSCOM / SL2,Cerrado,02/01/2026 6:19 AM,TS GSS MONITORIZACION,02/01/2026 9:33 AM,SOP_AYSCOM_IT,2-Alta,Masiva,Operador (A.G.I.)
INC000003885561,Media,SIEBEL // LA FINCA // ERROR FUNCIONAL,Cerrado,02/01/2026 1:47 PM,CEP CAU AGI,12/01/2026 3:17 PM,Soporte Siebel,4-Baja,Masiva,TEIDE_OSP_ICF
INC000003886407,Media,IVR // CONTROLROOM // ERROR FUNCIONAL,Cerrado,02/01/2026 8:58 PM,CEP CAU AGI,05/01/2026 6:59 AM,CEP CAU AGI,4-Baja,Masiva,FRONTOFFICE
INC000003887713,Media,ALTAIR // GUADALAJARA // ERROR FUNCIONAL,Cerrado,05/01/2026 3:05 PM,CEP CAU AGI,07/01/2026 9:16 PM,CEP CAU AGI,4-Baja,Masiva,MESA DE AYUDA GUADALAJARA
INC000003888115,Media,ALTAIR // BOGOTA // ERROR FUNCIONAL,Cerrado,05/01/2026 6:55 PM,CEP CAU AGI,05/01/2026 7:53 PM,CEP CAU AGI,4-Baja,Masiva,MESA DE AYUDA COLOMBIA
INC000003888123,Media,LIVEPERSON // MEDELLIN // ERROR FUNCIONAL,Cerrado,07/01/2026 12:46 AM,CEP CAU AGI,07/01/2026 12:31 PM,SOP_DJINGO,3-Medio,Masiva,SLN Teleperformance Medellin
INC000003888310,Media,LIVEPERSON // MARKTEL VALENCIA // ERROR FUNCIONAL,Cerrado,06/01/2026 5:02 PM,CEP CAU AGI,07/01/2026 9:06 AM,SOP_DJINGO,4-Baja,Masiva,SLN Arvato Salamanca
INC000003888351,Media,FICHA CLIENTE // ISGF MURCIA // ERROR FUNCIONAL,Cerrado,07/01/2026 10:42 AM,CEP CAU AGI,07/01/2026 12:46 PM,CEP CAU AGI,4-Baja,Masiva,SLN ISGF Murcia
INC000003889218,Media,IP24 // FOUNDEVER SEVILLA // ERROR FUNCIONAL,Cerrado,07/01/2026 1:19 PM,CEP CAU AGI,12/01/2026 8:24 AM,CEP CAU AGI,4-Baja,Masiva,TEIDE_OSP_ICF
INC000003889220,Media,IP24 // ATAC JEREZ // ERROR FUNCIONAL,Cerrado,07/01/2026 1:35 PM,CEP CAU AGI,07/01/2026 5:10 PM,CEP CAU AGI,4-Baja,Masiva,APL_CON_DESA_SERVICIO_ICF
INC000003889289,Crítica,SIN ACCESO // IVR // SL1,Cerrado,07/01/2026 8:34 PM,CEP CAU AGI,07/01/2026 9:02 PM,SOP_TECNICO_CALL_CENTER,1-Crítica,Masiva,TEIDE_OSP_ICF
INC000003889370,Media,A-LIVEPERSON // GUADALAJARA // ERROR FUNCIONAL,Cerrado,07/01/2026 7:08 PM,CEP CAU AGI,19/01/2026 8:09 AM,MESA DE AYUDA GUADALAJARA,4-Baja,Masiva,MESA DE AYUDA GUADALAJARA
INC000003889371,Media,CRM JAZZTEL // MEDELLIN // ERROR FUNCIONAL,Cerrado,07/01/2026 7:32 PM,CEP CAU AGI,07/01/2026 8:39 PM,SOP_BSS_JAZZTEL,4-Baja,Masiva,ATC_MADRID_MASIVO
INC000003889469,Media,DJINGO // CONTROL ROOM // ERROR FUNCIONAL,Cerrado,07/01/2026 9:43 PM,CEP CAU AGI,07/01/2026 10:20 PM,SOP_DJINGO,4-Baja,Masiva,TEIDE_OSP_ICF
INC000003889889,Media,FICHA CLIENTE MM / BOGOTA / ERROR FUNCIONAL,Cerrado,08/01/2026 12:55 PM,CEP CAU AGI,12/01/2026 8:22 AM,CEP CAU AGI,4-Baja,Masiva,MESA DE AYUDA COLOMBIA
INC000003889892,Media,AREA PRIVADA CLIENTES / MAJOREL SALAMANCA / SIN ACCESO,Cerrado,08/01/2026 12:52 PM,CEP CAU AGI,08/01/2026 2:44 PM,SOP_TMC_ACME,4-Baja,Masiva,APL_CON_DESA_SERVICIO_ICF
INC000003890158,Media,LIVEPERSON // MEDELLIN // ERROR FUNCIONAL,Cerrado,08/01/2026 12:35 PM,CEP CAU AGI,12/01/2026 8:21 AM,CEP CAU AGI,4-Baja,Masiva,ATC_MADRID_MASIVO
INC000003890478,Media,PACO // MAJOREL JEREZ // ERROR FUNCIONAL,Cerrado,08/01/2026 4:38 PM,CEP CAU AGI,09/01/2026 9:53 AM,DES_PACO_OSP,4-Baja,Masiva,APL_CON_DESA_SERVICIO_ICF
INC000003891036,Media,PANGEA // ATAC SALAMANCA // ERROR FUNCIONAL,Cerrado,09/01/2026 9:26 AM,CEP CAU AGI,14/01/2026 8:53 AM,DES_SOE_PANGEA,4-Baja,Masiva,NEG_PROVISION_PYME
INC000003891042,Media,LIVEPERSON // MARKTEL VALENCIA // ERROR FUNCIONAL,Cerrado,09/01/2026 10:23 AM,CEP CAU AGI,12/01/2026 8:21 AM,CEP CAU AGI,4-Baja,Masiva,SLN Arvato Salamanca
INC000003891244,Media,FICHA DE CLIENTE // MAJOREL SALAMANCA // ERROR FUNCIONAL,Cerrado,09/01/2026 10:12 AM,CEP CAU AGI,12/01/2026 8:21 AM,CEP CAU AGI,4-Baja,Masiva,APL_CON_DESA_SERVICIO_ICF
INC000003891589,Media,FICHA DE CLIENTE // BOGOTA // ERROR FUNCIONAL,Cerrado,10/01/2026 2:07 AM,CEP CAU AGI,10/01/2026 2:30 PM,CEP CAU AGI,4-Baja,Masiva,MESA DE AYUDA COLOMBIA
INC000003891799,Media,PRDIAS-25932 LIVEPERSON // BOGOTA // ERROR FUNCIONAL,Cerrado,10/01/2026 3:49 PM,CEP CAU AGI,13/01/2026 8:18 AM,SOP_ASISTENTE,4-Baja,Masiva,MESA DE AYUDA COLOMBIA
INC000003891947,Media,PRDIAS-25933 LIVEPERSON // MEDELLIN // ERROR FUNCIONAL,Cerrado,10/01/2026 7:29 PM,CEP CAU AGI,19/01/2026 8:04 AM,CEP CAU AGI,4-Baja,Masiva,SLN Arvato Salamanca
INC000003891948,Media,PRDIAS-25932 LIVEPERSON // BOGOTA // ERROR FUNCIONAL,Cerrado,10/01/2026 8:23 PM,CEP CAU AGI,13/01/2026 8:19 AM,SOP_ASISTENTE,4-Baja,Masiva,SLN Arvato Salamanca
INC000003891953,Media,PRDIAS-25934 DJINGO //CONTROL ROOM // ERROR FUNCIONAL,Cerrado,11/01/2026 7:14 PM,CEP CAU AGI,29/01/2026 10:01 AM,DES_DJINGO,4-Baja,Masiva,TEIDE_OSP_ICF
INC000003891978,Media,CERES // OEST OVIEDO // ERROR FUNCIONAL,Cerrado,12/01/2026 9:10 AM,CEP CAU AGI,12/01/2026 9:31 AM,CEP CAU AGI,3-Medio,Masiva,OEST - SL
INC000003892713,Media,ALTAIR // BOGOTA //ERROR FUNCIONAL,Cerrado,11/01/2026 12:20 PM,CEP CAU AGI,11/01/2026 3:51 PM,Soporte Datapower,4-Baja,Masiva,MESA DE AYUDA COLOMBIA
INC000003892808,Media,FICHA DE CLIENTE // GUADALAJARA // ERROR FUNCIONAL,Cerrado,10/01/2026 6:33 PM,CEP CAU AGI,12/01/2026 12:20 PM,DESARROLLO MIDDLEWARE,4-Baja,Masiva,MESA DE AYUDA GUADALAJARA
INC000003892841,Media,LIVEPERSON // JAZZPLAT BOGOTA // LENTITUD,Cerrado,12/01/2026 9:33 AM,CEP CAU AGI,12/01/2026 10:05 AM,SOP_ASISTENTE,4-Baja,Masiva,MESA DE AYUDA COLOMBIA
INC000003892884,Media,WEB DE COMPROBANTES // OEST // ERROR FUNCIONAL,Cerrado,12/01/2026 11:17 AM,CEP CAU AGI,12/01/2026 12:27 PM,SOP_MOV_COMPROBANTES_TIENDAS,4-Baja,Masiva,OEST - SL
INC000003892890,Media,IP24 // MAJOREL JEREZ // ERROR FUNCIONAL,Cerrado,12/01/2026 11:16 AM,CEP CAU AGI,12/01/2026 12:05 PM,TEIDE_OSP_Soporte_Tecnico,4-Baja,Masiva,APL_CON_DESA_SERVICIO_ICF
INC000003893529,Alta,DEGRADACION/LUNA/SL2,Cerrado,12/01/2026 12:07 PM,RTV-TECSE RED DATOS,12/01/2026 2:13 PM,Atlas_Soporte_BBDD,2-Alta,Masiva,Operador (A.G.I.)
INC000003893539,Media,FICHA DE CLIENTE // OEST OVIEDO // ERRO FUNCIONAL,Cerrado,12/01/2026 12:15 PM,CEP CAU AGI,15/01/2026 8:15 AM,TEIDE_OSP_Soporte_Tecnico,3-Medio,Masiva,OEST - SL
INC000003893555,Media,FICHA DE CLIENTE // MEDELLIN // ERROR FUNCIONAL,Cerrado,12/01/2026 12:44 PM,CEP CAU AGI,15/01/2026 10:04 AM,SOP_KRATOS,4-Baja,Masiva,ATC_MADRID_MASIVO
INC000003893705,Media,FICHA DE CLIENTE // ISGF MURCIA // ERROR FUNCIONAL,Cerrado,12/01/2026 11:56 AM,CEP CAU AGI,12/01/2026 2:01 PM,CEP CAU AGI,3-Medio,Masiva,SLN ISGF Murcia
INC000003893762,Media,FICHA DE CLIENTE // BOSCH VIGO PONTEVEDRA // ERROR FUNCIONAL,Cerrado,12/01/2026 2:52 PM,CEP CAU AGI,12/01/2026 5:01 PM,CEP CAU AGI,4-Baja,Masiva,TEIDE_OSP_ICF
INC000003894050,Media,CERES // OEST Y SALAMANCA // ERROR FUNCIONAL,Cerrado,12/01/2026 4:44 PM,CEP CAU AGI,12/01/2026 5:17 PM,CEP CAU AGI,4-Baja,Masiva,OEST - SL
INC000003894095,Media,FICHA CLIENTE MM // ISGF MADRID // ERROR FUNCIONAL,Cerrado,13/01/2026 10:10 AM,CEP CAU AGI,10/03/2026 8:51 AM,DES_SOE_MICROSJZ,4-Baja,Masiva,SLN ISGF Murcia
INC000003894204,Media,LIVEPERSON // GUADALAJARA // ERROR FUNCIONAL,Cerrado,12/01/2026 3:45 PM,CEP CAU AGI,12/01/2026 4:06 PM,SOP_DJINGO,3-Medio,Masiva,MESA DE AYUDA GUADALAJARA
INC000003894270,Media,[CSO] FICHA CLIENTE MM // BOGOTA // ERROR FUNCIONAL,Cerrado,13/01/2026 9:33 AM,CEP CAU AGI,15/01/2026 1:05 PM,APL_CON_GEA_DATA,4-Baja,Masiva,USU_GEST_JAZZPLAT
INC000003894274,Alta,CRM JAZZTEL // JAZZPLAT BOGOTA // ERROR FUNCIONAL,Cerrado,13/01/2026 9:39 AM,CEP CAU AGI,13/01/2026 12:12 PM,SOP_NABOO,2-Alta,Masiva,MESA DE AYUDA COLOMBIA
INC000003894291,Media,IP24 // SEVILLA // ERROR FUNCIONAL,Cerrado,13/01/2026 10:19 AM,CEP CAU AGI,19/01/2026 8:04 AM,CEP CAU AGI,4-Baja,Masiva,TEIDE_OSP_ICF
INC000003895061,Media,IP24 // MARKTEL VALENCIA // ERROR FUNCIONAL,Cerrado,13/01/2026 4:16 PM,CEP CAU AGI,14/01/2026 2:53 PM,SOP_MOV_COMPROBANTES_TIENDAS,4-Baja,Masiva,SLN Marktel Valencia
INC000003895097,Media,ALTAIR / TP JEREZ / ERROR FUNCIONAL,Cerrado,13/01/2026 9:46 PM,CEP CAU AGI,20/01/2026 11:06 AM,CEP CAU AGI,4-Baja,Masiva,TEIDE_OSP_ICF
INC000003895098,Alta,DEGRADACIÓN / SOC / SL2,Cerrado,13/01/2026 9:46 PM,RTV-TECSE RED DATOS,14/01/2026 12:04 PM,Atlas_Soporte_Linux_Vmware,2-Alta,Masiva,Operador (A.G.I.)
INC000003895317,Media,CLARION // MADRID // ERROR FUNCIONAL,Cerrado,13/01/2026 1:26 PM,CEP CAU AGI,20/01/2026 10:23 AM,CEP CAU AGI,3-Medio,Masiva,USU_WHOLESALE
INC000003895400,Alta,A-INDISPONIBILIDAD/WEB MANTENEDORES/SL2,Cerrado,14/01/2026 7:49 AM,CEP CAU AGI,15/01/2026 4:45 PM,CEP CAU AGI,2-Alta,Masiva,MESA DE AYUDA GUADALAJARA
INC000003895429,Media,ACCESO UNICO KENAN // ISGF // ERROR ACCESO,Cerrado,13/01/2026 2:53 PM,CEP CAU AGI,13/01/2026 3:52 PM,CEP CAU AGI,4-Baja,Masiva,SLN ISGF Murcia
INC000003896143,Alta,CRM JAZZTEL // MARKTEL VALENCIA // ERROR FUNCIONAL,Cerrado,14/01/2026 11:07 AM,CEP CAU AGI,14/01/2026 3:53 PM,SOP_BSS_JAZZTEL,2-Alta,Masiva,SLN Marktel Valencia
INC000003896158,Media,WEB MANTENEDORES // MADRID // ERROR FUNCIONAL,Cerrado,14/01/2026 11:42 AM,CEP CAU AGI,16/01/2026 7:31 AM,DES_MANTENEDORES,4-Baja,Masiva,ST_FTTH
INC000003896173,Media,IVR // ISGF MURCIA // ERROR FUNCIONAL,Cerrado,14/01/2026 1:23 PM,CEP CAU AGI,16/01/2026 1:29 PM,SOP_TECNICO_CALL_CENTER,4-Baja,Masiva,SLN ISGF Murcia
INC000003896186,Alta,Incidencia masiva - Ordenes de Cambio de eSIM rechazada,Cerrado,14/01/2026 2:36 PM,FRONTOFFICE,14/01/2026 3:19 PM,FRONTOFFICE,2-Alta,Masiva,FRONTOFFICE
INC000003896353,Media,IP24 // LUGO // ERROR FUNCIONAL,Cerrado,14/01/2026 12:14 PM,CEP CAU AGI,19/01/2026 8:26 AM,CEP CAU AGI,4-Baja,Masiva,TEIDE_OSP_ICF
INC000003896854,Media,FICHA DE CLIENTE / BOSCH VIGO / ERROR FUNCIONAL,Cerrado,14/01/2026 7:59 PM,CEP CAU AGI,15/01/2026 2:19 PM,CEP CAU AGI,4-Baja,Masiva,TEIDE_OSP_ICF
INC000003897111,Media,FICHA CLIENTE MM / BOGOTA / ERROR FUNCIONAL,Cerrado,14/01/2026 5:02 PM,CEP CAU AGI,20/01/2026 4:05 PM,CEP CAU AGI,4-Baja,Masiva,MESA DE AYUDA COLOMBIA
INC000003897118,Media,FICHA DE CLIENTE / FOUNDEVER SEVILLA / ERROR FUNCIONAL,Cerrado,14/01/2026 5:58 PM,CEP CAU AGI,14/01/2026 8:00 PM,Soporte Scoring,4-Baja,Masiva,TEIDE_OSP_ICF
INC000003897606,Media,IP24 // TRAFFIC NEW TECHNOLOGY // ERROR FUNCIONAL,Cerrado,15/01/2026 10:31 AM,CEP CAU AGI,19/01/2026 8:28 AM,CEP CAU AGI,4-Baja,Masiva,TEIDE_OSP_ICF
INC000003897650,Media,PANGEA // ATAC SALAMANCA // ERROR FUNCIONAL,Cerrado,15/01/2026 1:09 PM,CEP CAU AGI,20/01/2026 6:04 PM,SOP_NABOO,4-Baja,Masiva,NEG_PROVISION_PYME
INC000003898149,Media,GIROS // MAJOREL JEREZ // ERROR FUNCIONAL,Cerrado,15/01/2026 5:30 PM,CEP CAU AGI,15/01/2026 6:40 PM,CEP CAU AGI,4-Baja,Masiva,APL_CON_DESA_SERVICIO_ICF
INC000003898335,Crítica,INDISPONIBILIDAD/POLAR/SL1,Cerrado,16/01/2026 8:30 AM,CEP CAU AGI,19/01/2026 8:29 AM,CEP CAU AGI,1-Crítica,Masiva,ST_FTTH
INC000003898524,Media,ALTITUDE // KONECTA SEVILLA // ERROR FUNCIONAL,Cerrado,16/01/2026 8:15 AM,CEP CAU AGI,16/01/2026 9:16 AM,SOP_TECNICO_CALL_CENTER,4-Baja,Masiva,CALLCENTER_KONECTA_SEVILLA
INC000003898839,Media,IP24 // OEST OVIEDO // SIN ACCESO,Cerrado,16/01/2026 11:26 AM,CEP CAU AGI,19/01/2026 8:07 AM,CEP CAU AGI,4-Baja,Masiva,BO-ATC_MADRID_MASIVO
INC000003899013,Alta,INDISPONIBILIDAD/FICHA DE CLIENTE/SL1,Cerrado,16/01/2026 11:08 AM,CEP CAU AGI,16/01/2026 10:26 PM,CEP CAU AGI,1-Crítica,Masiva,CALLCENTER_SITEL_SEVILLA
INC000003899067,Media,FICHA DE CLIENTE / BOSCH VIGO / ERROR FUNCIONAL,Cerrado,16/01/2026 8:01 PM,CEP CAU AGI,19/01/2026 10:40 AM,SOP_SAP_LO,4-Baja,Masiva,TEIDE_OSP_ICF
INC000003899085,Alta,DEGRADACIÓN/TEIDE/SL2,Cerrado,18/01/2026 6:38 PM,CEP CAU AGI,19/01/2026 1:29 PM,TEIDE_OSP_Soporte_Tecnico,2-Alta,Masiva,TEIDE_OSP_ICF
INC000003900433,Media,IP24 // GUADALAJARA // ERROR FUNCIONAL,Cerrado,19/01/2026 11:02 AM,CEP CAU AGI,19/01/2026 4:19 PM,SOP_SMC_TEIDE,4-Baja,Masiva,NEG_PROVISION_PYME
INC000003900470,Media,IP24// ATAC GUADALAJARA // ERROR FUNCIONAL,Cerrado,19/01/2026 1:21 PM,CEP CAU AGI,07/05/2026 4:08 PM,SOPORTE N1 CSO,4-Baja,Masiva,NEG_PROVISION_PYME
INC000003900524,Alta,DEGRADACIÓN / PANGEA / SL2,Cerrado,19/01/2026 10:57 AM,CEP CAU AGI,19/01/2026 2:21 PM,Econtrato_N2,2-Alta,Masiva,MESA DE AYUDA GUADALAJARA
INC000003900600,Media,FICHA DE CLIENTE // SEVILLA // ERROR FUNCIONAL,Cerrado,19/01/2026 2:38 PM,CEP CAU AGI,19/01/2026 4:08 PM,CEP CAU AGI,4-Baja,Masiva,CALLCENTER_KONECTA_SEVILLA
INC000003900884,Media,PANGEA // VENTAS COMERCIALES // ERROR FUNCIONAL,Cerrado,19/01/2026 4:02 PM,CEP CAU AGI,20/01/2026 9:39 AM,SOP_BSS_JAZZTEL,4-Baja,Masiva,PROC_CAD
INC000003901053,Media,KRATOS-24098 IP24 // BOSCH VIGO // ERROR FUNCIONAL,Cerrado,19/01/2026 6:12 PM,CEP CAU AGI,02/02/2026 8:08 AM,CEP CAU AGI,4-Baja,Masiva,TEIDE_OSP_ICF
INC000003901059,Media,ECONTRATO // TELEPERFORMANCE JEREZ // ERROR FUNCIONAL,Cerrado,19/01/2026 7:01 PM,CEP CAU AGI,20/01/2026 9:29 AM,Econtrato_N2,4-Baja,Masiva,APL_CON_DESA_SERVICIO_ICF
INC000003901069,Media,Degradacion/peoplesoft/SL3,Cerrado,20/01/2026 7:30 AM,Operador (A.G.I.),21/01/2026 2:13 PM,FIJO APL Soporte PS,4-Baja,Masiva,Operador (A.G.I.)
INC000003901277,Media,S7 // LA FINCA  // ERROR FUNCIONAL,Cerrado,20/01/2026 9:26 AM,CEP CAU AGI,20/01/2026 4:58 PM,Soporte Siebel,4-Baja,Masiva,TEIDE_OSP_ICF
INC000003901278,Media,SIEBEL 7 // LA FINCA  // ERROR FUNCIONAL,Cerrado,20/01/2026 9:40 AM,CEP CAU AGI,02/03/2026 6:58 AM,CEP CAU AGI,4-Baja,Masiva,TEIDE_OSP_ICF
INC000003902011,Media,WEB MANTENEDORES // BOGOTA // SIN ACCESO,Cerrado,20/01/2026 10:58 AM,CEP CAU AGI,26/01/2026 6:59 AM,CEP CAU AGI,4-Baja,Masiva,MESA DE AYUDA COLOMBIA
INC000003902441,Media,CRM ENERGÍA // ISGF  MURCIA// ERROR FUNCIONAL,Cerrado,20/01/2026 1:47 PM,CEP CAU AGI,20/01/2026 3:10 PM,BO Aplicaciones,4-Baja,Masiva,SLN ISGF Murcia
"INC000003902734,Alta,""INDISPONIBILIDAD/ SEDES Barcelona 1, Zaragoza Pilar, Barcelona Mataro/SL1"",Cerrado,21/01/2026 12:07 AM,GNOC,21/01/2026 12:44 AM,GNOC,1-Crítica,Masiva,Operador (A.G.I.)"
INC000003902909,Media,IP24 // TLP ATAC JEREZ // ERROR FUNCIONAL,Cerrado,20/01/2026 6:54 PM,CEP CAU AGI,20/01/2026 9:06 PM,CEP CAU AGI,4-Baja,Masiva,APL_CON_DESA_SERVICIO_ICF
INC000003903737,Media,FICHA CLIENTE MM // MEDELLIN // ERROR FUNCIONAL,Cerrado,21/01/2026 5:32 PM,CEP CAU AGI,21/01/2026 11:14 PM,Tecnología,4-Baja,Masiva,ATC_MADRID_MASIVO
INC000003903860,Media,ALTAIR // MAJOREL JEREZ // ERROR FUNCIONAL,Cerrado,21/01/2026 8:21 PM,CEP CAU AGI,09/02/2026 7:29 AM,CEP CAU AGI,3-Medio,Masiva,APL_CON_DESA_SERVICIO_ICF
INC000003903883,Alta,DEGRADACION/BSCS/SL2,Cerrado,22/01/2026 8:37 AM,SOP_TMC_BSCS_ONLINE,22/01/2026 9:47 AM,SOP_BBDD,2-Alta,Masiva,Operador (A.G.I.)
INC000003904451,Alta,IVR // GUADALAJARA // SIN ACCESO,Cerrado,22/01/2026 12:00 PM,CEP CAU AGI,26/01/2026 6:58 AM,CEP CAU AGI,2-Alta,Masiva,MESA DE AYUDA GUADALAJARA
INC000003905354,Alta,INDISPONIBILIDAD/ Caida ESX aotlxprvin10211/ SL2,Cerrado,23/01/2026 6:20 AM,RTV-TECSE RED DATOS,23/01/2026 10:59 AM,GNOC,2-Alta,Masiva,Operador (A.G.I.)
INC000003906218,Media,FICHA DE CLIENTE // ISGF MURCIA // ERROR FUNCIONAL,Cerrado,23/01/2026 12:22 PM,CEP CAU AGI,02/02/2026 8:08 AM,CEP CAU AGI,3-Medio,Masiva,SLN ISGF Murcia
INC000003906280,Media,OPENCOBROS // MAJOREL // ERROR FUNCIONAL,Cerrado,24/01/2026 11:52 AM,CEP CAU AGI,26/01/2026 11:08 AM,CEP CAU AGI,4-Baja,Masiva,FRONTOFFICE
INC000003906802,Media,CRM JAZZTEL // BOGOTA // ERROR FUNCIONAL,Cerrado,23/01/2026 5:59 PM,CEP CAU AGI,26/01/2026 6:58 AM,CEP CAU AGI,4-Baja,Masiva,MESA DE AYUDA COLOMBIA
INC000003906829,Media,IP24 // FOUNDEVER SEVILLA // ERROR FUNCIONAL,Cerrado,25/01/2026 1:05 PM,CEP CAU AGI,26/01/2026 10:01 AM,SOP_SMC_TEIDE,4-Baja,Masiva,FRONTOFFICE
INC000003906892,Crítica,DEGRADACIÓN/MEDIACIÓN/SL1,Cerrado,26/01/2026 11:24 AM,APL_FIJ_HP-IUM_OSP,26/01/2026 2:05 PM,GNOC,2-Alta,Masiva,Operador (A.G.I.)
INC000003907018,Media,SIEBEL 7 // JEREZ // ERROR FUNCIONAL,Cerrado,24/01/2026 2:44 PM,CEP CAU AGI,27/01/2026 8:20 AM,Soporte Siebel,4-Baja,Masiva,MESA DE AYUDA GUADALAJARA
INC000003907789,Alta,DEGRADACION/ VIGO MSC/ SL2,Cerrado,26/01/2026 1:29 PM,RTV-TECSE RED DATOS,27/01/2026 2:35 PM,RTV-EXTERNAS RDC,2-Alta,Masiva,Operador (A.G.I.)
INC000003908270,Media,REMEDY // MAJOREL JEREZ // ERROR FUNCIONAL,Cerrado,26/01/2026 3:32 PM,CEP CAU AGI,26/01/2026 4:47 PM,SOP_TECNICO_CALL_CENTER,4-Baja,Masiva,APL_CON_DESA_SERVICIO_ICF
INC000003908548,Media,SILES // CONTROL ROOM  // ERROR FUNCIONAL,Cerrado,26/01/2026 5:35 PM,CEP CAU AGI,27/01/2026 8:40 AM,SOP_TECNICO_CALL_CENTER,4-Baja,Masiva,TEIDE_OSP_ICF
INC000003908590,Alta,Degradacion/guadalajara/sl2,Cerrado,27/01/2026 9:53 AM,RTV-TECSE RED DATOS,27/01/2026 3:55 PM,GNOC,2-Alta,Masiva,Operador (A.G.I.)
INC000003908882,Media,CERES // OEST OVIEDO // ERROR FUNCIONAL,Cerrado,27/01/2026 11:42 AM,CEP CAU AGI,27/01/2026 2:53 PM,APL_MOV_CERES,4-Baja,Masiva,OEST - SL
INC000003909448,Media,IP24 // DIGO // ERROR FUNCIONAL,Cerrado,27/01/2026 1:32 PM,CEP CAU AGI,27/01/2026 4:21 PM,GC Prepago,4-Baja,Masiva,TEIDE_OSP_ICF
INC000003909515,Media,ALTAIR // GUADALAJARA // ERROR FUNCIONAL,Cerrado,27/01/2026 11:44 AM,CEP CAU AGI,27/01/2026 2:44 PM,CEP CAU AGI,3-Medio,Masiva,MESA DE AYUDA GUADALAJARA
INC000003909748,Media,ALTITUDE // MAJOREL SALAMANCA // SIN ACCESO,Cerrado,27/01/2026 3:27 PM,CEP CAU AGI,28/01/2026 7:34 PM,SOP_TECNICO_CALL_CENTER,3-Medio,Masiva,SLN Arvato Salamanca
INC000003909789,Media,PRDIAS-26252 DJINGO / CONTROL ROOM / ERROR FUNCIONAL,Cerrado,27/01/2026 9:04 PM,CEP CAU AGI,29/01/2026 10:16 AM,SOP_DJINGO,4-Baja,Masiva,TEIDE_OSP_ICF
INC000003909822,Media,IP24 // ISGF MURCIA  // ERROR FUNCIONAL,Cerrado,27/01/2026 3:31 PM,CEP CAU AGI,28/01/2026 8:40 AM,CEP CAU AGI,4-Baja,Masiva,SLN ISGF Murcia
INC000003909861,Media,CRM JAZZTEL / BOGOTA / LENTITUD,Cerrado,27/01/2026 7:24 PM,CEP CAU AGI,27/01/2026 8:33 PM,SOP_BSS_JAZZTEL,4-Baja,Masiva,MESA DE AYUDA COLOMBIA
INC000003909895,Media,PRDIAS-26337 LIVEPERSON // SEVILLA //ERROR FUNCIONAL,Cerrado,28/01/2026 9:47 AM,CEP CAU AGI,16/02/2026 8:15 AM,CEP CAU AGI,3-Medio,Masiva,SLN Arvato Salamanca
INC000003910054,Alta,DEGRADACIÓN / CRM JAZZTEL / SL2,Cerrado,28/01/2026 9:11 AM,CEP CAU AGI,28/01/2026 2:14 PM,SOP_NABOO,2-Alta,Masiva,SLN Teleperformance Medellin
INC000003910070,Media,LIVEPERSON // CONTROL ROOM // ERROR FUNCIONAL,Cerrado,28/01/2026 10:15 AM,CEP CAU AGI,02/02/2026 8:09 AM,CEP CAU AGI,4-Baja,Masiva,SLN Arvato Salamanca
INC000003910092,Media,IP24// ATAC SALAMANCA // ERROR FUNCIONAL,Cerrado,28/01/2026 11:44 AM,CEP CAU AGI,03/02/2026 12:55 PM,SOP_SMC_BOREAL,4-Baja,Masiva,NEG_PROVISION_PYME
INC000003910612,Media,LIVEPERSON // MEDELLÍN // ERROR FUNCIONAL,Cerrado,28/01/2026 9:03 AM,CEP CAU AGI,02/02/2026 8:09 AM,CEP CAU AGI,4-Baja,Masiva,ATC_MADRID_MASIVO
INC000003910627,Alta,DEGRADACIÓN / FICHA DE CLIENTE / SL2,Cerrado,28/01/2026 10:08 AM,CEP CAU AGI,28/01/2026 2:30 PM,NEG_CAMP_CERES,1-Crítica,Masiva,SLN ISGF Murcia
INC000003910727,Media,FICHA DE CLIENTE // MAJOREL SALAMANCA  // ERROR FUNCIONAL,Cerrado,28/01/2026 11:34 AM,CEP CAU AGI,28/01/2026 2:27 PM,APL_MOV_SOE,3-Medio,Masiva,APL_CON_DESA_SERVICIO_ICF
INC000003910758,Media,IVR // ISGF MURCIA // ERROR FUNCIONAL,Cerrado,28/01/2026 1:06 PM,CEP CAU AGI,02/02/2026 10:30 AM,SOP_NABOO,4-Baja,Masiva,SLN ISGF Murcia
INC000003911225,Media,PRDIAS-26280 LIVEPERSON // CONTROL ROOM // ERROR FUNCIONAL,Cerrado,28/01/2026 3:51 PM,CEP CAU AGI,02/02/2026 9:59 AM,SOP_ASISTENTE,4-Baja,Masiva,SLN Arvato Salamanca
INC000003911251,Media,PRDIAS-26285 LIVEPERSON // OEST OVIEDO // ERROR FUNCIONAL,Cerrado,28/01/2026 6:27 PM,CEP CAU AGI,19/02/2026 2:54 PM,SOP_DJINGO,3-Medio,Masiva,OEST - SL
INC000003911254,Alta,INDISPONIBILIDAD / FIRMA CONTRATOS PANGEA TEIDE / SL2,Cerrado,28/01/2026 7:11 PM,CEP CAU AGI,29/01/2026 2:27 PM,Econtrato_N2,2-Alta,Masiva,APL_CON_DESA_SERVICIO_ICF
INC000003911333,Media,PRDIAS-26284 LIVEPERSON / BOGOTA / ERROR FUNCIONAL,Cerrado,28/01/2026 6:54 PM,CEP CAU AGI,29/01/2026 9:36 AM,SOP_DJINGO,3-Medio,Masiva,MESA DE AYUDA COLOMBIA
INC000003911351,Media,ALTITUDE // KONECTA SEVILLA // SIN ACCESO,Cerrado,29/01/2026 8:11 AM,CEP CAU AGI,02/02/2026 8:52 AM,CEP CAU AGI,4-Baja,Masiva,CALLCENTER_KONECTA_SEVILLA
INC000003911415,Media,ALTITUDE / KONECTA SEVILLA / ERROR FUNCIONAL,Cerrado,28/01/2026 9:37 PM,CEP CAU AGI,02/02/2026 8:52 AM,CEP CAU AGI,4-Baja,Masiva,CALLCENTER_KONECTA_SEVILLA
INC000003911913,Media,PRDIAS-26293 LIVEPERSON // CONTROL ROOM // ERROR FUNCIONAL,Cerrado,29/01/2026 10:01 AM,CEP CAU AGI,02/02/2026 9:56 AM,SOP_ASISTENTE,3-Medio,Masiva,SLN Arvato Salamanca
INC000003911924,Media,[CSO] IP24 // OEST OVIEDO // ERROR FUNCIONAL,Cerrado,29/01/2026 10:45 AM,CEP CAU AGI,23/02/2026 8:30 AM,CEP CAU AGI,4-Baja,Masiva,OEST - SL
INC000003911992,Media,ACME APP ORANGE // CONTROL ROOM // ERROR FUNCIONAL,Cerrado,29/01/2026 3:39 PM,CEP CAU AGI,05/02/2026 11:19 AM,CEP CAU AGI,4-Baja,Masiva,TEIDE_OSP_ICF
INC000003912297,Alta,DEGRADACION / errores servidores Altitude/ SL2,Cerrado,29/01/2026 7:04 PM,RTV-TECSE RED DATOS,04/02/2026 11:27 AM,GNOC,2-Alta,Masiva,Operador (A.G.I.)
INC000003912510,Media,FICHA DE CLIENTE // MURCIA // ERROR FUNCIONAL,Cerrado,29/01/2026 1:14 PM,CEP CAU AGI,30/01/2026 11:23 AM,APL_MOV_SOE,3-Medio,Masiva,SLN ISGF Murcia
INC000003912520,Media,IP24 // OVIEDO // ERROR FUNCIONAL,Cerrado,29/01/2026 1:34 PM,CEP CAU AGI,02/02/2026 7:02 PM,SOP_SMC_TEIDE,4-Baja,Masiva,OEST - SL
INC000003912567,Media,CRM JAZZTEL / MEDELLIN / ERROR FUNCIONAL,Cerrado,29/01/2026 6:33 PM,CEP CAU AGI,02/02/2026 8:53 AM,CEP CAU AGI,4-Baja,Masiva,ATC_MADRID_MASIVO
INC000003912965,Media,LIVEPERSON // SEVILLA // ERROR FUNCIONAL,Cerrado,30/01/2026 11:20 AM,CEP CAU AGI,02/02/2026 8:09 AM,CEP CAU AGI,4-Baja,Masiva,TEIDE_OSP_ICF
INC000003913232,Media,DEGRADACIÓN / CAMPAÑAS FICHA DE CLIENTE FIDE / SL3,Cerrado,30/01/2026 11:23 AM,CEP CAU AGI,03/02/2026 9:51 AM,CEP CAU AGI,4-Baja,Masiva,SLN ISGF Murcia
INC000003913249,Media,Error Masivo de Ficheros EUS_VOSS de Euskaltel - RRR_VOSS_EVENTOS_FULL_20250327_1 de Rcable,Cerrado,30/01/2026 1:02 PM,OMVOds,30/01/2026 1:50 PM,MANTENIMIENTO_VOSS,3-Medio,Masiva,FRONTOFFICE
INC000003913271,Media,FICHA DE CLIENTE // MAJOREL SALAMANCA // ERROR FUNCIONAL,Cerrado,30/01/2026 12:48 PM,CEP CAU AGI,02/02/2026 5:24 PM,APL_MOV_SOE,3-Medio,Masiva,APL_CON_DESA_SERVICIO_ICF
INC000003913290,Media,IP24 // ATAC JEREZ // ERROR FUNCIONAL,Cerrado,30/01/2026 1:38 PM,CEP CAU AGI,03/02/2026 12:52 PM,CEP CAU AGI,4-Baja,Masiva,MESA DE AYUDA GUADALAJARA
INC000003913339,Crítica,INDISPONIBILIDAD / TEIDE / SL1,Cerrado,30/01/2026 12:26 PM,CEP CAU AGI,02/02/2026 8:34 AM,CEP CAU AGI,1-Crítica,Masiva,MESA DE AYUDA GUADALAJARA
INC000003913380,Media,IP24 // TLP JEREZ // ERROR FUNCIONAL,Cerrado,30/01/2026 3:31 PM,CEP CAU AGI,03/02/2026 1:08 PM,CEP CAU AGI,4-Baja,Masiva,APL_CON_DESA_SERVICIO_ICF
INC000003913557,Media,IP24 // TLP JEREZ // ERROR FUNCIONAL,Cerrado,30/01/2026 4:08 PM,CEP CAU AGI,09/02/2026 7:29 AM,CEP CAU AGI,4-Baja,Masiva,MESA DE AYUDA GUADALAJARA
INC000003913585,Media,LIVEPERSON // MEDELLIN // ERROR FUNCIONAL,Cerrado,31/01/2026 4:09 PM,CEP CAU AGI,31/01/2026 5:46 PM,SOP_DJINGO,4-Baja,Masiva,TEIDE_OSP_ICF
INC000003913594,Alta,DEGRADACION/OCS/SL2,Cerrado,01/02/2026 1:43 PM,RTV-TECSE RED DATOS,01/02/2026 4:08 PM,Soporte PCRF,2-Alta,Masiva,Operador (A.G.I.)
INC000003913708,Media,GDU/ACM/ ERROR FUNCIONAL,Cerrado,30/01/2026 2:27 PM,OPER_Soporte_GdU,30/01/2026 5:31 PM,OPER_Soporte_GdU,4-Baja,Masiva,FRONTOFFICE
INC000003913720,Media,FICHA DE CLIENTE // PONTEVEDRA // ERROR FUNCIONAL,Cerrado,30/01/2026 2:37 PM,CEP CAU AGI,02/02/2026 8:40 AM,CEP CAU AGI,4-Baja,Masiva,TEIDE_OSP_ICF
INC000003913743,Media,OPENCOBROS /TRASNCOM MADRID / ERROR FUNCIONAL,Cerrado,31/01/2026 10:30 AM,CEP CAU AGI,31/01/2026 11:11 AM,CEP CAU AGI,4-Baja,Masiva,TEIDE_OSP_ICF
INC000003913797,Alta,DEGRADACION // FICHA DE CLIENTE // SL2,Cerrado,02/02/2026 9:32 AM,CEP CAU AGI,02/02/2026 10:23 AM,APL_MOV_SOE,1-Crítica,Masiva,CALLCENTER_TRANSCOM_LEON
INC000003913964,Media,ALTITUDE // MEDELLIN // NO ACCESO,Cerrado,01/02/2026 5:59 PM,CEP CAU AGI,01/02/2026 6:41 PM,SOP_TECNICO_CALL_CENTER,4-Baja,Masiva,SLN Teleperformance Medellin
INC000003915075,Media,IP24 // MURCIA // ERROR FUNCIONAL,Cerrado,02/02/2026 2:17 PM,CEP CAU AGI,02/02/2026 4:55 PM,SOP_SMC_TEIDE,4-Baja,Masiva,SLN ISGF Murcia
INC000003915108,Media,PANGEA // ATAC SALAMANCA // ERROR FUNCIONAL,Cerrado,02/02/2026 10:50 AM,CEP CAU AGI,03/02/2026 8:34 AM,SOP_CS_INYECTORES,4-Baja,Masiva,NEG_PROVISION_PYME
INC000003915406,Media,IP24 // ATENCIÓN - RETENCIÓN // ERROR FUNCIONAL,Cerrado,02/02/2026 1:53 PM,CEP CAU AGI,02/02/2026 3:47 PM,APL_MOV_SOE,4-Baja,Masiva,NEG_PROV_ORANGE
INC000003915487,Alta,DEGRADACION // FICHA DE CLIENTE // SL2,Cerrado,02/02/2026 8:32 PM,CEP CAU AGI,04/02/2026 11:06 AM,SOP_SMC_TEIDE,1-Crítica,Masiva,SLN Arvato Salamanca
INC000003915533,Media,FICHA DE CLIENTE // SEVILLA // ERROR FUNCIONAL,Cerrado,02/02/2026 2:45 PM,CEP CAU AGI,02/02/2026 3:48 PM,APL_MOV_SOE,3-Medio,Masiva,TEIDE_OSP_ICF
INC000003916435,Media,PRDIAS-26250 DIGITAL TOOLS // GUADALAJARA // ERROR FUNCIONAL,Cerrado,03/02/2026 11:06 AM,CEP CAU AGI,23/03/2026 7:30 AM,CEP CAU AGI,4-Baja,Masiva,MESA DE AYUDA GUADALAJARA
INC000003916761,Media,FICHA DE CLIENTE // OEST OVIEDO // ERROR FUNCIONAL,Cerrado,03/02/2026 3:52 PM,CEP CAU AGI,05/02/2026 10:59 AM,DES_SOE_FICHA,3-Medio,Masiva,OEST - SL
INC000003917131,Media,LIVEPERSON // MEDELLIN // LENTITUD,Cerrado,03/02/2026 4:57 PM,CEP CAU AGI,03/02/2026 6:10 PM,SOP_DJINGO,3-Medio,Masiva,SLN Teleperformance Medellin
INC000003917140,Media,FRONTCO-60327 FICHA DE CLIENTE // OEST OVIEDO // ERROR FUNCIONAL,Cerrado,03/02/2026 5:41 PM,CEP CAU AGI,03/03/2026 3:04 PM,DES_SOE_PANGEA,3-Medio,Masiva,OEST - SL
INC000003917797,Media,FICHA DE CLIENTE // FOUNDOVER SEVILLA // ERROR FUNCIONAL,Cerrado,04/02/2026 2:29 PM,CEP CAU AGI,09/02/2026 7:14 AM,CEP CAU AGI,3-Medio,Masiva,TEIDE_OSP_ICF
INC000003917993,Alta,DEGRADACION // CRM JAZZTEL // SL2,Cerrado,04/02/2026 6:00 PM,CEP CAU AGI,09/02/2026 7:24 AM,CEP CAU AGI,1-Crítica,Masiva,ATC_MADRID_MASIVO
INC000003918248,Media,WEB DE COMPROBANTES // MARKTEL VALENCIA // ERROR FUNCIONAL,Cerrado,04/02/2026 4:21 PM,CEP CAU AGI,09/02/2026 7:18 AM,CEP CAU AGI,4-Baja,Masiva,SLN Marktel Valencia
INC000003918266,Media,PEOPLESOFT // ISGF MURCIA // ERROF FUNCIONAL,Cerrado,04/02/2026 5:30 PM,CEP CAU AGI,04/02/2026 9:05 PM,FIJO EAS-STSIC_BILL. ARBOR,4-Baja,Masiva,SLN ISGF Murcia
INC000003918276,Media,GUIS // MAJOREL SALAMANCA // ERROR FUNCIONAL,Cerrado,04/02/2026 7:50 PM,CEP CAU AGI,09/02/2026 7:25 AM,CEP CAU AGI,4-Baja,Masiva,SLN Arvato Salamanca
INC000003918451,Media,FICHA DE CLIENTE // MEDELLIN // ERROR FUNCIONAL,Cerrado,04/02/2026 5:33 PM,CEP CAU AGI,09/02/2026 7:19 AM,CEP CAU AGI,4-Baja,Masiva,ATC_MADRID_MASIVO
INC000003918458,Media,AVAYA // MAJOREL SALAMANCA // ERROR FUNCIONAL,Cerrado,04/02/2026 6:50 PM,CEP CAU AGI,05/02/2026 12:57 PM,SOP_TECNICO_CALL_CENTER,3-Medio,Masiva,SLN Arvato Salamanca
INC000003918668,Media,FICHA DE CLIENTE // KONECTA SEVILLA // ERROR FUNCIONAL,Cerrado,05/02/2026 1:44 PM,CEP CAU AGI,09/02/2026 7:30 AM,CEP CAU AGI,4-Baja,Masiva,CALLCENTER_KONECTA_SEVILLA
INC000003918673,Alta,DEGRADACION // IVR JAZZTEL // SL2,Cerrado,05/02/2026 2:16 PM,CEP CAU AGI,09/02/2026 7:30 AM,CEP CAU AGI,1-Crítica,Masiva,SLN ISGF Murcia
INC000003919372,Media,CERES //  SALAMANCA // ERROR FUNCIONAL,Cerrado,05/02/2026 4:15 PM,CEP CAU AGI,05/02/2026 5:20 PM,CEP CAU AGI,4-Baja,Masiva,OEST - SL
INC000003919374,Media,PRDIAS-26390 LIVEPERSON // OEST OVIEDO // ERROR FUNCIONAL,Cerrado,05/02/2026 4:25 PM,CEP CAU AGI,23/02/2026 8:30 AM,CEP CAU AGI,4-Baja,Masiva,OEST - SL
INC000003919739,Crítica,DEGRADACION/ Caida enlaces ITX con GCP Y OCI en Torrejon /SL1,Cerrado,05/02/2026 9:34 PM,RTV-TECSE RED DATOS,06/02/2026 2:05 AM,RTV-EXTERNAS RDC,1-Crítica,Masiva,Operador (A.G.I.)
INC000003919811,Alta,DEGRADACION // FICHA DE CLIENTE // SL2,Cerrado,05/02/2026 6:23 PM,CEP CAU AGI,09/02/2026 7:30 AM,CEP CAU AGI,1-Crítica,Masiva,SLN Arvato Salamanca
INC000003919813,Media,PANGEA // ATAC JEREZ // ERROR FUNCIONAL,Cerrado,05/02/2026 7:03 PM,CEP CAU AGI,06/02/2026 8:49 AM,GC GeD,4-Baja,Masiva,APL_CON_DESA_SERVICIO_ICF
INC000003919903,Media,PRDIAS-26397 DJINGO // MEDELLIN // ERROR FUNCIONAL,Cerrado,05/02/2026 6:13 PM,CEP CAU AGI,16/02/2026 8:15 AM,CEP CAU AGI,4-Baja,Masiva,ATC_MADRID_MASIVO
INC000003920581,Media,CRM JAZZTEL // BOGOTA // SIN ACCESO,Cerrado,07/02/2026 10:34 AM,CEP CAU AGI,09/02/2026 7:30 AM,CEP CAU AGI,4-Baja,Masiva,MESA DE AYUDA COLOMBIA
INC000003920708,Media,FICHA DE CLIENTE // OEST OVIEDO // ERROR FUNCIONAL,Cerrado,06/02/2026 3:06 PM,CEP CAU AGI,15/04/2026 2:01 PM,,4-Baja,Masiva,OEST - SL
INC000003920795,Media,FICHA DE CLIENTE // SEVILLA // ERROR FUNCIONAL,Cerrado,09/02/2026 12:13 PM,CEP CAU AGI,16/02/2026 8:15 AM,CEP CAU AGI,3-Medio,Masiva,CALLCENTER_SITEL_SEVILLA
INC000003920898,Media,ALTAIR // GUADALAJARA // ERROR FUNCIONAL,Cerrado,09/02/2026 11:54 AM,CEP CAU AGI,09/02/2026 8:52 PM,CEP CAU AGI,3-Medio,Masiva,EDS_MTO
INC000003921823,Alta,DEGRADACION // FICHA DE CLIENTE // SL2,Cerrado,09/02/2026 9:33 AM,CEP CAU AGI,09/02/2026 10:52 AM,SOP_TMC_MYADDRESS,1-Crítica,Masiva,TEIDE_OSP_ICF
INC000003921861,Media,FRONTCO-60355 ALTAIR // GUADALAJARA // ERROR FUNCIONAL,Cerrado,09/02/2026 11:50 AM,CEP CAU AGI,27/02/2026 10:26 AM,DES_SOE_PANGEA,4-Baja,Masiva,EDS_MTO
INC000003922163,Crítica,SIN ACCESO // CRM JAZZTEL // SL1,Cerrado,09/02/2026 5:34 PM,CEP CAU AGI,09/02/2026 6:46 PM,SOP_BSS_JAZZTEL,1-Crítica,Masiva,USU_COBROS
INC000003922178,Media,LIVEPERSON / FOUNDEVER SEVILLA / ERROR FUNCIONAL,Cerrado,09/02/2026 7:17 PM,CEP CAU AGI,09/02/2026 8:03 PM,SOP_DJINGO,4-Baja,Masiva,TEIDE_OSP_ICF
INC000003922231,Media,IP24 // OVIEDO // ERROR FUNCIONAL,Cerrado,09/02/2026 2:35 PM,CEP CAU AGI,11/02/2026 11:29 AM,SOP_SMC_TEIDE,4-Baja,Masiva,OEST - SL
INC000003922429,Media,LIVEPERSON // OEST OVIEDO // ERROR FUNCIONAL,Cerrado,09/02/2026 3:36 PM,CEP CAU AGI,09/02/2026 5:29 PM,SOP_DJINGO,4-Baja,Masiva,OEST - SL
INC000003922537,Media,PRDIAS-26425 LIVEPERSON //CONTROL ROOM // ERROR FUNCIONAL,Cerrado,09/02/2026 6:44 PM,CEP CAU AGI,16/02/2026 8:12 AM,CEP CAU AGI,4-Baja,Masiva,TEIDE_OSP_ICF
INC000003923359,Alta,GC-6263 DEGRADACION // LIVEPERSON // SL2,Cerrado,10/02/2026 11:41 AM,CEP CAU AGI,16/02/2026 8:14 AM,CEP CAU AGI,2-Alta,Masiva,SLN Arvato Salamanca
INC000003923567,Media,CERES // OEST - SALAMANCA// ERROR FUNCIONAL,Cerrado,10/02/2026 4:10 PM,CEP CAU AGI,10/02/2026 5:11 PM,CEP CAU AGI,4-Baja,Masiva,OEST - SL
INC000003924027,Alta,DEGRADACION // CRM JAZZTEL // SL2,Cerrado,10/02/2026 11:18 PM,CEP CAU AGI,16/02/2026 8:14 AM,CEP CAU AGI,2-Alta,Masiva,ATC_MADRID_MASIVO
INC000003924441,Alta,DEGRADACION // ALTITUDE // SL2,Cerrado,11/02/2026 10:37 AM,CEP CAU AGI,11/02/2026 11:08 AM,SOP_TECNICO_CALL_CENTER,3-Medio,Masiva,APL_CON_DESA_SERVICIO_ICF
INC000003924490,Media,ACM/ ERROR FUNCIONAL,Cerrado,11/02/2026 1:50 PM,OPER_Soporte_GdU,11/02/2026 2:20 PM,OPER_Soporte_GdU,4-Baja,Masiva,FRONTOFFICE
INC000003924860,Media,PaP del 15/04 PRDIAS-26469 LIVEPERSON // MEDELLIN // ERROR FUNCIONAL,Cerrado,11/02/2026 2:57 PM,CEP CAU AGI,20/04/2026 7:33 AM,CEP CAU AGI,4-Baja,Masiva,ATC_MADRID_MASIVO
INC000003925073,Crítica,INDISPONIBILIDAD / FICHA DE CLIENTE / SL1,Cerrado,11/02/2026 9:36 PM,CEP CAU AGI,12/02/2026 8:17 AM,Soporte MDG,1-Crítica,Masiva,OEST - SL
INC000003925105,Crítica,INDISPONIBILIDAD/FLAPEOS OCI/ SL1,Cerrado,11/02/2026 2:13 PM,RTV-TECSE RED DATOS,11/02/2026 3:53 PM,Atlas_Soporte_CLOUD,1-Crítica,Masiva,Operador (A.G.I.)
INC000003925140,Media,PRDIAS-26494 LIVEPERSON / MEDELLIN / ERROR FUNCIONAL,Cerrado,11/02/2026 5:52 PM,CEP CAU AGI,17/02/2026 11:00 AM,SOP_DJINGO,3-Medio,Masiva,ATC_MADRID_MASIVO
INC000003925359,Media,FICHA DE CLIENTE // MAJOREL SALAMANCA // ERROR FUNCIONAL,Cerrado,12/02/2026 11:06 AM,CEP CAU AGI,12/02/2026 4:27 PM,APL_MOV_SOE,3-Medio,Masiva,APL_CON_DESA_SERVICIO_ICF
INC000003925828,Media,CERES // OEST OVIEDO // ERROR FUNCIONAL,Cerrado,12/02/2026 11:12 AM,CEP CAU AGI,12/02/2026 11:32 AM,CEP CAU AGI,3-Medio,Masiva,OEST - SL
INC000003927174,Media,FICHA DE CLIENTE // ATAC JEREZ // ERROR FUNCIONAL,Cerrado,13/02/2026 3:29 PM,CEP CAU AGI,16/02/2026 10:11 AM,CEP CAU AGI,4-Baja,Masiva,APL_CON_DESA_SERVICIO_ICF
INC000003927296,Alta,SIEBEL 7 // MEDELLIN // SIN ACCESO,Cerrado,15/02/2026 12:07 AM,CEP CAU AGI,15/02/2026 12:16 PM,CEP CAU AGI,3-Medio,Masiva,SLN Teleperformance Medellin
INC000003927443,Media,PRDIAS-26584 LIVEPERSON // MEDELLIN // ERROR FUNCIONAL,Cerrado,13/02/2026 3:42 PM,CEP CAU AGI,02/03/2026 6:58 AM,CEP CAU AGI,4-Baja,Masiva,ATC_MADRID_MASIVO
INC000003927459,Media,FICHA CLIENTE MM / MEDELLIN / ERROR FUNCIONAL,Cerrado,13/02/2026 7:47 PM,CEP CAU AGI,14/02/2026 3:07 PM,CEP CAU AGI,4-Baja,Masiva,ATC_MADRID_MASIVO
INC000003927470,Media,PANGEA // ATAC JEREZ // ERROR FUNCIONAL,Cerrado,14/02/2026 1:39 PM,CEP CAU AGI,17/02/2026 2:28 PM,SOP_SAP_LO,4-Baja,Masiva,MESA DE AYUDA GUADALAJARA
INC000003927666,Alta,Indisponibilidad / Reinicio ESX aotlxprvin10194 / SL2,Cerrado,15/02/2026 3:13 PM,RTV-TECSE RED DATOS,15/02/2026 6:36 PM,Atlas_Soporte_Linux_Vmware,2-Alta,Masiva,Operador (A.G.I.)
INC000003928002,Media,FICHA DE CLIENTE // MEDELLIN // ERROR FUNCIONAL,Cerrado,14/02/2026 11:40 PM,CEP CAU AGI,15/02/2026 2:08 PM,CEP CAU AGI,3-Medio,Masiva,SLN Teleperformance Medellin
INC000003928009,Media,[2026R1] FICHA DE CLIENTES / OEST OVIEDO / ERROR FUNCIONAL,Cerrado,15/02/2026 10:15 AM,CEP CAU AGI,15/02/2026 6:43 PM,CEP CAU AGI,4-Baja,Masiva,OEST - SL
INC000003928319,Media,FICHA DE CLIENTE / MEDELLIN / ERROR FUNCIONAL,Cerrado,15/02/2026 12:33 PM,CEP CAU AGI,15/02/2026 8:04 PM,CEP CAU AGI,4-Baja,Masiva,SLN Teleperformance Medellin
INC000003928323,Media,[2026R1] CRM JAZZTEL / MEDELLIN / ERROR FUNCIONAL,Cerrado,15/02/2026 1:11 PM,CEP CAU AGI,15/02/2026 5:12 PM,SOP_BSS_JAZZTEL,4-Baja,Masiva,ATC_MADRID_MASIVO
INC000003928393,Media,[2026R1] CERES // OEST OVIEDO // ERROR FUNCIONAL,Cerrado,16/02/2026 10:23 AM,CEP CAU AGI,16/02/2026 12:48 PM,APL_MOV_CERES,4-Baja,Masiva,OEST - SL
INC000003928646,Media,POLAR // PROVISION MADRID // SIN ACCESO,Cerrado,16/02/2026 9:24 AM,CEP CAU AGI,16/02/2026 12:26 PM,SOP_TMC_POLAR,4-Baja,Masiva,ST_FTTH
INC000003928671,Media,IP24 // ISGF MURCIA // ERROR FUNCIONAL,Cerrado,16/02/2026 11:59 AM,CEP CAU AGI,21/02/2026 5:21 AM,SOP_SMC_AURORA,4-Baja,Masiva,SLN ISGF Murcia
INC000003929039,Media,[2026R1] FICHA DE CLIENTE // MAJOREL SALAMANCA // ERROR FUNCIONAL,Cerrado,16/02/2026 12:32 PM,CEP CAU AGI,23/02/2026 8:30 AM,CEP CAU AGI,4-Baja,Masiva,APL_CON_DESA_SERVICIO_ICF
INC000003929045,Media,LIVEPERSON // BOGOTA // ERROR FUNCIONAL,Cerrado,16/02/2026 1:01 PM,CEP CAU AGI,17/02/2026 1:13 PM,SOP_DJINGO,3-Medio,Masiva,MESA DE AYUDA COLOMBIA
INC000003929073,Media,DJINGO // CONTROL ROOM // ERROR FUNCIONAL,Cerrado,16/02/2026 2:14 PM,CEP CAU AGI,16/02/2026 4:20 PM,SOP_DJINGO,4-Baja,Masiva,TEIDE_OSP_ICF
INC000003929315,Alta,[2026R1] CRM JAZZTEL // MEDELLIN // ERROR FUNCIONAL,Cerrado,16/02/2026 12:53 PM,CEP CAU AGI,17/02/2026 10:46 AM,DES_FAST_TRACK_GARANTIA,2-Alta,Masiva,ATC_MADRID_MASIVO
INC000003929355,Media,REMEDY // GUADALAJARA // ERROR FUNCIONAL,Cerrado,16/02/2026 3:01 PM,CEP CAU AGI,16/02/2026 5:05 PM,DES_REMEDY,4-Baja,Masiva,MESA DE AYUDA GUADALAJARA
INC000003929400,Media,[IP24] / FOUNDEVER SEVILLA / ERROR FUNCIONAL,Cerrado,16/02/2026 5:55 PM,CEP CAU AGI,23/02/2026 8:29 AM,CEP CAU AGI,4-Baja,Masiva,TEIDE_OSP_ICF
INC000003929422,Alta,INDISPONIBILIDAD // ALTITUDE // SL2,Cerrado,16/02/2026 2:13 PM,CEP CAU AGI,17/02/2026 3:27 PM,SOP_TECNICO_CALL_CENTER,2-Alta,Masiva,MESA DE AYUDA COLOMBIA
INC000003929426,Media,GIROS // GUADALAJARA // ERROR FUNCIONAL,Cerrado,16/02/2026 2:20 PM,CEP CAU AGI,16/02/2026 3:08 PM,CEP CAU AGI,4-Baja,Masiva,MESA DE AYUDA GUADALAJARA
INC000003929476,Media,CT Error Funcional - OSS Corporate,Cerrado,16/02/2026 4:13 PM,FRONTOFFICE,16/02/2026 8:59 PM,SOP_RESPONSABLE_SERVICIO,4-Baja,Masiva,FRONTOFFICE
INC000003929493,Media,[IP24] / ATAC JEREZ / ERROR FUNCIONAL,Cerrado,16/02/2026 6:40 PM,CEP CAU AGI,16/02/2026 7:57 PM,CEP CAU AGI,4-Baja,Masiva,TEIDE_OSP_ICF
INC000003929531,Media,PRDIAS-26525 DJINGO // CONTROL ROOM // ERROR FUNCIONAL,Cerrado,16/02/2026 2:50 PM,CEP CAU AGI,25/02/2026 12:23 PM,DES_DJINGO,4-Baja,Masiva,TEIDE_OSP_ICF
INC000003929605,Media,[IP24] / FOUNDEVER SEVILLA / ERROR FUNCIONAL,Cerrado,16/02/2026 4:13 PM,CEP CAU AGI,19/02/2026 12:40 AM,DES_TEIDE,4-Baja,Masiva,TEIDE_OSP_ICF
INC000003929657,Media,CRM JAZZTEL // MEDELLIN // ERROR FUNCIONAL,Cerrado,17/02/2026 10:12 AM,CEP CAU AGI,17/02/2026 3:23 PM,CEP CAU AGI,4-Baja,Masiva,ATC_MADRID_MASIVO
INC000003929671,Alta,IP24 // DIGO // ERROR FUNCIONAL,Cerrado,17/02/2026 10:50 AM,CEP CAU AGI,17/02/2026 2:08 PM,SOP_TMC_BOREAL,1-Crítica,Masiva,FRONTOFFICE
INC000003929941,Media,IVR // CONTROL ROOM / ERROR FUNCIONAL,Cerrado,17/02/2026 8:56 AM,CEP CAU AGI,17/02/2026 11:34 AM,SOP_TECNICO_CALL_CENTER,4-Baja,Masiva,FRONTOFFICE
INC000003930148,Media,AGORA // ATAC JEREZ // ERROR FUNCIONAL,Cerrado,17/02/2026 11:35 AM,CEP CAU AGI,18/02/2026 7:58 PM,Soporte NPD,4-Baja,Masiva,MESA DE AYUDA GUADALAJARA
INC000003930170,Media,SIEBEL 7 // BOGOTA // ERROR FUNCIONAL,Cerrado,17/02/2026 1:44 PM,CEP CAU AGI,17/02/2026 2:17 PM,Soporte Siebel,4-Baja,Masiva,MESA DE AYUDA COLOMBIA
INC000003930190,Media,FICHA DE CLIENTE // KONECTA SEVILLA // ERROR FUNCIONAL,Cerrado,17/02/2026 3:04 PM,CEP CAU AGI,23/02/2026 8:29 AM,CEP CAU AGI,4-Baja,Masiva,CALLCENTER_KONECTA_SEVILLA
INC000003930266,Media,FICHA CLIENTE MM // BOGOTA // ERROR FUNCIONAL,Cerrado,17/02/2026 12:49 PM,CEP CAU AGI,18/02/2026 8:46 AM,DES_SOE_FDCMM,4-Baja,Masiva,MESA DE AYUDA COLOMBIA
INC000003930288,Media,PANGEA // ATAC JEREZ // ERROR FUNCIONAL,Cerrado,17/02/2026 2:12 PM,CEP CAU AGI,05/03/2026 8:16 AM,DES_SOE_PANGEA,4-Baja,Masiva,APL_CON_DESA_SERVICIO_ICF
INC000003930504,Media,[2026R1] AGORA // ATAC GUADALAJARA // ERROR FUNCIONAL,Cerrado,17/02/2026 12:18 PM,CEP CAU AGI,23/02/2026 8:29 AM,CEP CAU AGI,4-Baja,Masiva,NEG_PROVISION_PYME
INC000003930678,Alta,BSCS // DIGO MADRID // ERROR FUNCIONAL,Cerrado,18/02/2026 8:33 AM,CEP CAU AGI,18/02/2026 10:06 AM,SOP_TMC_BOREAL,2-Alta,Masiva,TEIDE_OSP_ICF
INC000003930891,Media,PACO // GUADALAJARA // SIN ACCESO,Cerrado,18/02/2026 10:44 AM,CEP CAU AGI,23/02/2026 8:31 AM,CEP CAU AGI,3-Medio,Masiva,MESA DE AYUDA GUADALAJARA
INC000003930945,Media,PRDIAS-26580 DEGRADACION // LIVEPERSON // SL3,Cerrado,18/02/2026 6:50 AM,CEP CAU AGI,23/02/2026 12:04 PM,DES_DJINGO,4-Baja,Masiva,SLN Teleperformance Medellin
INC000003931116,Media,ALTAIR / GUADALAJARA / ERROR FUNCIONAL,Cerrado,17/02/2026 9:07 PM,CEP CAU AGI,23/02/2026 8:28 AM,CEP CAU AGI,3-Medio,Masiva,MESA DE AYUDA GUADALAJARA
INC000003931739,Media,PRDIAS-26561 DJINGO // CONTROL ROOM // ERROR FUNCIONAL,Cerrado,18/02/2026 1:11 PM,CEP CAU AGI,19/02/2026 12:10 PM,SOP_DJINGO,4-Baja,Masiva,TEIDE_OSP_ICF
INC000003931931,Crítica,INDISPONIBILIDAD / OPENAPI / SL1,Cerrado,18/02/2026 12:37 PM,SOP_TMC_APIGEE,18/02/2026 5:34 PM,SOP_TMC_APIGEE,1-Crítica,Masiva,SOP_TMC_APIGEE
INC000003931939,Alta,DEGRADACIÓN // ALTITUDE // SL2,Cerrado,18/02/2026 1:00 PM,CEP CAU AGI,20/02/2026 8:33 AM,SOP_TECNICO_CALL_CENTER,3-Medio,Masiva,APL_CON_DESA_SERVICIO_ICF
INC000003932027,Media,FICHA DE CLIENTE // MAJOREL SALAMANCA // ERROR FUNCIONAL,Cerrado,18/02/2026 2:17 PM,CEP CAU AGI,18/02/2026 7:30 PM,CEP CAU AGI,3-Medio,Masiva,APL_CON_DESA_SERVICIO_ICF
INC000003932294,Alta,DEGRADACIÓN / CIRCUITO ULISES - MÁLAGA / SL2,Cerrado,19/02/2026 9:14 AM,RTV-TECSE RED DATOS,20/02/2026 10:06 AM,RTV-EXTERNAS RDC,2-Alta,Masiva,Operador (A.G.I.)
INC000003932297,Media,FICHA DE CLIENTE // KONECTA SEVILLA // ERROR FUNCIONAL,Cerrado,19/02/2026 9:20 AM,CEP CAU AGI,24/02/2026 8:15 AM,DES_SOE_FICHA,4-Baja,Masiva,CALLCENTER_KONECTA_SEVILLA
INC000003932942,Alta,DEGRADACION // IP24 // SL2,Cerrado,19/02/2026 11:27 AM,CEP CAU AGI,23/02/2026 8:28 AM,CEP CAU AGI,3-Medio,Masiva,TEIDE_OSP_ICF
INC000003932970,Crítica,Posible masiva provision process fail: Se ha producido un error.,Cerrado,19/02/2026 12:01 PM,FRONTOFFICE,19/02/2026 12:47 PM,SOP_TMC_SIGMA,3-Medio,Masiva,FRONTOFFICE
INC000003932988,Media,ACME APP JAZZTEL // MEDELLIN // ERROR FUNCIONAL,Cerrado,19/02/2026 12:35 PM,CEP CAU AGI,27/02/2026 11:23 AM,DES_SOE_MICROSJZ,4-Baja,Masiva,SLN Teleperformance Medellin
INC000003933250,Media,PANGEA // ATAC JEREZ // ERROR FUNCIONAL,Cerrado,19/02/2026 4:34 PM,CEP CAU AGI,03/03/2026 8:01 AM,DES_SOE_PANGEA,4-Baja,Masiva,MESA DE AYUDA GUADALAJARA
INC000003934139,Alta,DEGRADACION / IP24 / SL2,Cerrado,20/02/2026 9:46 AM,CEP CAU AGI,24/02/2026 10:47 AM,SOP_SMC_TEIDE,2-Alta,Masiva,NEG_PROVISION_PYME
INC000003934169,Media,AMON // LA FINCA // ERROR FUNCIONAL,Cerrado,20/02/2026 11:34 AM,CEP CAU AGI,23/02/2026 2:17 PM,DES_SOE_MICROSJZ,4-Baja,Masiva,DES_DSC
INC000003934366,Media,AGORA // ATAC JEREZ // ERROR FUNCIONAL,Cerrado,20/02/2026 12:21 PM,CEP CAU AGI,09/03/2026 7:36 AM,Soporte NPD,4-Baja,Masiva,MESA DE AYUDA GUADALAJARA
INC000003934373,Media,COGNITIVE // CONTROL ROOM ADI // SIN ACCESO,Cerrado,20/02/2026 1:01 PM,CEP CAU AGI,20/02/2026 1:34 PM,SOP_DJINGO,4-Baja,Masiva,SLN Arvato Salamanca
INC000003934539,Media,FICHA DE CLIENTE // FOUNDEVER// ERROR FUNCIONAL,Cerrado,20/02/2026 3:06 PM,CEP CAU AGI,09/03/2026 8:13 AM,CEP CAU AGI,3-Medio,Masiva,CALLCENTER_SITEL_SEVILLA
INC000003934541,Alta,DEGRADACION // ALTITUDE // SL2,Cerrado,20/02/2026 3:13 PM,CEP CAU AGI,20/02/2026 5:59 PM,SOP_TECNICO_CALL_CENTER,3-Medio,Masiva,SLN Arvato Salamanca
INC000003934779,Media,PRDIAS-26593 COGNITIVE // CONTROL ROOM ADI // ERROR FUNCIONAL,Cerrado,20/02/2026 3:26 PM,CEP CAU AGI,23/02/2026 11:56 AM,DES_DJINGO,4-Baja,Masiva,SLN Arvato Salamanca
INC000003934859,Media,IP24 // ATAC JEREZ // ERROR FUNCIONAL,Cerrado,21/02/2026 2:03 PM,CEP CAU AGI,21/02/2026 5:20 PM,SOP_SMC_SIGMA,4-Baja,Masiva,MESA DE AYUDA GUADALAJARA
INC000003934960,Media,ALTAIR //  // ERROR FUNCIONAL,Cerrado,21/02/2026 2:47 PM,CEP CAU AGI,21/02/2026 8:37 PM,CEP CAU AGI,3-Medio,Masiva,MESA DE AYUDA GUADALAJARA
INC000003934962,Alta,FICHA CLIENTE MM // MEDELLIN // ERROR FUNCIONAL,Cerrado,21/02/2026 3:36 PM,CEP CAU AGI,21/02/2026 5:19 PM,SOP_SMC_SIGMA,3-Medio,Masiva,FRONTOFFICE
INC000003935179,Crítica,INDISPONIBILIDAD / CAMPAÑAS RENOVES Y ALTAS / SL1,Cerrado,23/02/2026 10:17 AM,CEP CAU AGI,23/02/2026 2:24 PM,APL_MOV_CERES,1-Crítica,Masiva,CALLCENTER_TRANSCOM_LEON
INC000003936129,Media,AURORA / GUADALAJARA / ERROR FUNCIONAL,Cerrado,23/02/2026 11:26 AM,CEP CAU AGI,24/02/2026 8:12 AM,SOP_SMC_AURORA,4-Baja,Masiva,MESA DE AYUDA GUADALAJARA
INC000003936825,Media,AGORA // ATAC JEREZ // ERROR FUNCIONAL,Cerrado,23/02/2026 4:56 PM,CEP CAU AGI,25/02/2026 9:53 AM,SOP_SAP_LO,4-Baja,Masiva,MESA DE AYUDA GUADALAJARA
INC000003936944,Media,FICHA CLIENTE MM // MAJOREL SALAMANCA // ERROR FUNCIONAL,Cerrado,23/02/2026 5:04 PM,CEP CAU AGI,23/02/2026 5:52 PM,APL_MOV_SOE,4-Baja,Masiva,SLN Arvato Salamanca
INC000003936988,Media,FICHA DE CLIENTE // KONECTA SEVILLA / ERROR FUNCIONAL,Cerrado,24/02/2026 8:47 AM,CEP CAU AGI,24/02/2026 10:02 AM,APL_MOV_SOE,4-Baja,Masiva,CALLCENTER_KONECTA_SEVILLA
INC000003937195,Media,FICHA DE CLIENTE // MAJOREL SALAMANCA // ERROR FUNCIONAL,Cerrado,24/02/2026 11:05 AM,CEP CAU AGI,24/02/2026 1:18 PM,APL_MOV_SOE,3-Medio,Masiva,APL_CON_DESA_SERVICIO_ICF
INC000003937602,Media,IVR / CONTROL ROOM / ERROR FUNCIONAL,Cerrado,24/02/2026 9:39 AM,CEP CAU AGI,24/02/2026 10:47 AM,SOP_TECNICO_CALL_CENTER,4-Baja,Masiva,TEIDE_OSP_ICF
INC000003937781,Media,undefined()[ASNEF] en el webservice registerSubscriber,Cerrado,24/02/2026 4:33 PM,FRONTOFFICE,25/02/2026 12:28 PM,Soporte Scoring,3-Medio,Masiva,FRONTOFFICE
INC000003937793,Crítica,INDISPONIBILIDAD // CTI // SL1,Cerrado,24/02/2026 4:28 PM,CEP CAU AGI,25/02/2026 8:15 AM,CEP CAU AGI,1-Crítica,Masiva,FRONTOFFICE
INC000003937804,Media,PRDIAS-26642 LIVEPERSON // MEDELLIN // ERROR FUNCIONAL,Cerrado,24/02/2026 11:27 AM,CEP CAU AGI,02/03/2026 7:30 AM,DES_DJINGO,4-Baja,Masiva,ATC_MADRID_MASIVO
INC000003937856,Media,PRDIAS-26636 LIVEPERSON // BOGOTA // ERROR FUNCIONAL,Cerrado,24/02/2026 2:32 PM,CEP CAU AGI,02/03/2026 6:57 AM,CEP CAU AGI,4-Baja,Masiva,MESA DE AYUDA COLOMBIA
INC000003937901,Media,PRDIAS-26637 LIVEPERSON / BOGOTA / ERROR FUNCIONAL,Cerrado,24/02/2026 12:20 PM,CEP CAU AGI,02/03/2026 7:31 AM,DES_DJINGO,3-Medio,Masiva,MESA DE AYUDA COLOMBIA
INC000003937941,Media,LIVEPERSON / MEDELLIN / ERROR FUNCIONAL,Cerrado,24/02/2026 2:36 PM,CEP CAU AGI,24/02/2026 3:42 PM,SOP_DJINGO,3-Medio,Masiva,SLN Teleperformance Medellin
INC000003938595,Media,A-ALTITUDE // MAJOREL JEREZ // SIN ACCESO,Cerrado,25/02/2026 10:39 AM,CEP CAU AGI,02/03/2026 6:57 AM,CEP CAU AGI,4-Baja,Masiva,APL_CON_DESA_SERVICIO_ICF
INC000003939028,Media,ALTITUDE // KONECTA SEVILLA // SIN ACCESO,Cerrado,25/02/2026 10:29 AM,CEP CAU AGI,02/03/2026 6:56 AM,CEP CAU AGI,4-Baja,Masiva,CALLCENTER_KONECTA_SEVILLA
INC000003939286,Media,CERES // OEST // ERROR FUNCIONAL,Cerrado,25/02/2026 4:10 PM,CEP CAU AGI,25/02/2026 10:23 PM,CEP CAU AGI,3-Medio,Masiva,OEST - SL
INC000003939302,Crítica,DEGRADACIÓN / ITX OCI GCP ULI-MEN / SL1,Cerrado,25/02/2026 12:25 PM,RTV-TECSE RED DATOS,25/02/2026 12:47 PM,GNOC,2-Alta,Masiva,Operador (A.G.I.)
INC000003939595,Media,GED // MAJOREL SALAMANCA // SIN ACCESO,Cerrado,26/02/2026 9:54 AM,CEP CAU AGI,02/03/2026 6:58 AM,CEP CAU AGI,3-Medio,Masiva,APL_CON_DESA_SERVICIO_ICF
INC000003939620,Media,PRDIAS-26659 LIVEPERSON // MAJOREL JEREZ // ERROR FUNCIONAL,Cerrado,25/02/2026 2:59 PM,CEP CAU AGI,02/03/2026 7:32 AM,DES_DJINGO,4-Baja,Masiva,APL_CON_DESA_SERVICIO_ICF
INC000003939647,Media,IP24 // MADRID // ERROR FUNCIONAL,Cerrado,25/02/2026 4:27 PM,CEP CAU AGI,30/03/2026 9:19 AM,CEP CAU AGI,4-Baja,Masiva,EDS_MTO
INC000003939663,Media,FICHA DE CLIENTE // SALAMANCA // ERROR FUNCIONAL,Cerrado,25/02/2026 4:57 PM,CEP CAU AGI,09/03/2026 8:13 AM,CEP CAU AGI,3-Medio,Masiva,SLN Arvato Salamanca
"INC000003939700,Media,""Posible masiva provision process fail: """" No encuentra el EJB en el Contexto del Servidor”"",Cerrado,26/02/2026 5:12 AM,FRONTOFFICE,26/02/2026 8:47 AM,GC MIDDLEWARE,3-Medio,Masiva,FRONTOFFICE"
INC000003939851,Media,IP24 // GUADALAJARA // LENTITUD,Cerrado,26/02/2026 9:32 AM,CEP CAU AGI,02/03/2026 6:58 AM,CEP CAU AGI,4-Baja,Masiva,NEG_PROVISION_PYME
INC000003939862,Media,FICHA DE CLIENTE // GUADALAJARA // LENTITUD,Cerrado,26/02/2026 10:07 AM,CEP CAU AGI,02/03/2026 6:59 AM,CEP CAU AGI,3-Medio,Masiva,MESA DE AYUDA GUADALAJARA
INC000003939884,Media,LIVEPERSON / KONECTA SEVILLA / ERROR FUNCIONAL,Cerrado,26/02/2026 11:02 AM,CEP CAU AGI,02/03/2026 6:55 AM,CEP CAU AGI,3-Medio,Masiva,CALLCENTER_KONECTA_SEVILLA
INC000003939984,Media,DJINGO / CONTROL ROOM / ERROR FUNCIONAL,Cerrado,26/02/2026 10:32 AM,CEP CAU AGI,26/02/2026 2:27 PM,Atlas_Soporte_Linux_Vmware,4-Baja,Masiva,TEIDE_OSP_ICF
INC000003939996,Crítica,INDISPONIBILIDAD /OPEN COBROS /SL1,Cerrado,26/02/2026 10:52 AM,CEP CAU AGI,28/02/2026 12:11 AM,COBROS Y RECOBROS - CONTROL,1-Crítica,Masiva,CALLCENTER_SITEL_SEVILLA
INC000003940337,Media,ALTITUDE // MAJOREL SALAMANCA // ERROR FUNCIONAL,Cerrado,26/02/2026 10:17 AM,CEP CAU AGI,26/02/2026 4:37 PM,CEP CAU AGI,4-Baja,Masiva,APL_CON_DESA_SERVICIO_ICF
INC000003940361,Media,COCO // ISGF MADRID // LENTITUD,Cerrado,26/02/2026 11:11 AM,CEP CAU AGI,26/02/2026 12:53 PM,Control de Consumo,4-Baja,Masiva,SLN ISGF Murcia
INC000003940605,Crítica,DEGRADACIÓN / ACTOS COMERCIALES / SL1,Cerrado,26/02/2026 10:15 AM,CEP CAU AGI,02/03/2026 6:55 AM,CEP CAU AGI,1-Crítica,Masiva,TEIDE_OSP_ICF
INC000003940693,Alta,DEGRADACION // IP24 // SL2,Cerrado,26/02/2026 3:13 PM,CEP CAU AGI,02/03/2026 7:00 AM,CEP CAU AGI,3-Medio,Masiva,TEIDE_OSP_ICF
INC000003940717,Media,FICHA CLIENTE MM // BOGOTA // ERROR FUNCIONAL,Cerrado,26/02/2026 11:38 AM,CEP CAU AGI,02/03/2026 6:55 AM,CEP CAU AGI,4-Baja,Masiva,MESA DE AYUDA COLOMBIA
INC000003940952,Alta,DEGRADACION // FICHA DE CLIENTE // SL2,Cerrado,26/02/2026 3:12 PM,CEP CAU AGI,02/03/2026 6:54 AM,CEP CAU AGI,1-Crítica,Masiva,CALLCENTER_KONECTA_SEVILLA
INC000003940978,Alta,ALTITUDE / MAJOREL JEREZ / NO ACCESO,Cerrado,26/02/2026 3:48 PM,CEP CAU AGI,26/02/2026 4:52 PM,SOP_TECNICO_CALL_CENTER,3-Medio,Masiva,APL_CON_DESA_SERVICIO_ICF
INC000003941026,Media,GESTOCK // ATAC JEREZ // ERROR FUNCIONAL,Cerrado,26/02/2026 1:56 PM,CEP CAU AGI,26/02/2026 6:08 PM,GC MIDDLEWARE,3-Medio,Masiva,APL_CON_DESA_SERVICIO_ICF
INC000003941209,Alta,ALTAIR Error Funcional,Cerrado,26/02/2026 3:22 PM,FRONTOFFICE,26/02/2026 5:21 PM,Fijo Activacion LUNA,2-Alta,Masiva,Integraciones
INC000003941307,Media,IVR // SAN FERNANDO // ERROR FUNCIONAL,Cerrado,26/02/2026 4:08 PM,CEP CAU AGI,02/03/2026 6:54 AM,CEP CAU AGI,4-Baja,Masiva,USU_COBROS
INC000003941367,Media,FICHA CLIENTE // ISGF MURCIA // ERROR FUNCIONAL,Cerrado,27/02/2026 9:04 AM,CEP CAU AGI,27/02/2026 9:44 AM,SOP_BSS_JAZZTEL,4-Baja,Masiva,SLN ISGF Murcia
INC000003941520,Media,IVR // ISGF MURCIA // ERROR FUNCIONAL,Cerrado,26/02/2026 8:18 PM,CEP CAU AGI,28/02/2026 12:01 PM,SOP_NABOO,4-Baja,Masiva,SLN ISGF Murcia
INC000003941554,Media,LIVEPERSON // SALAMANCA // ERROR FUNCIONAL,Cerrado,27/02/2026 9:38 AM,CEP CAU AGI,27/02/2026 1:22 PM,DES_ASISTENTE,3-Medio,Masiva,SLN Arvato Salamanca
INC000003941556,Media,IP24 // ATAC GUADALAJARA // ERROR FUNCIONAL,Cerrado,27/02/2026 9:42 AM,CEP CAU AGI,09/03/2026 8:12 AM,CEP CAU AGI,4-Baja,Masiva,NEG_PROVISION_PYME
INC000003941572,Media,IP24 // ATAC SALAMANCA // ERROR FUNCIONAL,Cerrado,27/02/2026 10:55 AM,CEP CAU AGI,02/03/2026 1:31 PM,CEP CAU AGI,4-Baja,Masiva,NEG_PROVISION_PYME
INC000003941601,Media,LIVEPERSON // COLOMBIA // ERROR FUNCIONAL,Cerrado,26/02/2026 8:22 PM,CEP CAU AGI,02/03/2026 6:53 AM,CEP CAU AGI,3-Medio,Masiva,MESA DE AYUDA COLOMBIA
INC000003941608,Media,LIVEPERSON // TANGER // ERROR FUNCIONAL,Cerrado,27/02/2026 8:28 AM,CEP CAU AGI,27/02/2026 1:15 PM,SOP_ASISTENTE,3-Medio,Masiva,CALLCENTER_KONECTA_SEVILLA
INC000003942148,Media,PRDIAS-26693 DJINGO // CONTROL ROOM // ERROR FUNCIONAL,Cerrado,27/02/2026 2:17 PM,CEP CAU AGI,02/03/2026 1:54 PM,DES_DJINGO,4-Baja,Masiva,TEIDE_OSP_ICF
INC000003942183,Media,PRDIAS-26691 LIVEPERSON // TELEPERFORMANCE MEDELLÍN // ERROR FUNCIONAL,Cerrado,27/02/2026 5:25 PM,CEP CAU AGI,09/03/2026 8:12 AM,CEP CAU AGI,3-Medio,Masiva,SLN Teleperformance Medellin
INC000003942205,Media,INYECTORES // GUADALAJARA // ERROR FUNCIONAL,Cerrado,27/02/2026 12:28 PM,CEP CAU AGI,06/03/2026 12:17 PM,CEP CAU AGI,3-Medio,Masiva,EDS_MTO
INC000003942289,Media,PRDIAS-26692 LIVEPERSON // CONTROL ROOM // ERROR FUNCIONAL,Cerrado,28/02/2026 5:25 PM,CEP CAU AGI,02/03/2026 2:58 PM,DES_DJINGO,4-Baja,Masiva,TEIDE_OSP_ICF
INC000003942426,Alta,DEGRADACION // ALTITUDE // SL2,Cerrado,27/02/2026 3:13 PM,CEP CAU AGI,02/03/2026 6:53 AM,CEP CAU AGI,2-Alta,Masiva,TEIDE_OSP_ICF
INC000003942445,Media,FICHA DE CLIENTE // LEÓN // ERROR FUNCIONAL,Cerrado,27/02/2026 5:53 PM,CEP CAU AGI,10/03/2026 11:49 AM,APL_MOV_SOE,3-Medio,Masiva,CALLCENTER_TRANSCOM_LEON
INC000003942461,Alta,A-DEGRADACION/BARCELONA-ULISES/SL2,Cerrado,01/03/2026 1:32 AM,RTV-TECSE RED DATOS,02/03/2026 6:50 PM,RTV-EXTERNAS RDC,2-Alta,Masiva,Operador (A.G.I.)
INC000003942462,Alta,DEGRADACION/ALTAIR/SL2,Cerrado,01/03/2026 10:22 AM,CEP CAU AGI,01/03/2026 1:58 PM,CEP CAU AGI,2-Alta,Masiva,TEIDE_OSP_ICF
INC000003942526,Media,CERES // SALAMANCA // ERROR FUNCIONAL,Cerrado,27/02/2026 9:11 PM,CEP CAU AGI,28/02/2026 10:56 AM,CEP CAU AGI,3-Medio,Masiva,SLN Arvato Salamanca
INC000003942534,Media,// TWW LEÓN // ERROR FUNCIONAL,Cerrado,28/02/2026 3:02 PM,CEP CAU AGI,28/02/2026 4:24 PM,SOP_TECNICO_CALL_CENTER,4-Baja,Masiva,CALLCENTER_TRANSCOM_LEON
INC000003942798,Alta,DEGRADACION // IP24 // SL2,Cerrado,02/03/2026 10:51 AM,CEP CAU AGI,02/03/2026 12:05 PM,APL_MOV_CERES,2-Alta,Masiva,MESA DE AYUDA GUADALAJARA
INC000003943812,Media,PRDIAS-26669 LIVEPERSON // ADI CONSULTING // ERROR FUNCIONAL,Cerrado,02/03/2026 9:16 AM,CEP CAU AGI,02/03/2026 1:27 PM,DES_ASISTENTE,3-Medio,Masiva,SLN Arvato Salamanca
INC000003943850,Media,FICHA DE CLIENTE / GUADALAJARA / LENTITUD,Cerrado,02/03/2026 11:08 AM,CEP CAU AGI,02/03/2026 2:27 PM,APL_MOV_CERES,3-Medio,Masiva,MESA DE AYUDA GUADALAJARA
INC000003943891,Media,IP24 // FOUNDEVER SEVILLA // ERROR FUNCIONAL,Cerrado,02/03/2026 1:32 PM,CEP CAU AGI,03/03/2026 8:35 AM,CEP CAU AGI,4-Baja,Masiva,TEIDE_OSP_ICF
INC000003943942,Media,FICHA DE CLIENTE // MEDELLIN // ERROR FUNCIONAL,Cerrado,02/03/2026 12:29 PM,CEP CAU AGI,02/03/2026 6:07 PM,TEIDE_OSP_Soporte_Tecnico,2-Alta,Masiva,SLN Teleperformance Medellin
INC000003944276,Alta,INDISPONIBILIDAD/ALTITUDE/SL2,Cerrado,02/03/2026 2:03 PM,CEP CAU AGI,02/03/2026 3:00 PM,SOP_TECNICO_CALL_CENTER,2-Alta,Masiva,OEST - SL
INC000003944317,Media,TEIDE // ISGF MURCIA // ERROR FUNCIONAL,Cerrado,02/03/2026 2:17 PM,TEIDE_OSP_Soporte_Tecnico,05/03/2026 4:54 AM,SOP_SMC_AURORA,4-Baja,Masiva,SLN ISGF Murcia
INC000003944335,Media,ALTITUDE // MARKTEL VALENCIA // ERROR FUNCIONAL,Cerrado,02/03/2026 3:40 PM,CEP CAU AGI,02/03/2026 4:44 PM,SOP_TECNICO_CALL_CENTER,4-Baja,Masiva,SLN Marktel Valencia
INC000003944583,Alta,Degradación / caída FW Torrejon FWEN1-SMAD65 /SL2,Cerrado,03/03/2026 6:59 AM,RTV-TECSE RED DATOS,03/03/2026 7:23 AM,Operador (A.G.I.),2-Alta,Masiva,Operador (A.G.I.)
INC000003944638,Media,PANGEA // ATAC JEREZ // ERROR FUNCIONAL,Cerrado,02/03/2026 5:41 PM,CEP CAU AGI,02/03/2026 7:34 PM,CEP CAU AGI,4-Baja,Masiva,MESA DE AYUDA GUADALAJARA
INC000003944642,Media,TPV // ISGF MURCIA // ERROR FUNCIONAL,Cerrado,02/03/2026 6:46 PM,CEP CAU AGI,02/03/2026 7:24 PM,CEP CAU AGI,3-Medio,Masiva,SLN ISGF Murcia
INC000003945455,Media,CRM JAZZTEL / MEDELLIN / ERROR FUNCIONAL,Cerrado,03/03/2026 1:21 PM,CEP CAU AGI,03/03/2026 1:53 PM,SOP_BSS_JAZZTEL,4-Baja,Masiva,ATC_MADRID_MASIVO
INC000003945810,Media,ALTITUDE // SALAMANCA // ERROR FUNCIONAL,Cerrado,03/03/2026 2:45 PM,CEP CAU AGI,06/03/2026 8:37 AM,SOP_TECNICO_CALL_CENTER,4-Baja,Masiva,APL_CON_DESA_SERVICIO_ICF
INC000003945813,Media,LIVEPERSON / MEDELLIN / ERROR FUNCIONAL,Cerrado,03/03/2026 3:05 PM,CEP CAU AGI,03/03/2026 3:55 PM,SOP_LIVEPERSON,3-Medio,Masiva,ATC_MADRID_MASIVO
INC000003945836,Media,PANGEA // JAZZTEL DISTRIBUCION // ERROR FUNCIONAL,Cerrado,03/03/2026 6:19 PM,CEP CAU AGI,12/03/2026 4:00 PM,SOP_BSS_JAZZTEL,4-Baja,Masiva,PROC_CAD
INC000003945852,Media,LIVEPERSON // OEST OVIEDO // ERROR FUNCIONAL,Cerrado,03/03/2026 9:51 PM,CEP CAU AGI,03/03/2026 10:34 PM,SOP_TMC_FDCS,3-Medio,Masiva,OEST - SL
INC000003946009,Media,PRDIAS-26849 DJINGO // CONTROL ROOM // ERROR FUNCIONAL,Cerrado,03/03/2026 4:13 PM,CEP CAU AGI,11/03/2026 12:20 PM,DES_DJINGO,3-Medio,Masiva,FRONTOFFICE
INC000003946044,Alta,DEGRADACION / FICHA DE CLIENTE / SL2,Cerrado,03/03/2026 9:31 PM,CEP CAU AGI,03/03/2026 10:34 PM,SOP_TMC_FDCS,1-Crítica,Masiva,MESA DE AYUDA GUADALAJARA
INC000003946104,Media,ACME APP ORANGE // MAJOREL JEREZ  // ERROR FUNCIONAL,Cerrado,03/03/2026 5:35 PM,CEP CAU AGI,19/03/2026 12:10 PM,DES_KRATOS,4-Baja,Masiva,APL_CON_DESA_SERVICIO_ICF
INC000003946598,Media,PRDIAS-26859 LIVEPERSON // MEDELLIN // ERROR FUNCIONAL,Cerrado,04/03/2026 4:52 PM,CEP CAU AGI,09/03/2026 8:12 AM,CEP CAU AGI,4-Baja,Masiva,ATC_MADRID_MASIVO
INC000003946722,Alta,DEGRADACION / FICHA DE CLIENTE / SL2,Cerrado,04/03/2026 12:20 PM,CEP CAU AGI,09/03/2026 8:15 AM,CEP CAU AGI,1-Crítica,Masiva,CALLCENTER_TRANSCOM_LEON
INC000003946735,Media,ALTITUDE // MEDELLIN // ERROR FUNCIONAL,Cerrado,04/03/2026 1:17 PM,CEP CAU AGI,09/03/2026 8:12 AM,CEP CAU AGI,4-Baja,Masiva,ATC_MADRID_MASIVO
INC000003946824,Alta,INDISPONIBILIDAD / CRM JAZZTEL / SL2,Cerrado,04/03/2026 1:10 PM,CEP CAU AGI,09/03/2026 8:11 AM,CEP CAU AGI,2-Alta,Masiva,SLN Marktel Valencia
INC000003946879,Media,FICHA DE CLIENTE // SALAMANCA / ERROR FUNCIONAL,Cerrado,04/03/2026 7:03 PM,CEP CAU AGI,09/03/2026 8:10 AM,CEP CAU AGI,4-Baja,Masiva,SLN Arvato Salamanca
INC000003946904,Media,HOW / MAJOREL SALAMANCA / ERROR FUNCIONAL,Cerrado,04/03/2026 11:47 AM,CEP CAU AGI,16/03/2026 9:00 AM,CEP CAU AGI,3-Medio,Masiva,APL_CON_DESA_SERVICIO_ICF
INC000003946976,Crítica,INDISPONIBILIDAD / IP24 / SL1,Cerrado,04/03/2026 6:45 PM,CEP CAU AGI,09/03/2026 8:10 AM,CEP CAU AGI,1-Crítica,Masiva,OEST - SL
INC000003946979,Media,PANGEA // ATAC JEREZ // LENTITUD,Cerrado,04/03/2026 7:53 PM,CEP CAU AGI,04/03/2026 8:29 PM,CEP CAU AGI,4-Baja,Masiva,APL_CON_DESA_SERVICIO_ICF
INC000003947232,Media,LUNA // GUADALAJARA // ERROR FUNCIONAL,Cerrado,05/03/2026 8:09 AM,CEP CAU AGI,09/03/2026 8:10 AM,CEP CAU AGI,3-Medio,Masiva,MESA DE AYUDA GUADALAJARA
INC000003947272,Media,PRDIAS-26886  LIVEPERSON // KONECTA TANGER // ERROR FUNCIONAL,Cerrado,05/03/2026 10:45 AM,CEP CAU AGI,09/03/2026 8:10 AM,CEP CAU AGI,3-Medio,Masiva,CALLCENTER_KONECTA_SEVILLA
INC000003947550,Crítica,DEGRADACION / CRM JAZZTEL / SL1,Cerrado,05/03/2026 11:10 AM,CEP CAU AGI,09/03/2026 8:09 AM,CEP CAU AGI,2-Alta,Masiva,SLN Marktel Valencia
INC000003947593,Media,DJINGO / CONTROL ROOM / ERROR FUNCIONAL,Cerrado,05/03/2026 1:14 PM,CEP CAU AGI,05/03/2026 2:51 PM,SOP_DJINGO,4-Baja,Masiva,TEIDE_OSP_ICF
INC000003947596,Alta,DEGRADACION / BSCS / SL2,Cerrado,05/03/2026 1:27 PM,CEP CAU AGI,09/03/2026 8:15 AM,CEP CAU AGI,2-Alta,Masiva,TEIDE_OSP_ICF
INC000003947687,Media,[IP24] / ATAC GUADALAJARA / ERROR FUNCIONAL,Cerrado,05/03/2026 2:34 PM,CEP CAU AGI,09/03/2026 8:08 AM,CEP CAU AGI,4-Baja,Masiva,NEG_PROVISION_PYME
INC000003947920,Crítica,DEGRADACION / FICHA DE CLIENTE / SL1,Cerrado,05/03/2026 10:21 AM,CEP CAU AGI,09/03/2026 8:07 AM,CEP CAU AGI,1-Crítica,Masiva,MESA DE AYUDA GUADALAJARA
INC000003948221,Media,FICHA DE CLIENTE // SALAMANCA // ERROR FUNCIONAL,Cerrado,05/03/2026 2:47 PM,CEP CAU AGI,09/03/2026 8:11 AM,CEP CAU AGI,3-Medio,Masiva,APL_CON_DESA_SERVICIO_ICF
INC000003948234,Media,LIVEPERSON // MEDELLIN // ERROR FUNCIONAL,Cerrado,05/03/2026 3:19 PM,CEP CAU AGI,09/03/2026 8:11 AM,CEP CAU AGI,4-Baja,Masiva,ATC_MADRID_MASIVO
INC000003948235,Media,SIEBEL 7 / ATAC JEREZ / ERROR FUNCIONAL,Cerrado,05/03/2026 3:21 PM,CEP CAU AGI,16/03/2026 9:00 AM,CEP CAU AGI,4-Baja,Masiva,APL_CON_DESA_SERVICIO_ICF
INC000003948272,Alta,Degradacion/Servidores con acceso a Internet/SL2,Cerrado,05/03/2026 5:42 PM,RTV-TECSE RED DATOS,05/03/2026 6:33 PM,RTV-TECSE RED DATOS,2-Alta,Masiva,Operador (A.G.I.)
INC000003948514,Media,LIVEPERSON // BOGOTA // ERROR FUNCIONAL,Cerrado,05/03/2026 4:54 PM,CEP CAU AGI,09/03/2026 8:07 AM,CEP CAU AGI,3-Medio,Masiva,MESA DE AYUDA COLOMBIA
INC000003948571,Media,FICHA DE CLIENTE // ISGF MURCIA // ERROR FUNCIONAL,Cerrado,06/03/2026 10:18 AM,CEP CAU AGI,10/03/2026 10:36 AM,DES_SOE_FICHA,3-Medio,Masiva,SLN ISGF Murcia
INC000003948577,Alta,INDISPONIBILIDAD / IP24 / SL2,Cerrado,06/03/2026 10:26 AM,CEP CAU AGI,09/03/2026 8:07 AM,CEP CAU AGI,2-Alta,Masiva,SLN Marktel Valencia
INC000003949037,Crítica,INDISPONIBILIDAD/TEIDE/SL1,Cerrado,06/03/2026 11:30 AM,TEIDE_OSP_Soporte_Tecnico,06/03/2026 5:42 PM,Atlas_Soporte_Linux_Vmware,1-Crítica,Masiva,Operador (A.G.I.)
INC000003949109,Media,APP MI ORANGE // KONECTA SEVILLA // ERROR FUNCIONAL,Cerrado,06/03/2026 9:07 AM,CEP CAU AGI,09/03/2026 8:07 AM,CEP CAU AGI,3-Medio,Masiva,CALLCENTER_KONECTA_SEVILLA
INC000003949114,Media,FICHA DE CLIENTE / OEST OVIEDO / ERROR FUNCIONAL,Cerrado,06/03/2026 9:35 AM,CEP CAU AGI,10/03/2026 9:52 AM,CEP CAU AGI,4-Baja,Masiva,OEST - SL
INC000003949458,Media,FICHA DE CLIENTE // ISGF MURCIA // ERROR FUNCIONAL,Cerrado,06/03/2026 2:13 PM,CEP CAU AGI,09/03/2026 10:36 AM,NEG_CAMP_CERES,3-Medio,Masiva,SLN ISGF Murcia
INC000003949499,Crítica,INDISPONIBILIDAD / PSERIES POWER9 / SL1,Cerrado,07/03/2026 1:09 PM,RTV-TECSE RED DATOS,08/03/2026 6:00 AM,Atlas_Soporte_Unix,1-Crítica,Masiva,Operador (A.G.I.)
INC000003949548,Media,PANGEA / ATAC JEREZ / ERROR FUNCIONAL,Cerrado,06/03/2026 2:19 PM,CEP CAU AGI,01/04/2026 1:25 PM,DES_SOE_PANGEA,4-Baja,Masiva,APL_CON_DESA_SERVICIO_ICF
INC000003949550,Media,PANGEA // ATAC SALAMANCA // ERROR FUNCIONAL,Cerrado,06/03/2026 2:29 PM,CEP CAU AGI,31/03/2026 11:26 AM,SOP_NABOO,4-Baja,Masiva,NEG_PROVISION_PYME
INC000003949562,Media,FICHA DE CLIENTE // BOSCH VIGO PONTEVEDRA // ERROR FUNCIONAL,Cerrado,06/03/2026 4:53 PM,CEP CAU AGI,09/03/2026 8:06 AM,CEP CAU AGI,4-Baja,Masiva,TEIDE_OSP_ICF
INC000003949582,Alta,DEGRADACIÓN / ESX AOTLXPRVIN10214 / SL2,Cerrado,06/03/2026 10:23 PM,RTV-TECSE RED DATOS,10/03/2026 9:45 AM,Atlas_Soporte_Linux_Vmware,2-Alta,Masiva,Operador (A.G.I.)
INC000003949717,Media,PRDIAS-26925  LIVEPERSON // MEDELLÍN // ERROR FUNCIONAL,Cerrado,06/03/2026 5:03 PM,CEP CAU AGI,23/03/2026 7:29 AM,CEP CAU AGI,3-Medio,Masiva,ATC_MADRID_MASIVO
INC000003949758,Media,ACME APP ORANGE // MEDELLIN // ERROR FUNCIONAL,Cerrado,07/03/2026 5:27 PM,CEP CAU AGI,07/03/2026 8:23 PM,CEP CAU AGI,3-Medio,Masiva,SLN Teleperformance Medellin
INC000003949791,Media,CERES // TWW LEON // ERROR FUNCIONAL,Cerrado,09/03/2026 9:20 AM,CEP CAU AGI,09/03/2026 9:51 AM,NEG_CAMP_CERES,3-Medio,Masiva,USU_COBROS
INC000003950078,Media,ALTITUDE // SALAMANCA // ERROR FUNCIONAL,Cerrado,09/03/2026 11:11 AM,CEP CAU AGI,16/03/2026 4:16 PM,CEP CAU AGI,4-Baja,Masiva,TEIDE_OSP_ICF
INC000003950540,Alta,DEGRADACIÓN / CERES / SL2,Cerrado,09/03/2026 9:37 AM,CEP CAU AGI,09/03/2026 1:28 PM,NEG_CAMP_CERES,3-Medio,Masiva,MESA DE AYUDA GUADALAJARA
INC000003950802,Media,XNET // GUADALAJARA // ERROR FUNCIONAL,Cerrado,07/03/2026 9:08 PM,CEP CAU AGI,09/03/2026 7:06 PM,CEP CAU AGI,4-Baja,Masiva,MESA DE AYUDA GUADALAJARA
INC000003950814,Media,SIEBEL 7 // LA FINCA // ERROR FUNCIONAL,Cerrado,09/03/2026 8:02 AM,CEP CAU AGI,16/03/2026 9:02 AM,CEP CAU AGI,4-Baja,Masiva,Soporte CCA
INC000003951551,Media,PRDIAS-26935  LIVEPERSON // MEDELLIN // ERROR FUNCIONAL,Cerrado,09/03/2026 12:10 PM,CEP CAU AGI,09/03/2026 3:08 PM,DES_ASISTENTE,3-Medio,Masiva,SLN Teleperformance Medellin
INC000003951591,Media,PANGEA / ATAC JEREZ / LENTITUD,Cerrado,09/03/2026 2:06 PM,CEP CAU AGI,09/03/2026 4:14 PM,APL_MOV_SOE,4-Baja,Masiva,APL_CON_DESA_SERVICIO_ICF
INC000003951818,Media,FICHA DE CLIENTE // TLP MEDELLÍN // ERROR FUNCIONAL,Cerrado,09/03/2026 2:05 PM,CEP CAU AGI,10/03/2026 1:43 PM,CEP CAU AGI,4-Baja,Masiva,SLN Teleperformance Medellin
INC000003951820,Media,WEB DE COMPROBANTES // TWW LEON // ERROR FUNCIONAL,Cerrado,09/03/2026 2:13 PM,CEP CAU AGI,09/03/2026 3:07 PM,SOP_MOV_COMPROBANTES_TIENDAS,4-Baja,Masiva,CALLCENTER_TRANSCOM_LEON
INC000003951839,Media,HESMS / CONTROL ROOM / ERROR FUNCIONAL,Cerrado,09/03/2026 4:23 PM,CEP CAU AGI,09/03/2026 5:49 PM,Tecnología,4-Baja,Masiva,TEIDE_OSP_ICF
INC000003951860,Media,IVR / CONTROL ROOM / ERROR FUNCIONAL,Cerrado,09/03/2026 7:10 PM,CEP CAU AGI,10/03/2026 1:40 PM,SOP_TECNICO_CALL_CENTER,4-Baja,Masiva,TEIDE_OSP_ICF
INC000003952034,Media,FICHA DE CLIENTE / KONECTA SEVILLA / SIN ACCESO,Cerrado,09/03/2026 5:10 PM,CEP CAU AGI,16/03/2026 1:26 PM,APL_MOV_SOE,3-Medio,Masiva,CALLCENTER_KONECTA_SEVILLA
INC000003952039,Media,CERES / OEST OVIEDO / ERROR FUNCIONAL,Cerrado,09/03/2026 5:43 PM,CEP CAU AGI,09/03/2026 7:18 PM,CEP CAU AGI,3-Medio,Masiva,OEST - SL
INC000003952070,Media,FICHA DE CLIENTE // LA FINCA // ERROR FUNCIONAL,Cerrado,10/03/2026 7:33 AM,CEP CAU AGI,07/05/2026 5:25 PM,SOPORTE N1 CSO,3-Medio,Masiva,Soporte CCA
INC000003952110,Media,FICHA DE CLIENTE / MALAGA / ERROR FUNCIONAL,Cerrado,09/03/2026 2:58 PM,CEP CAU AGI,10/03/2026 1:44 PM,CEP CAU AGI,4-Baja,Masiva,TEIDE_OSP_ICF
INC000003952135,Media,FICHA DE CLIENTE / ISGF MURCIA / ERROR FUNCIONAL,Cerrado,09/03/2026 4:14 PM,CEP CAU AGI,28/04/2026 11:17 AM,APL_MOV_SOE,4-Baja,Masiva,SLN ISGF Murcia
INC000003952161,Media,[IP24] /  ATAC JEREZ / LENTITUD,Cerrado,09/03/2026 7:35 PM,CEP CAU AGI,09/03/2026 9:21 PM,TEIDE_OSP_Soporte_Tecnico,4-Baja,Masiva,APL_CON_DESA_SERVICIO_ICF
INC000003952755,Media,IP24 // ISGF MURCIA // ERROR FUNCIONAL,Cerrado,10/03/2026 1:54 PM,CEP CAU AGI,10/03/2026 2:44 PM,SOP_SMC_AURORA,4-Baja,Masiva,FRONTOFFICE
INC000003952762,Media,SIEBEL 7 // PROVISION ALICANTE // ERROR FUNCIONAL,Cerrado,10/03/2026 2:23 PM,CEP CAU AGI,16/03/2026 9:03 AM,CEP CAU AGI,4-Baja,Masiva,NEG_PROV_ORANGE
INC000003952808,Media,PEOPLESOFT // MADRID // ERROR FUNCIONAL,Cerrado,10/03/2026 10:58 AM,CEP CAU AGI,20/03/2026 2:31 PM,CEP CAU AGI,4-Baja,Masiva,TEIDE_OSP_ICF
INC000003952895,Media,FICHA CLIENTE MM / BOGOTA / ERROR FUNCIONAL,Cerrado,10/03/2026 5:19 PM,CEP CAU AGI,16/03/2026 9:03 AM,CEP CAU AGI,4-Baja,Masiva,MESA DE AYUDA COLOMBIA
INC000003953133,Media,AGORA // ATAC GUADALAJARA // ERROR FUNCIONAL,Cerrado,10/03/2026 12:38 PM,CEP CAU AGI,16/03/2026 9:02 AM,CEP CAU AGI,4-Baja,Masiva,NEG_PROVISION_PYME
INC000003953134,Media,ARPA // ATAC GUADALAJARA // ERROR FUNCIONAL,Cerrado,10/03/2026 12:34 PM,CEP CAU AGI,23/03/2026 7:29 AM,CEP CAU AGI,4-Baja,Masiva,NEG_PROVISION_PYME
INC000003953151,Media,PRDIAS-26959  LIVEPERSON // OEST OVIEDO // ERROR FUNCIONAL,Cerrado,10/03/2026 1:32 PM,CEP CAU AGI,10/03/2026 3:17 PM,DES_DJINGO,4-Baja,Masiva,OEST - SL
INC000003953521,Alta,DEGRADACIÓN / DESCARGA DOCUMENTOS GED / SL2,Cerrado,10/03/2026 6:53 PM,CEP CAU AGI,16/03/2026 9:03 AM,CEP CAU AGI,2-Alta,Masiva,ATC_MADRID_MASIVO
INC000003953571,Media,DEGRADACION/WIFI Mac La Finca/P3,Cerrado,11/03/2026 9:56 AM,RTV-TECSE RED DATOS,18/03/2026 5:00 PM,RTV-TECSE RED DATOS,4-Baja,Masiva,Operador (A.G.I.)
INC000003953597,Media,LIVEPERSON // MEDELLÍN // ERROR FUNCIONAL,Cerrado,11/03/2026 10:55 AM,CEP CAU AGI,16/03/2026 9:08 AM,CEP CAU AGI,4-Baja,Masiva,ATC_MADRID_MASIVO
INC000003953616,Media,LIVEPERSON / MEDELLIN / ERROR FUNCIONAL,Cerrado,10/03/2026 7:14 PM,CEP CAU AGI,11/03/2026 6:33 AM,CEP CAU AGI,3-Medio,Masiva,ATC_MADRID_MASIVO
INC000003953627,Media,PRDIAS-26979 LIVEPERSON // TANGER // ERROR FUNCIONAL,Cerrado,11/03/2026 8:33 AM,CEP CAU AGI,16/03/2026 10:06 AM,DES_ASISTENTE,3-Medio,Masiva,CALLCENTER_KONECTA_SEVILLA
INC000003953761,Media,LIVEPERSON // CONTROL ROOM ADI // ERROR FUNCIONAL,Cerrado,11/03/2026 10:39 AM,CEP CAU AGI,16/03/2026 9:04 AM,CEP CAU AGI,4-Baja,Masiva,SLN Arvato Salamanca
INC000003953765,Media,LIVEPERSON / FOUNDEVER SEVILLA / ERROR FUNCIONAL,Cerrado,11/03/2026 10:46 AM,CEP CAU AGI,16/03/2026 9:08 AM,CEP CAU AGI,4-Baja,Masiva,TEIDE_OSP_ICF
INC000003953852,Media,ALTITUDE // MEDELLIN // SIN ACCESO,Cerrado,11/03/2026 10:30 AM,CEP CAU AGI,11/03/2026 11:50 AM,SOP_TECNICO_CALL_CENTER,4-Baja,Masiva,SLN Teleperformance Medellin
INC000003954216,Media,LIVEPERSON // MEDELLIN // ERROR FUNCIONAL,Cerrado,11/03/2026 11:48 AM,CEP CAU AGI,16/03/2026 9:09 AM,CEP CAU AGI,4-Baja,Masiva,SLN Teleperformance Medellin
INC000003954300,Media,CERES // OEST OVIEDO // ERROR FUNCIONAL,Cerrado,12/03/2026 9:10 AM,CEP CAU AGI,12/03/2026 10:07 AM,NEG_CAMP_CERES,4-Baja,Masiva,OEST - SL
INC000003954587,Media,LIVEPERSON // MEDELLIN // ERROR FUNCIONAL,Cerrado,11/03/2026 10:59 PM,CEP CAU AGI,12/03/2026 9:17 AM,SOP_DJINGO,4-Baja,Masiva,ATC_MADRID_MASIVO
INC000003954712,Media,[IP24] / ATAC GUADALAJARA / ERROR FUNCIONAL,Cerrado,11/03/2026 3:41 PM,CEP CAU AGI,16/03/2026 9:09 AM,CEP CAU AGI,4-Baja,Masiva,NEG_PROVISION_PYME
INC000003954742,Media,PRDIAS-26993 LIVEPERSON / ANDES 1 / ERROR FUNCIONAL,Cerrado,11/03/2026 8:41 PM,CEP CAU AGI,16/03/2026 9:09 AM,CEP CAU AGI,3-Medio,Masiva,SLN Teleperformance Medellin
INC000003954748,Media,MASSIVE INCIDENTS // GUADALAJARA // ERROR FUNCIONAL,Cerrado,11/03/2026 10:36 PM,CEP CAU AGI,16/03/2026 9:10 AM,CEP CAU AGI,4-Baja,Masiva,MESA DE AYUDA GUADALAJARA
INC000003955201,Media,LIVEPERSON // MEDELLIN // ERROR FUNCIONAL,Cerrado,12/03/2026 8:48 AM,CEP CAU AGI,12/03/2026 11:09 AM,SOP_DJINGO,4-Baja,Masiva,ATC_MADRID_MASIVO
INC000003955517,Media,PANGEA // MADRID // ERROR FUNCIONAL,Cerrado,12/03/2026 11:32 AM,CEP CAU AGI,12/03/2026 3:44 PM,CEP CAU AGI,4-Baja,Masiva,PROC_CAD
INC000003955715,Media,FICHA DE CLIENTE / KONECTA SEVILLA / ERROR FUNCIONAL,Cerrado,12/03/2026 1:12 PM,CEP CAU AGI,23/03/2026 7:29 AM,CEP CAU AGI,4-Baja,Masiva,CALLCENTER_KONECTA_SEVILLA
INC000003955756,Media,INYECTORES / GUADALAJARA / ERROR FUNCIONAL,Cerrado,12/03/2026 5:22 PM,CEP CAU AGI,30/03/2026 9:21 AM,CEP CAU AGI,4-Baja,Masiva,EDS_MTO
INC000003955922,Media,ALTITUDE / ISGF MURCIA / ERROR FUNCIONAL,Cerrado,12/03/2026 3:58 PM,CEP CAU AGI,12/03/2026 10:22 PM,CEP CAU AGI,4-Baja,Masiva,SLN ISGF Murcia
INC000003955946,Media,LIVEPERSON / OEST OVIEDO / ERROR FUNCIONAL,Cerrado,12/03/2026 5:24 PM,CEP CAU AGI,16/03/2026 9:10 AM,CEP CAU AGI,3-Medio,Masiva,OEST - SL
INC000003955954,Media,CRM JAZZTEL / JAZZTEL DISTRIUCION / ERROR FUNCIONAL,Cerrado,12/03/2026 6:19 PM,CEP CAU AGI,16/03/2026 5:14 PM,CEP CAU AGI,4-Baja,Masiva,PROC_CAD
INC000003955990,Media,FICHA DE CLIENTE // ISGF MADRID // ERROR FUNCIONAL,Cerrado,13/03/2026 11:21 AM,CEP CAU AGI,30/03/2026 9:21 AM,CEP CAU AGI,4-Baja,Masiva,SLN ISGF Murcia
INC000003956238,Media,PRDIAS-27033 LIVEPERSON //MEDELLIN //ERROR FUNCIONAL,Cerrado,13/03/2026 9:49 AM,CEP CAU AGI,23/03/2026 7:28 AM,CEP CAU AGI,4-Baja,Masiva,ATC_MADRID_MASIVO
INC000003956293,Media,FICHA DE CLIENTE / MAJOREL JEREZ / ERROR FUNCIONAL,Cerrado,13/03/2026 4:05 PM,CEP CAU AGI,23/03/2026 7:28 AM,CEP CAU AGI,3-Medio,Masiva,APL_CON_DESA_SERVICIO_ICF
INC000003956659,Media,GESTOCK / 6 / ERROR FUNCIONAL,Cerrado,13/03/2026 5:19 PM,CEP CAU AGI,16/03/2026 9:10 AM,CEP CAU AGI,3-Medio,Masiva,APL_CON_DESA_SERVICIO_ICF
INC000003956811,Media,IP24 // ATAC GUADALAJARA // ERROR FUNCIONAL,Cerrado,13/03/2026 12:10 PM,CEP CAU AGI,30/03/2026 4:49 PM,NEG_CAMP_CERES,4-Baja,Masiva,NEG_PROVISION_PYME
INC000003956999,Media,PORTAL DE REDES / GUADALAJARA / ERROR FUNCIONAL,Cerrado,13/03/2026 7:23 PM,CEP CAU AGI,16/03/2026 9:11 AM,CEP CAU AGI,4-Baja,Masiva,MESA DE AYUDA GUADALAJARA
INC000003957125,Media,FICHA CLIENTE MM / ANDES II / ERROR FUNCIONAL,Cerrado,14/03/2026 7:00 PM,CEP CAU AGI,15/03/2026 5:22 PM,APL_MOV_SOE,4-Baja,Masiva,SLN Teleperformance Medellin
INC000003957155,Crítica,INDISPONIBILIDAD / ESX AOTLXPRVIN10209 / SL1,Cerrado,15/03/2026 4:45 PM,RTV-TECSE RED DATOS,15/03/2026 7:26 PM,Atlas_Soporte_Linux_Vmware,1-Crítica,Masiva,Operador (A.G.I.)
INC000003957175,Alta,DEGRADACIÓN / IVR / SL2,Cerrado,16/03/2026 8:45 AM,CEP CAU AGI,16/03/2026 12:22 PM,SOP_TECNICO_CALL_CENTER,2-Alta,Masiva,TEIDE_OSP_ICF
INC000003957185,Media,REMEDY // GUADALAJARA // ERROR FUNCIONAL,Cerrado,16/03/2026 9:19 AM,CEP CAU AGI,16/03/2026 11:10 AM,DES_REMEDY,4-Baja,Masiva,MESA DE AYUDA GUADALAJARA
INC000003957212,Alta,DEGRADACIÓN / SAP / SL2,Cerrado,13/03/2026 5:54 PM,RTV-TECSE RED DATOS,13/03/2026 6:21 PM,Atlas_Soporte_BBDD,2-Alta,Masiva,Operador (A.G.I.)
INC000003957216,Media,[IP24] / FOUNDEVER SEVILLA / ERROR FUNCIONAL,Cerrado,13/03/2026 6:00 PM,CEP CAU AGI,16/03/2026 9:10 AM,CEP CAU AGI,4-Baja,Masiva,TEIDE_OSP_ICF
INC000003957221,Media,TAO / ANDES 1 / ERROR FUNCIONAL,Cerrado,13/03/2026 7:11 PM,CEP CAU AGI,16/03/2026 3:33 PM,TEIDE_OSP_Soporte_Tecnico,4-Baja,Masiva,ATC_MADRID_MASIVO
INC000003957239,Media,FICHA DE CLIENTE / GUADALAJARA / LENTITUD,Cerrado,15/03/2026 10:56 AM,CEP CAU AGI,16/03/2026 2:29 PM,APL_MOV_SOE,4-Baja,Masiva,MESA DE AYUDA GUADALAJARA
INC000003957247,Alta,INDISPONIBILIDAD / ALTAIR / SL2,Cerrado,15/03/2026 3:16 PM,CEP CAU AGI,15/03/2026 5:35 PM,Fijo Activacion LUNA,2-Alta,Masiva,MESA DE AYUDA GUADALAJARA
INC000003957252,Media,FICHA CLIENTE MM / ANDES II / ERROR FUNCIONAL,Cerrado,15/03/2026 4:04 PM,CEP CAU AGI,16/03/2026 9:21 AM,DES_SOE_FDCMM,4-Baja,Masiva,ATC_MADRID_MASIVO
INC000003957262,Media,IVR / CONTROL ROOM / ERROR FUNCIONAL,Cerrado,15/03/2026 7:43 PM,CEP CAU AGI,16/03/2026 12:24 PM,SOP_TECNICO_CALL_CENTER,4-Baja,Masiva,TEIDE_OSP_ICF
INC000003957442,Media,[2026R3] FICHA DE CLIENTE / KONECTA SEVILLA / ERROR FUNCIONAL,Cerrado,15/03/2026 12:46 PM,CEP CAU AGI,19/03/2026 9:21 AM,CEP CAU AGI,4-Baja,Masiva,CALLCENTER_KONECTA_SEVILLA
INC000003957452,Media,FICHA DE CLIENTE / KONECTA SEVILLA / SIN ACCESO,Cerrado,15/03/2026 4:24 PM,CEP CAU AGI,19/03/2026 11:44 AM,APL_MOV_SOE,4-Baja,Masiva,CALLCENTER_KONECTA_SEVILLA
INC000003957839,Alta,[2026R3] DEGRADACIÓN / SIEBEL 7 / SL2,Cerrado,15/03/2026 5:52 PM,CEP CAU AGI,17/03/2026 1:38 PM,Soporte Siebel,2-Alta,Masiva,MESA DE AYUDA GUADALAJARA
INC000003957862,Media,LIVEPERSON // CONTROL ROOM ADI // ERROR FUNCIONAL,Cerrado,16/03/2026 9:32 AM,CEP CAU AGI,17/03/2026 7:22 AM,CEP CAU AGI,4-Baja,Masiva,SLN Arvato Salamanca
INC000003958243,Media,[2026R3] - PRJ-10828 - ALTAIR // GUADALAJARA // ERROR FUNCIONAL,Cerrado,16/03/2026 11:48 AM,CEP CAU AGI,16/03/2026 12:44 PM,Fijo Activacion LUNA,4-Baja,Masiva,MESA DE AYUDA GUADALAJARA
INC000003958245,Media,[2026R03]FICHA DE CLIENTES // FOUNDEVER SEVILLA  // ERROR FUNCIONAL,Cerrado,16/03/2026 12:00 PM,CEP CAU AGI,16/03/2026 2:18 PM,APL_MOV_SOE,4-Baja,Masiva,CALLCENTER_SITEL_SEVILLA
INC000003958632,Media,[2026R3] EREBOR // LA FINCA // ERROR FUNCIONAL,Cerrado,16/03/2026 12:10 PM,CEP CAU AGI,17/03/2026 10:16 AM,DES_SOE_MICROSERVICIOS,4-Baja,Masiva,DES_SOE_ALTAMIRA
INC000003958640,Media,[2026R3] // PANGEA // ATAC JEREZ // ERROR FUNCIONAL,Cerrado,16/03/2026 12:19 PM,CEP CAU AGI,16/03/2026 6:48 PM,APL_MOV_SOE,4-Baja,Masiva,MESA DE AYUDA GUADALAJARA
INC000003958643,Media,[2026R3] PANGEA // ATAC SALAMANCA // ERROR FUNCIONAL,Cerrado,16/03/2026 12:25 PM,CEP CAU AGI,24/03/2026 12:00 PM,DES_SOE_PANGEA,4-Baja,Masiva,NEG_PROVISION_PYME
INC000003958977,Media,FICHA CLIENTE MM / MEDELLIN / ERROR FUNCIONAL,Cerrado,16/03/2026 6:56 PM,CEP CAU AGI,06/04/2026 7:32 AM,CEP CAU AGI,4-Baja,Masiva,ATC_MADRID_MASIVO
INC000003959131,Media,FICHA DE CLIENTE / OEST OVIEDO / ERROR FUNCIONAL,Cerrado,16/03/2026 8:14 PM,CEP CAU AGI,30/03/2026 9:22 AM,CEP CAU AGI,4-Baja,Masiva,OEST - SL
INC000003959179,Media,AGORA // ATAC GUADALAJARA / ERROR FUNCIONAL,Cerrado,17/03/2026 10:25 AM,CEP CAU AGI,07/04/2026 1:09 PM,NEG_CAMP_CERES,4-Baja,Masiva,NEG_PROVISION_PYME
INC000003959185,Media,BSCS / BARCELONA / NO ACCESO,Cerrado,17/03/2026 10:31 AM,CEP CAU AGI,17/03/2026 1:02 PM,SOPORTE ADM WINTEL,4-Baja,Masiva,TEIDE_OSP_ICF
INC000003959323,Alta,indisponibilidad/Error Filesystem SAP BASIS/SL2,Cerrado,17/03/2026 5:12 AM,RTV-TECSE RED DATOS,17/03/2026 8:39 AM,Atlas_Soporte_Unix,2-Alta,Masiva,Operador (A.G.I.)
INC000003959404,Media,FICHA DE CLIENTE // OEST OVIEDO // ERROR FUNCIONAL,Cerrado,16/03/2026 10:15 PM,CEP CAU AGI,24/03/2026 5:09 PM,DES_SOE_FICHA,4-Baja,Masiva,OEST - SL
INC000003959453,Media,[2026R3] FICHA DE CLIENTE // GUADALAJARA // ERROR FUNCIONAL,Cerrado,17/03/2026 10:27 AM,CEP CAU AGI,19/03/2026 8:34 AM,DES_SOE_FICHA,4-Baja,Masiva,EDS_MTO
INC000003959500,Media,FICHA DE CLIENTE // ATAC MADRID // ERROR FUNCIONAL,Cerrado,17/03/2026 12:10 PM,CEP CAU AGI,17/03/2026 4:10 PM,SOP_TMC_GIROS,4-Baja,Masiva,TEIDE_OSP_ICF
INC000003960133,Media,FICHA DE CLIENTE // ISGF MURCIA // ERROR FUNCIONAL,Cerrado,17/03/2026 1:23 PM,CEP CAU AGI,23/03/2026 7:27 AM,CEP CAU AGI,4-Baja,Masiva,SLN ISGF Murcia
INC000003960166,Media,SARO / ATAC JEREZ / LENTITUD,Cancelado,17/03/2026 4:02 PM,SOP_BSS_JAZZTEL,23/03/2026 1:11 PM,SOP_QDS,3-Medio,Masiva,APL_CON_DESA_SERVICIO_ICF
INC000003960685,Media,FICHA DE CLIENTE // ISGF MURCIA // ERROR FUNCIONAL,Cerrado,18/03/2026 11:38 AM,CEP CAU AGI,23/03/2026 7:27 AM,CEP CAU AGI,4-Baja,Masiva,SLN ISGF Murcia
INC000003960744,Media,ALTAIR // GUADALAJARA // LENTITUD,Cerrado,18/03/2026 10:18 AM,CEP CAU AGI,23/03/2026 7:26 AM,CEP CAU AGI,3-Medio,Masiva,MESA DE AYUDA GUADALAJARA
INC000003960748,Alta,DEGRADACIÓN / SIGMA / SL2,Cerrado,18/03/2026 10:42 AM,CEP CAU AGI,23/03/2026 7:26 AM,CEP CAU AGI,2-Alta,Masiva,TEIDE_OSP_ICF
INC000003960765,Media,ECONTRATO // LA FINCA // ERROR FUNCIONAL,Cerrado,18/03/2026 11:37 AM,CEP CAU AGI,09/04/2026 12:13 PM,CEP CAU AGI,4-Baja,Masiva,Econtrato_N2
INC000003960840,Media,FICHA CLIENTE MM //  BOGOTA // ERROR FUNCIONAL,Cerrado,18/03/2026 10:42 AM,CEP CAU AGI,18/03/2026 1:31 PM,CEP CAU AGI,4-Baja,Masiva,MESA DE AYUDA COLOMBIA
INC000003960894,Media,ALTITUDE // MAJOREL JEREZ // ERROR FUNCIONAL,Cerrado,18/03/2026 12:45 PM,CEP CAU AGI,18/03/2026 1:54 PM,SOP_TECNICO_CALL_CENTER,4-Baja,Masiva,APL_CON_DESA_SERVICIO_ICF
INC000003961555,Alta,SIN ACCESO / ALTITUDE / SL2,Cerrado,18/03/2026 6:20 PM,CEP CAU AGI,23/03/2026 7:25 AM,CEP CAU AGI,2-Alta,Masiva,MESA DE AYUDA COLOMBIA
INC000003961557,Media,FICHA CLIENTE MM / BOGOTA / ERROR FUNCIONAL,Cerrado,18/03/2026 6:29 PM,CEP CAU AGI,23/03/2026 7:25 AM,CEP CAU AGI,4-Baja,Masiva,MESA DE AYUDA COLOMBIA
INC000003961616,Crítica,INDISPONIBILIDAD/ROBOTFACTORY/SL1,Cerrado,18/03/2026 2:01 PM,Fijo Activacion LUNA,18/03/2026 2:24 PM,Atlas_Soporte_BBDD,1-Crítica,Masiva,Operador (A.G.I.)
INC000003961682,Alta,INDISPONIBILIDAD / DATA MART FISCAL / SL1,Cerrado,18/03/2026 5:58 PM,RTV-TECSE RED DATOS,26/03/2026 10:24 AM,Atlas_Soporte_BBDD,1-Crítica,Masiva,Operador (A.G.I.)
INC000003961789,Media,FICHA DE CLIENTE / MEDELLIN / ERROR FUNCIONAL,Cerrado,18/03/2026 6:52 PM,CEP CAU AGI,23/03/2026 7:24 AM,CEP CAU AGI,4-Baja,Masiva,SLN Teleperformance Medellin
INC000003961795,Media,PANGEA / ATAC JEREZ / ERROR FUNCIONAL,Cerrado,18/03/2026 8:23 PM,CEP CAU AGI,26/03/2026 8:33 AM,DES_SOE_PANGEA,4-Baja,Masiva,APL_CON_DESA_SERVICIO_ICF
INC000003962051,Alta,INDISPONIBILIDAD/PSeries S/N 652ABD2/SL2,Cerrado,19/03/2026 9:21 AM,RTV-TECSE RED DATOS,19/03/2026 1:17 PM,Atlas_Soporte_Unix,2-Alta,Masiva,Operador (A.G.I.)
INC000003962083,Media,[2026R3] FICHA DE CLIENTE // MADRID //ERROR FUNCIONAL,Cerrado,19/03/2026 11:33 AM,CEP CAU AGI,26/03/2026 8:35 AM,DES_SOE_PANGEA,4-Baja,Masiva,EDS_MTO
INC000003962301,Media,[IP24] / ATAC JEREZ / ERROR FUNCIONAL,Cerrado,18/03/2026 7:54 PM,CEP CAU AGI,18/03/2026 8:41 PM,TEIDE_OSP_Soporte_Tecnico,4-Baja,Masiva,APL_CON_DESA_SERVICIO_ICF
INC000003962305,Media,CT Error Funcional - OSS Corporate,Asignado,18/03/2026 11:47 PM,WHOLESALETAC,,,4-Baja,Masiva,FRONTOFFICE
INC000003962823,Media,FICHA DE CLIENTE // GUADALAJARA //ERROR FUNCIONAL,Cerrado,19/03/2026 11:11 AM,CEP CAU AGI,23/03/2026 7:05 AM,CEP CAU AGI,4-Baja,Masiva,MESA DE AYUDA GUADALAJARA
INC000003962944,Media,FICHA DE CLIENTE / ISGF MURCIA / ERROR FUNCIONAL,Cerrado,19/03/2026 2:59 PM,CEP CAU AGI,04/05/2026 7:38 AM,CEP CAU AGI,4-Baja,Masiva,SLN ISGF Murcia
INC000003963099,Media,FICHA DE CLIENTE / SEVILLA / ERROR FUNCIONAL,Cerrado,19/03/2026 5:30 PM,CEP CAU AGI,24/03/2026 8:24 AM,CEP CAU AGI,4-Baja,Masiva,TEIDE_OSP_ICF
INC000003963371,Media,FICHA DE CLIENTE // KONECTA SEVILLA // ERROR FUNCIONAL,Cerrado,20/03/2026 11:29 AM,CEP CAU AGI,23/03/2026 7:03 AM,CEP CAU AGI,4-Baja,Masiva,CALLCENTER_KONECTA_SEVILLA
INC000003963484,Media,ACME WEB ORANGE // LA FINCA //ERROR FUNCIONAL,Cerrado,20/03/2026 11:45 AM,CEP CAU AGI,24/03/2026 10:19 AM,CEP CAU AGI,4-Baja,Masiva,TEIDE_OSP_ICF
INC000003964106,Alta,DEGRADACION // PANGEA // SL2,Cerrado,20/03/2026 1:04 PM,CEP CAU AGI,20/03/2026 6:50 PM,CEP CAU AGI,2-Alta,Masiva,TEIDE_OSP_Soporte_Tecnico
INC000003964138,Media,FICHA DE CLIENTE // TWW LEON // ERROR FUNCIONAL,Pendiente,20/03/2026 3:09 PM,DES_KRATOS,,CEP CAU AGI,3-Medio,Masiva,CALLCENTER_TRANSCOM_LEON
INC000003964166,Media,SIRES // COLOMBIA // ERROR FUNCIONAL,Cerrado,20/03/2026 6:41 PM,CEP CAU AGI,23/03/2026 7:02 AM,CEP CAU AGI,3-Medio,Masiva,MESA DE AYUDA COLOMBIA
INC000003964168,Media,PRDIAS-27172 DJINGO // ISGF MADRID // ERROR FUNCIONAL,Cerrado,20/03/2026 6:40 PM,CEP CAU AGI,30/03/2026 9:22 AM,CEP CAU AGI,3-Medio,Masiva,SLN ISGF Murcia
INC000003964178,Media,REMEDY // BOGOTA // ERROR FUNCIONAL,Cerrado,20/03/2026 8:11 PM,CEP CAU AGI,26/03/2026 8:26 AM,DES_SOE_FDCMM,4-Baja,Masiva,MESA DE AYUDA COLOMBIA
INC000003964184,Alta,OCS // LA FINCA // ERROR FUNCIONAL,Cerrado,21/03/2026 11:46 AM,SOP_TMC_OCS,21/03/2026 4:09 PM,Soporte PCRF,2-Alta,Masiva,SOP_OCS
INC000003964279,Media,CERES // SALAMANCA // ERROR FUNCIONAL,Cerrado,23/03/2026 9:13 AM,CEP CAU AGI,23/03/2026 10:00 AM,NEG_CAMP_CERES,4-Baja,Masiva,OEST - SL
INC000003964437,Media,FICHA CLIENTE MM // MEDELLIN // SIN ACCESO,Cerrado,20/03/2026 7:26 PM,CEP CAU AGI,23/03/2026 7:01 AM,CEP CAU AGI,4-Baja,Masiva,SLN Teleperformance Medellin
INC000003964638,Media,CRM JAZZTEL // MEDELLIN // ERROR FUNCIONAL,Cerrado,23/03/2026 9:51 AM,CEP CAU AGI,24/03/2026 3:12 PM,SOP_BSS_JAZZTEL,4-Baja,Masiva,ATC_MADRID_MASIVO
INC000003964691,Media,FICHA DE CLIENTE // FOUNDEVER SEVILLA,Cerrado,23/03/2026 2:55 PM,CEP CAU AGI,23/03/2026 3:33 PM,APL_MOV_SOE,4-Baja,Masiva,SOP_SMC_AULA_CIMA
INC000003965467,Media,FICHA DE CLIENTE // MEDELLIN // ERROR FUNCIONAL,Cerrado,23/03/2026 1:55 PM,CEP CAU AGI,30/03/2026 9:22 AM,CEP CAU AGI,3-Medio,Masiva,SLN Teleperformance Medellin
INC000003965936,Media,RIKO // KONECTA SEVILLA // NO ACCESO,Cerrado,23/03/2026 5:05 PM,CEP CAU AGI,24/03/2026 9:22 AM,SOP_TECNICO_CALL_CENTER,4-Baja,Masiva,CALLCENTER_KONECTA_SEVILLA
INC000003965966,Media,CRM JAZZTEL / MEDELLIN / ERROR FUNCIONAL,Cerrado,23/03/2026 10:39 PM,CEP CAU AGI,24/03/2026 8:59 AM,SOP_BSS_JAZZTEL,4-Baja,Masiva,ATC_MADRID_MASIVO
INC000003965980,Media,SIEBEL 7 // TRANSCOM MADRID // ERROR FUNCIONAL,Cerrado,24/03/2026 9:07 AM,CEP CAU AGI,24/03/2026 10:03 AM,Soporte Siebel,4-Baja,Masiva,CALLCENTER_TRANSCOM_LEON
INC000003966227,Media,FICHA CLIENTE MM // MEDELLIN // ERROR FUNCIONAL,Cerrado,23/03/2026 7:32 PM,CEP CAU AGI,30/03/2026 9:23 AM,CEP CAU AGI,4-Baja,Masiva,ATC_MADRID_MASIVO
INC000003966229,Media,FICHA CLIENTE MM // BOGOTA //ERROR FUNCIONAL,Cerrado,23/03/2026 8:08 PM,CEP CAU AGI,24/03/2026 4:57 PM,APL_MOV_SOE,4-Baja,Masiva,MESA DE AYUDA COLOMBIA
INC000003966256,Media,PRDIAS-27207 LIVEPERSON // A CORUÑA // ERROR FUNCIONAL,Cerrado,24/03/2026 9:33 AM,CEP CAU AGI,24/03/2026 5:09 PM,DES_ASISTENTE,3-Medio,Masiva,SLN Arvato Salamanca
INC000003966293,Alta,ALTAIR MOVIL // GUADALAJARA // ERROR FUNCIONAL,Cerrado,24/03/2026 11:19 AM,CEP CAU AGI,24/03/2026 5:51 PM,CEP CAU AGI,2-Alta,Masiva,MESA DE AYUDA GUADALAJARA
INC000003966393,Alta,ALTITUDE // KONECTA SEVILLA // ERROR FUNCIONAL,Cerrado,24/03/2026 11:48 AM,CEP CAU AGI,24/03/2026 1:13 PM,SOP_TECNICO_CALL_CENTER,3-Medio,Masiva,CALLCENTER_KONECTA_SEVILLA
INC000003967011,Media,CERES // SALAMANCA // ERROR FUNCIONAL,Cerrado,24/03/2026 11:15 AM,CEP CAU AGI,24/03/2026 3:39 PM,CEP CAU AGI,3-Medio,Masiva,OEST - SL
INC000003967023,Crítica,LIVERPERSON // FOUNDEVER SEVILLA // ERROR FUNCIONAL,Cerrado,24/03/2026 11:35 AM,CEP CAU AGI,25/03/2026 6:22 PM,SOP_ASISTENTE,1-Crítica,Masiva,SOP_SMC_AULA_CIMA
INC000003967036,Media,SIEBEL 7 // GUADALAJARA // ERROR FUNCIONAL,Cerrado,24/03/2026 12:00 PM,CEP CAU AGI,13/04/2026 7:06 AM,CEP CAU AGI,4-Baja,Masiva,MESA DE AYUDA GUADALAJARA
INC000003967041,Crítica,INDISPONIBILIDAD // IVR //SL1,Cerrado,24/03/2026 12:12 PM,CEP CAU AGI,24/03/2026 1:13 PM,SOP_TECNICO_CALL_CENTER,1-Crítica,Masiva,SOP_SMC_AULA_CIMA
INC000003967290,Crítica,INDISPONIBILIDAD/LLAMADA ALTAIR A BRUJULA/SL2,Cerrado,24/03/2026 5:24 PM,RTV-TECSE RED DATOS,24/03/2026 5:57 PM,GNOC,2-Alta,Masiva,Operador (A.G.I.)
INC000003967393,Media,IVR // ISGF MURCIA // ERROR FUNCIONAL,Cerrado,24/03/2026 4:14 PM,CEP CAU AGI,24/03/2026 6:06 PM,SOP_TECNICO_CALL_CENTER,4-Baja,Masiva,SLN ISGF Murcia
INC000003967433,Media,FICHA DE CLIENTE // BOSCH VIGO // ERROR FUNCIONAL,Cerrado,24/03/2026 2:03 PM,CEP CAU AGI,30/03/2026 9:24 AM,CEP CAU AGI,4-Baja,Masiva,SOP_SMC_AULA_CIMA
INC000003967871,Media,FICHA DE CLIENTE // GUADALAJARA // ERROR FUNCIONAL,Cerrado,25/03/2026 8:40 AM,CEP CAU AGI,30/03/2026 9:24 AM,CEP CAU AGI,4-Baja,Masiva,EDS_MTO
INC000003967935,Media,BSCS // TWW LEON // ERROR FUNCIONAL,Cerrado,24/03/2026 8:05 PM,CEP CAU AGI,27/03/2026 4:50 PM,CEP CAU AGI,4-Baja,Masiva,CALLCENTER_TRANSCOM_LEON
INC000003968012,Media,A-ALTITUDE / BOGOTA / ERROR FUNCIONAL,Cerrado,24/03/2026 7:13 PM,CEP CAU AGI,30/03/2026 9:24 AM,CEP CAU AGI,4-Baja,Masiva,MESA DE AYUDA COLOMBIA
INC000003968159,Media,POLAR // APP PLUS MADRID //  ERROR FUNCIONAL,Cerrado,25/03/2026 12:34 PM,CEP CAU AGI,27/03/2026 1:06 PM,CEP CAU AGI,4-Baja,Masiva,ST_FTTH
INC000003969156,Media,A-FICHA CLIENTE MM / MEDELLIN  / LENTITUD,Cerrado,26/03/2026 10:24 AM,CEP CAU AGI,30/03/2026 9:26 AM,CEP CAU AGI,4-Baja,Masiva,ATC_MADRID_MASIVO
INC000003969190,Alta,DEGRADACION / NABOO / SL2,Cerrado,26/03/2026 12:54 PM,CEP CAU AGI,30/03/2026 9:26 AM,CEP CAU AGI,4-Baja,Masiva,OEST - SL
INC000003969336,Media,Notificaciones iPhone,Cerrado,25/03/2026 6:32 PM,FRONTOFFICE,25/03/2026 7:10 PM,SOP_OSS_MOVIL,3-Medio,Masiva,FRONTOFFICE
INC000003969337,Media,ALTITUDE // BOGOTÁ // ERROR FUNCIONAL,Cerrado,25/03/2026 6:33 PM,CEP CAU AGI,30/03/2026 9:25 AM,CEP CAU AGI,4-Baja,Masiva,MESA DE AYUDA COLOMBIA
INC000003969427,Media,DEGRADACION / REACTIVACIONES / SL2,Cerrado,25/03/2026 8:41 PM,CEP CAU AGI,30/03/2026 9:25 AM,CEP CAU AGI,3-Medio,Masiva,SLN ISGF Murcia
INC000003970267,Media,AGORA // ATAC GUADALAJARA // ERROR FUNCIONAL,Cerrado,26/03/2026 3:47 PM,CEP CAU AGI,26/03/2026 5:00 PM,Soporte NPD,4-Baja,Masiva,NEG_PROVISION_PYME
INC000003970290,Media,PRDIAS-27234 LIVEPERSON // MEDELLIN // ERROR FUNCIONAL,Cerrado,26/03/2026 5:22 PM,CEP CAU AGI,20/04/2026 12:19 PM,DES_DJINGO,4-Baja,Masiva,TEIDE_OSP_ICF
INC000003970321,Media,ALTITUDE // KONECTA SEVILLA // ERROR FUNCIONAL,Cerrado,26/03/2026 1:11 PM,CEP CAU AGI,26/03/2026 3:00 PM,SOP_TECNICO_CALL_CENTER,4-Baja,Masiva,CALLCENTER_KONECTA_SEVILLA
INC000003970367,Media,AURORA // APPLUS MADRID // ERROR FUNCIONAL,Cerrado,26/03/2026 4:23 PM,CEP CAU AGI,31/03/2026 5:38 PM,CEP CAU AGI,4-Baja,Masiva,ST_FTTH
INC000003970526,Media,FICHA DE CLIENTE // TWW LEÓN // ERROR FUNCIONAL,Cerrado,26/03/2026 2:31 PM,CEP CAU AGI,26/03/2026 6:54 PM,SOP_SMC_TEIDE,4-Baja,Masiva,CALLCENTER_TRANSCOM_LEON
INC000003970709,Media,SGF // GUADALAJARA // ERROR FUNCIONAL,Cerrado,26/03/2026 1:56 PM,CEP CAU AGI,30/03/2026 9:26 AM,CEP CAU AGI,4-Baja,Masiva,MESA DE AYUDA GUADALAJARA
INC000003970753,Media,FICHA DE CLIENTE // TWW LEON // ERROR FUNCIONAL,Cerrado,26/03/2026 5:52 PM,CEP CAU AGI,30/03/2026 9:27 AM,CEP CAU AGI,4-Baja,Masiva,CALLCENTER_TRANSCOM_LEON
INC000003971002,Alta,A-DEGRADACION/BARCELONA-ULISES/SL2,Cerrado,27/03/2026 12:01 AM,RTV-TECSE RED DATOS,31/03/2026 8:34 AM,RTV-EXTERNAS RDC,2-Alta,Masiva,Operador (A.G.I.)
INC000003971050,Alta,PRUEBA SCA 360,Cerrado,27/03/2026 10:19 AM,CEP CAU AGI,27/03/2026 10:57 AM,CONTROL_ROOM,3-Medio,Masiva,CEP CAU AGI
INC000003971511,Media,ALTITUDE // MAJOREL JEREZ // ERROR FUNCIONAL,Cerrado,27/03/2026 9:27 AM,CEP CAU AGI,27/03/2026 10:09 AM,SOP_TECNICO_CALL_CENTER,4-Baja,Masiva,APL_CON_DESA_SERVICIO_ICF
INC000003971689,Media,PRDIAS-27260 LIVEPERSON // CONTROL ROOM // ERROR FUNCIONAL,Cerrado,29/03/2026 1:43 PM,CEP CAU AGI,30/03/2026 11:50 AM,SOP_DJINGO,4-Baja,Masiva,TEIDE_OSP_ICF
INC000003971925,Media,ALTITUDE // MARKEL VALENCIA // NO ACCESO,Cerrado,27/03/2026 4:12 PM,CEP CAU AGI,27/03/2026 4:58 PM,SOP_TECNICO_CALL_CENTER,4-Baja,Masiva,SLN Marktel Valencia
INC000003972039,Media,AGORA // ATAC JEREZ // ERROR FUNCIONAL,Cerrado,27/03/2026 4:28 PM,CEP CAU AGI,30/03/2026 9:27 AM,CEP CAU AGI,4-Baja,Masiva,TEIDE_OSP_ICF
INC000003972059,Alta,DEGRADACION/LA FINCA/SL2,Cerrado,28/03/2026 12:18 AM,RTV-TECSE RED DATOS,30/03/2026 8:05 AM,RTV-EXTERNAS RDC,2-Alta,Masiva,Operador (A.G.I.)
INC000003972072,Media,FICHA CLIENTE MM // MEDELLIN // ERROR FUNCIONAL,Cerrado,28/03/2026 4:17 PM,CEP CAU AGI,29/03/2026 10:43 AM,SOP_TMC_SIGMA,4-Baja,Masiva,ATC_MADRID_MASIVO
INC000003972075,Media,LIVEPERSON // BOGOTA // ERROR FUNCIONAL,Cerrado,28/03/2026 9:10 PM,CEP CAU AGI,30/03/2026 8:08 AM,SOP_LIVEPERSON,3-Medio,Masiva,MESA DE AYUDA COLOMBIA
INC000003973939,Media,SARO / ATAC JEREZ / LENTITUD,Cerrado,30/03/2026 12:03 PM,CEP CAU AGI,30/03/2026 2:21 PM,SOP_QDS,3-Medio,Masiva,APL_CON_DESA_SERVICIO_ICF
INC000003974026,Alta,NABOO // PREPAGO / ERROR FUNCIONAL,Cerrado,30/03/2026 12:15 PM,CEP CAU AGI,30/03/2026 6:16 PM,SOP_NABOO,1-Crítica,Masiva,APL_ING_CALL_CENTER
INC000003976135,Media,PANGEA // TLP JEREZ // ERROR FUNCIONAL,Cerrado,31/03/2026 7:32 PM,CEP CAU AGI,01/04/2026 9:32 PM,APL_MOV_SOE,4-Baja,Masiva,TEIDE_OSP_ICF
INC000003977310,Media,REMEDY - REMEDY // JAZZPLAT GUADALAJARA//ERROR FUNCIONAL,Cerrado,01/04/2026 2:34 PM,CEP CAU AGI,06/04/2026 11:52 AM,SOPORTE N1 CSO,4-Baja,Masiva,MESA DE AYUDA GUADALAJARA
INC000003977348,Alta,DEGRADACIÓN / CERES / SL2,Cerrado,02/04/2026 9:20 AM,CEP CAU AGI,06/04/2026 5:59 PM,SOP_TMC_PORTOS,3-Medio,Masiva,OEST - SL
INC000003977388,Media,DJINGO // CONTROL ROOM // FUNCIONAL,Cerrado,03/04/2026 12:33 PM,CEP CAU AGI,03/04/2026 6:46 PM,CEP CAU AGI,4-Baja,Masiva,APL_ING_CALL_CENTER
INC000003977600,Media,TOKEN // BOGOTA // FUNCIONAL,Cerrado,03/04/2026 10:57 AM,CEP CAU AGI,03/04/2026 4:37 PM,SOPORTE N1 CSO,4-Baja,Masiva,MESA DE AYUDA COLOMBIA
INC000003978190,Media,CERES// OEST OVIEDO // ERROR FUNCIONAL,Cerrado,06/04/2026 9:08 AM,CEP CAU AGI,07/04/2026 9:31 AM,NEG_CAMP_CERES,4-Baja,Masiva,OEST - SL
INC000003978430,Media,FICHA DE CLIENTE // GUADALAJARA // ERROR FUNCIONAL,Cerrado,02/04/2026 6:09 PM,CEP CAU AGI,12/05/2026 11:01 AM,DES_SOE_FICHA,3-Medio,Masiva,MESA DE AYUDA GUADALAJARA
INC000003978449,Media,FOUNDEVER // FICHA DE CLIENTE // FUNCIONAL,Cerrado,03/04/2026 1:08 PM,CEP CAU AGI,07/04/2026 7:09 PM,SOPORTE N1 CSO,3-Medio,Masiva,APL_ING_CALL_CENTER
INC000003979003,Media,GDU // KONECTA SEVILLA // LENTITUD APLICATIVO,Cerrado,03/04/2026 11:00 AM,CEP CAU AGI,03/04/2026 8:16 PM,CEP CAU AGI,3-Medio,Masiva,CALLCENTER_KONECTA_SEVILLA
INC000003979006,Media,CRM // BOGOTA // ERROR FUNCIONAL,Cerrado,03/04/2026 12:08 PM,CEP CAU AGI,03/04/2026 2:52 PM,SOP_NABOO,4-Baja,Masiva,MESA DE AYUDA COLOMBIA
INC000003980502,Media,LIVEPERSON // JAZZPLAT BOGOTÁ // ERROR FUNCIONAL,Cerrado,05/04/2026 6:21 PM,CEP CAU AGI,13/04/2026 8:07 AM,CEP CAU AGI,3-Medio,Masiva,MESA DE AYUDA COLOMBIA
INC000003981097,Alta,DEGRADACIÓN / Palos-ISGF Lezama / SL2,Cerrado,06/04/2026 4:17 PM,RTV-TECSE RED DATOS,07/04/2026 10:46 AM,GNOC,2-Alta,Masiva,Operador (A.G.I.)
INC000003981330,Media,PRDIAS-27294 LIVEPERSON // OEST OVIEDO // ERROR FUNCIONAL,Cerrado,06/04/2026 1:44 PM,CEP CAU AGI,13/04/2026 8:46 AM,DES_DJINGO,3-Medio,Masiva,OEST - SL
INC000003981402,Media,FICHA CLIENTE MM // MARKTEL VALENCIA // ERROR FUNCIONAL,Cerrado,06/04/2026 12:44 PM,CEP CAU AGI,06/04/2026 1:31 PM,APL_MOV_SOE,4-Baja,Masiva,SLN Marktel Valencia
INC000003981795,Media,FICHA DE CLIENTE // TELEVENTA SEVILLA // ERROR FUNCIONAL,Cerrado,07/04/2026 11:36 AM,CEP CAU AGI,07/04/2026 4:45 PM,DES_SOE_MICROSERVICIOS,4-Baja,Masiva,APL_ING_CALL_CENTER
INC000003981964,Alta,FICHA DE CLIENTE // KONECTA SEVILLA / ERROR FUNCIONAL,Cerrado,07/04/2026 10:41 AM,CEP CAU AGI,07/04/2026 3:59 PM,GC MIDDLEWARE,2-Alta,Masiva,CALLCENTER_KONECTA_SEVILLA
INC000003981996,Media,FICHA DE CLIENTE // FOUNDEVER SEVILLA // ERROR FUNCIONAL,Cerrado,07/04/2026 12:58 PM,CEP CAU AGI,07/04/2026 2:22 PM,SOPORTE N1 CSO,3-Medio,Masiva,APL_ING_CALL_CENTER
INC000003982408,Crítica,ALTAIR // GUADALAJARA // ERROR FUNCIONAL,Cerrado,07/04/2026 8:40 AM,CEP CAU AGI,07/04/2026 12:43 PM,Soporte Datapower,1-Crítica,Masiva,MESA DE AYUDA GUADALAJARA
INC000003982437,Media,PRDIAS-27302  -  LIVEPERSON  // ADI MADRID // ERROR FUNCIONAL,Cerrado,07/04/2026 10:52 AM,CEP CAU AGI,08/04/2026 1:18 PM,DES_ASISTENTE,3-Medio,Masiva,SLN Arvato Salamanca
INC000003982466,Media,IVR // CONTROLROOM // ERROR FUNCIONAL,Cerrado,07/04/2026 12:16 PM,CEP CAU AGI,07/04/2026 12:28 PM,SOP_TECNICO_CALL_CENTER,4-Baja,Masiva,APL_ING_CALL_CENTER
INC000003982509,Media,FICHA CLIENTE MM  // Bogotá // Error funcional,Cerrado,07/04/2026 10:46 AM,CEP CAU AGI,07/04/2026 12:53 PM,SOP_BSS_JAZZTEL,4-Baja,Masiva,MESA DE AYUDA COLOMBIA
"INC000003982554,Media,""DEGRADACIÓN / ALTAS, PORTAS, MIGRAS PANGEA / SL2"",Cerrado,07/04/2026 1:45 PM,CEP CAU AGI,08/04/2026 2:43 PM,CEP CAU AGI,4-Baja,Masiva,APL_CON_DESA_SERVICIO_ICF"
INC000003982886,Media,ALTITUDE // OEST // SIN ACCESO,Cerrado,07/04/2026 2:58 PM,CEP CAU AGI,07/04/2026 3:36 PM,SOP_TECNICO_CALL_CENTER,4-Baja,Masiva,OEST - SL
INC000003983027,Media,SIEBEL7 // SALAMANCA // FUNCIONAL,Cerrado,07/04/2026 2:46 PM,CEP CAU AGI,16/04/2026 6:49 PM,Soporte Siebel,4-Baja,Masiva,APL_CON_DESA_SERVICIO_ICF
INC000003983066,Media,FICHA MM // MEDELLIN // FUNCIONAL,Cerrado,07/04/2026 7:32 PM,CEP CAU AGI,07/04/2026 9:16 PM,SOPORTE N1 CSO,4-Baja,Masiva,ATC_MADRID_MASIVO
INC000003983071,Alta,FICHA DE CLIENTE // OEST // ERROR FUNCIONAL,Cerrado,07/04/2026 9:22 PM,CEP CAU AGI,13/04/2026 7:09 AM,CEP CAU AGI,1-Crítica,Masiva,OEST - SL
INC000003983162,Media,PRDIAS-27311 - MONITOR CONDUCCION WHATSAPP // CONTROL ADI // ERROR FUNCIONAL,Cerrado,07/04/2026 5:23 PM,CEP CAU AGI,13/04/2026 8:47 AM,DES_ASISTENTE,3-Medio,Masiva,SLN Arvato Salamanca
INC000003983190,Media,CRMTELCO // BOGOTA // FUNCIONAL,Cerrado,07/04/2026 9:33 PM,CEP CAU AGI,13/04/2026 7:10 AM,CEP CAU AGI,4-Baja,Masiva,ATC_MADRID_MASIVO
INC000003983344,Media,PANGEA // KONECTA JAZZ CAD - MADRID // ERROR FUNCIONAL,Cerrado,07/04/2026 8:43 PM,CEP CAU AGI,09/04/2026 4:47 PM,DES_SOE_MICROSJZ,4-Baja,Masiva,PROC_CAD
INC000003983458,Media,ALTAIR // BOGOTÁ // ERROR FUNCIONAL,Cerrado,08/04/2026 10:39 AM,CEP CAU AGI,13/04/2026 7:11 AM,CEP CAU AGI,3-Medio,Masiva,MESA DE AYUDA COLOMBIA
INC000003985055,Alta,Degradacion/Altas eSIM Prepago/SL2,Cerrado,09/04/2026 9:06 AM,CEP CAU AGI,13/04/2026 7:13 AM,CEP CAU AGI,4-Baja,Masiva,APL_ING_CALL_CENTER
INC000003985094,Media,CERESa // OEST OVIEDO // ERROR FUNCIONAL,Cerrado,09/04/2026 11:20 AM,CEP CAU AGI,10/04/2026 9:33 PM,CEP CAU AGI,4-Baja,Masiva,OEST - SL
INC000003985099,Media,TEIDE  // ISGF MURCIA // ERROR FUNCIONAL,Cerrado,09/04/2026 11:36 AM,CEP CAU AGI,13/04/2026 7:15 AM,CEP CAU AGI,4-Baja,Masiva,SLN ISGF Murcia
INC000003985105,Alta,DEGRADACIÓN / CATÁLOGO SIEBEL 8 / SL2,Cerrado,08/04/2026 6:14 PM,CEP CAU AGI,13/04/2026 7:12 AM,CEP CAU AGI,3-Medio,Masiva,APL_ING_CALL_CENTER
INC000003985702,Media,SGP // OEST OVIEDO// ERROR FUNCIONAL,Cerrado,09/04/2026 10:52 AM,CEP CAU AGI,13/04/2026 7:14 AM,CEP CAU AGI,4-Baja,Masiva,OEST - SL
INC000003985751,Media,FICHA DE CLIENTE //  BOGOTÁ // ERROR FUNCIONAL,Cerrado,09/04/2026 1:26 PM,CEP CAU AGI,13/04/2026 7:16 AM,CEP CAU AGI,3-Medio,Masiva,MESA DE AYUDA COLOMBIA
INC000003985855,Media,ALTITUDE // MARKTEL VALENCIA // SIN ACCESO,Cerrado,09/04/2026 2:34 PM,CEP CAU AGI,09/04/2026 3:19 PM,SOP_TECNICO_CALL_CENTER,4-Baja,Masiva,SLN Marktel Valencia
INC000003985884,Media,TEIDE // JEREZ ATAC // ERROR FUNCIONAL,Cerrado,09/04/2026 4:36 PM,CEP CAU AGI,10/04/2026 10:45 AM,CEP CAU AGI,4-Baja,Masiva,MESA DE AYUDA GUADALAJARA
INC000003986073,Media,CERES // OEST // ERROR FUNCIONAL,Cerrado,09/04/2026 4:19 PM,CEP CAU AGI,13/04/2026 7:16 AM,CEP CAU AGI,3-Medio,Masiva,OEST - SL
INC000003986598,Media,AGORA // ATAC GUADALAJARA // ERROR FUNCIONAL,Cerrado,10/04/2026 11:27 AM,CEP CAU AGI,22/04/2026 10:48 AM,Soporte NPD,4-Baja,Masiva,NEG_PROVISION_PYME
INC000003987374,Media,PRDIAS-27425 LIVEPERSON //BOGOTA // FUNCIONAL,Cerrado,10/04/2026 2:59 PM,CEP CAU AGI,21/04/2026 1:12 PM,DES_ASISTENTE,4-Baja,Masiva,MESA DE AYUDA COLOMBIA
INC000003987411,Media,PRDIAS-27390 - LIVEPERSON // ADI MADRID // ERROR FUNCIONAL,Cerrado,10/04/2026 1:18 PM,CEP CAU AGI,20/04/2026 8:07 AM,DES_ASISTENTE,4-Baja,Masiva,SLN Arvato Salamanca
INC000003987443,Media,ALTITUDE // ADSL MADRID // FUNCIONAL,Cerrado,10/04/2026 5:35 PM,CEP CAU AGI,10/04/2026 6:07 PM,SOP_TECNICO_CALL_CENTER,4-Baja,Masiva,APL_ING_CALL_CENTER
INC000003987488,Media,FICHA DE CLIENTE // TWW LEON // ERROR FUNCIONAL,Cerrado,13/04/2026 9:35 AM,CEP CAU AGI,13/04/2026 10:35 AM,CEP CAU AGI,3-Medio,Masiva,CALLCENTER_TRANSCOM_LEON
INC000003987734,Media,GDU//KONECTA//FUNCIONAL,Cerrado,10/04/2026 5:10 PM,CEP CAU AGI,13/04/2026 7:17 AM,CEP CAU AGI,4-Baja,Masiva,CALLCENTER_KONECTA_SEVILLA
INC000003987735,Media,ALTITUDE // OEST // FUNCIONAL,Cerrado,10/04/2026 5:08 PM,CEP CAU AGI,21/04/2026 10:42 AM,SOP_TECNICO_CALL_CENTER,4-Baja,Masiva,OEST - SL
INC000003987743,Media,OPEN COBROS // TWW  SAN FERNANDO // FUNCIONAL,Cerrado,11/04/2026 10:57 AM,CEP CAU AGI,13/04/2026 8:06 AM,CEP CAU AGI,3-Medio,Masiva,APL_ING_CALL_CENTER
INC000003989748,Media,CRM// TLP MEDELLÍN // ERROR FUNCIONAL,Cerrado,13/04/2026 1:33 PM,CEP CAU AGI,20/04/2026 7:35 AM,CEP CAU AGI,4-Baja,Masiva,ATC_MADRID_MASIVO
INC000003989783,Media,PRDIAS-27423 LIVEPERSON // ACORUÑA // FUNCIONAL,Cerrado,13/04/2026 4:10 PM,CEP CAU AGI,14/04/2026 4:21 PM,DES_ASISTENTE,3-Medio,Masiva,SLN Arvato Salamanca
INC000003990033,Media,PRDIAS-27418 LIVEPERSON // BOGOTA // FUNCIONAL,Cerrado,13/04/2026 3:03 PM,CEP CAU AGI,13/04/2026 4:49 PM,DES_DJINGO,4-Baja,Masiva,MESA DE AYUDA COLOMBIA
INC000003990351,Media,PRDIAS-27424 LIVEPERSON // CONTROL ROOM // ERROR FUNCIONAL,Cerrado,13/04/2026 5:31 PM,CEP CAU AGI,14/04/2026 4:19 PM,DES_DJINGO,4-Baja,Masiva,APL_ING_CALL_CENTER
INC000003990557,Media,PRDIAS-27294 LIVEPERSON // JAZZPLAT BOGOTA // FUNCIONAL,Cerrado,13/04/2026 8:21 PM,CEP CAU AGI,15/04/2026 8:31 AM,SOP_DJINGO,3-Medio,Masiva,OEST - SL
INC000003990862,Media,FICHA DE CLIENTE // LA FINCA // ERROR FUNCIONAL,Cerrado,14/04/2026 10:49 AM,CEP CAU AGI,20/04/2026 1:41 PM,DES_SOE_FICHA,3-Medio,Masiva,Soporte CCA
INC000003991656,Media,LIVEPERSON // BOGOTÁ // ERROR FUNCIONAL,Cerrado,14/04/2026 4:07 PM,CEP CAU AGI,15/04/2026 2:28 PM,SOP_DJINGO,3-Medio,Masiva,MESA DE AYUDA COLOMBIA
INC000003991690,Media,ALTITUDE // OEST OVIEDO // ERROR FUNCIONAL,Cerrado,14/04/2026 7:46 PM,CEP CAU AGI,15/04/2026 9:53 AM,SOP_TECNICO_CALL_CENTER,4-Baja,Masiva,OEST - SL
INC000003992078,Media,PRDIAS-27474 DJINGO // KONECTA SEVILLA // ERROR FUNCIONAL,Cerrado,15/04/2026 8:45 AM,CEP CAU AGI,20/04/2026 7:35 AM,CEP CAU AGI,3-Medio,Masiva,CALLCENTER_KONECTA_SEVILLA
INC000003992286,Alta,DEGRADACIÓN / ENCUESTAS CALL CENTER / SL2,Cerrado,15/04/2026 11:43 AM,CEP CAU AGI,15/04/2026 1:07 PM,SOP_TECNICO_CALL_CENTER,2-Alta,Masiva,APL_ING_CALL_CENTER
INC000003992592,Media,PRDIAS-27481 LIVEPERSON // ADI //  ERROR FUNCIONAL,Cerrado,15/04/2026 2:52 PM,CEP CAU AGI,21/04/2026 1:14 PM,DES_ASISTENTE,3-Medio,Masiva,SLN Arvato Salamanca
INC000003993226,Alta,TAO // TLP MEDELLIN // ERROR FUNCIONAL,Cerrado,15/04/2026 1:23 PM,CEP CAU AGI,15/04/2026 6:05 PM,CEP CAU AGI,2-Alta,Masiva,APL_ING_CALL_CENTER
INC000003993430,Media,SIEBEL 8 // MAJOREL JEREZ // ERROR FUNCIONAL,Cerrado,15/04/2026 4:29 PM,CEP CAU AGI,08/05/2026 12:39 PM,CEP CAU AGI,4-Baja,Masiva,APL_ING_CALL_CENTER
INC000003993476,Media,FICHA DE CLIENTE //  ISGF // ERROR FUNCIONAL,Cerrado,16/04/2026 9:05 AM,CEP CAU AGI,16/04/2026 2:38 PM,APL_MOV_SOE,3-Medio,Masiva,SLN ISGF Murcia
INC000003993604,Media,DESCUBRE ORANGE // OEST OVIEDO // LENTITUD,Cerrado,15/04/2026 5:07 PM,CEP CAU AGI,20/04/2026 7:36 AM,CEP CAU AGI,4-Baja,Masiva,OEST - SL
INC000003993605,Media,FICHA DE CLIENTE // FOUNDEVER SEVILLA // ERROR FUNCIONAL,Cerrado,15/04/2026 4:58 PM,CEP CAU AGI,20/04/2026 7:36 AM,CEP CAU AGI,4-Baja,Masiva,APL_ING_CALL_CENTER
INC000003993671,Media,FICHA CLIENTE MM // LA FINCA // ERROR FUNCIONAL,Cerrado,16/04/2026 11:03 AM,CEP CAU AGI,20/04/2026 11:07 AM,DES_SOE_FDCMM,4-Baja,Masiva,CEP CAU AGI
INC000003993686,Media,WEB DE COMPROBANTES // KONECTA SEVILLA // ERROR FUNCIONAL,Cerrado,16/04/2026 12:48 PM,CEP CAU AGI,16/04/2026 1:22 PM,SOP_MOV_COMPROBANTES_TIENDAS,3-Medio,Masiva,CALLCENTER_KONECTA_SEVILLA
INC000003993718,Alta,DEGRADACION // CAULIFICACION CAMPAÑAS CERES // SL2,Cerrado,16/04/2026 9:08 AM,CEP CAU AGI,16/04/2026 11:13 AM,NEG_CAMP_CERES,3-Medio,Masiva,SLN ISGF Murcia
INC000003993755,Media,AGORA // ATAC JEREZ // ERROR FUNCIONAL,Cerrado,16/04/2026 11:10 AM,CEP CAU AGI,22/04/2026 11:13 AM,SOPORTE N1 CSO,4-Baja,Masiva,MESA DE AYUDA GUADALAJARA
INC000003994365,Media,IP24 // TWW  LEON // ERROR FUNCIONAL,Cerrado,16/04/2026 12:44 PM,CEP CAU AGI,16/04/2026 4:46 PM,SOP_TURING_OSP,4-Baja,Masiva,CALLCENTER_TRANSCOM_LEON
INC000003994367,Media,FICHA DE CLIENTE // TWW  LEÓN // ERROR FUNCIONAL,Cerrado,16/04/2026 12:50 PM,CEP CAU AGI,07/05/2026 9:12 AM,DES_SOE_FICHA,3-Medio,Masiva,CALLCENTER_TRANSCOM_LEON
INC000003994396,Media,PRDIAS-27493 DJINGO // GUADALAJARA  // FUNCIONAL,Cerrado,16/04/2026 2:35 PM,CEP CAU AGI,21/04/2026 1:15 PM,DES_DJINGO,3-Medio,Masiva,MESA DE AYUDA GUADALAJARA
INC000003994549,Media,WEB COMPROBANTES// MARKTEL VALENCIA// ERROR FUNCIONAL,Cerrado,16/04/2026 1:03 PM,CEP CAU AGI,16/04/2026 1:34 PM,SOP_MOV_COMPROBANTES_TIENDAS,3-Medio,Masiva,SLN Marktel Valencia
INC000003994576,Media,PRDIAS-27488 DJINGO // TLP MEDELLIN//FUNCIONAL,Cerrado,16/04/2026 3:15 PM,CEP CAU AGI,21/04/2026 1:17 PM,DES_DJINGO,4-Baja,Masiva,ATC_MADRID_MASIVO
INC000003994896,Media,PRDIAS-27540 ASISTENTE //  CORUÑA // ERROR FUNCIONAL,Cerrado,17/04/2026 11:15 AM,CEP CAU AGI,20/04/2026 12:34 PM,SOP_ASISTENTE,3-Medio,Masiva,SLN Arvato Salamanca
INC000003994947,Alta,DEGRADACION / Caída circuito Palos- Bogotá /SL2,Cerrado,16/04/2026 4:55 PM,TS GSS MONITORIZACION,17/04/2026 9:01 AM,GNOC,2-Alta,Masiva,AGI_ALERTAS_CaaS
INC000003995158,Media,Posible incidencia Masiva de activacion erronea esim,Cerrado,16/04/2026 9:34 PM,Operador (A.G.I.),22/04/2026 5:15 PM,FRONTOFFICE,3-Medio,Masiva,FRONTOFFICE
INC000003995193,Media,GED // ISGF // SIN ACCESO,Cerrado,17/04/2026 10:07 AM,CEP CAU AGI,17/04/2026 11:45 AM,GC GeD,3-Medio,Masiva,SLN ISGF Murcia
INC000003995348,Media,FICHA DE CLIENTE // LA FINCA // ERROR FUNCIONAL,Cerrado,17/04/2026 11:00 AM,CEP CAU AGI,30/04/2026 4:23 PM,CEP CAU AGI,3-Medio,Masiva,CEP CAU AGI
INC000003995373,Media,FICHA DE CLIENTE // GUADALAJARA // ERROR FUNCIONAL,Cerrado,17/04/2026 11:55 AM,CEP CAU AGI,27/04/2026 5:28 PM,DES_SOE_FICHA,3-Medio,Masiva,MESA DE AYUDA GUADALAJARA
INC000003996095,Alta,DEGRADACION/SAP/SL2,Cerrado,17/04/2026 5:23 PM,FRONTOFFICE,17/04/2026 9:22 PM,SOP_SAP_LO,2-Alta,Masiva,SOP_RESPONSABLE_SERVICIO
INC000003996206,Media,ECARE//LA FINCA// ERROR FUNCIONA,Cerrado,17/04/2026 11:54 AM,CEP CAU AGI,27/04/2026 6:41 AM,CEP CAU AGI,4-Baja,Masiva,CEP CAU AGI
INC000003996495,Media,FICHA CLIENTE MM // TLP MEDELLIN // LENTITUD,Cerrado,20/04/2026 10:20 AM,CEP CAU AGI,20/04/2026 9:11 PM,SOP_BSS_JAZZTEL,4-Baja,Masiva,ATC_MADRID_MASIVO
INC000003996498,Media,FICHA CLIENTE//ISGF MADRID//ERROR FUNCIONAL,Cerrado,20/04/2026 10:31 AM,CEP CAU AGI,20/04/2026 12:01 PM,SOPORTE N1 CSO,4-Baja,Masiva,SLN ISGF Murcia
INC000003996677,Media,DJINGO //TLP MEDELLIN// ERROR FUNCIONAL,Cerrado,20/04/2026 9:52 AM,CEP CAU AGI,20/04/2026 3:17 PM,SOP_DJINGO,4-Baja,Masiva,ATC_MADRID_MASIVO
INC000003997498,Media,DEGRADACION/MIJAZZTEL/SL2,Cerrado,20/04/2026 12:56 PM,CEP CAU AGI,28/04/2026 10:40 AM,SOPORTE N1 CSO,4-Baja,Masiva,CALLCENTER_TRANSCOM_LEON
INC000003997604,Alta,DEGRADACIÓN / TOKEN USUARIO / SL2,Cerrado,20/04/2026 10:57 AM,CEP CAU AGI,20/04/2026 3:20 PM,SOP_ONURIS,1-Crítica,Masiva,CALLCENTER_KONECTA_SEVILLA
INC000003997708,Media,CRM // MARKTEL VALENCIA // ERROR FUNCIONAL,Cerrado,20/04/2026 11:11 AM,CEP CAU AGI,20/04/2026 3:16 PM,SOP_NABOO,4-Baja,Masiva,SLN Marktel Valencia
INC000003997853,Media,IVR // ISGF MADRID // ERROR FUNCIONAL,Cerrado,20/04/2026 2:25 PM,CEP CAU AGI,20/04/2026 9:22 PM,CEP CAU AGI,4-Baja,Masiva,SLN ISGF Murcia
INC000003998562,Media,WEB COMPROBANTES // OEST // FUNCIONAL,Cerrado,21/04/2026 11:37 AM,CEP CAU AGI,22/04/2026 12:17 PM,SOP_MOV_COMPROBANTES_TIENDAS,4-Baja,Masiva,OEST - SL
INC000003998599,Media,FICHA DE CLIENTE //BOSH VIGO // FUNCIONAL,Cerrado,21/04/2026 2:26 PM,CEP CAU AGI,06/05/2026 11:40 AM,APL_MOV_SOE,4-Baja,Masiva,APL_ING_CALL_CENTER
INC000003998712,Media,CERES// OEST-SALAMANCA // FUNCIONAL,Cerrado,21/04/2026 9:12 AM,CEP CAU AGI,21/04/2026 9:29 AM,APL_MOV_CERES,3-Medio,Masiva,OEST - SL
INC000003998947,Media,SIEBEL IP24 // ATAC JEREZ // FUNCIONAL,Cerrado,21/04/2026 11:12 AM,CEP CAU AGI,27/04/2026 9:33 AM,SOP_SMC_TEIDE,4-Baja,Masiva,MESA DE AYUDA GUADALAJARA
INC000003999536,Alta,DEGRADACION / CIRCUITO LA FINCA - ULISES / SL2,Cerrado,22/04/2026 1:04 AM,RTV-TECSE RED DATOS,22/04/2026 4:26 AM,RTV-EXTERNAS RDC,2-Alta,Masiva,Operador (A.G.I.)
INC000003999738,Media,PRDIAS-27582 DJINGO // LA FINCA // ERROR FUNCIONAL,Cerrado,22/04/2026 8:27 AM,CEP CAU AGI,24/04/2026 7:59 AM,DES_DJINGO,4-Baja,Masiva,CEP CAU AGI
INC000003999824,Media,ASISTENTE // ADI // ERROR FUNCIONAL,Cerrado,22/04/2026 8:28 AM,CEP CAU AGI,22/04/2026 9:21 AM,SOP_ASISTENTE,3-Medio,Masiva,APL_ING_CALL_CENTER
INC000003999898,Media,FICHA DE CLIENTE // MADISON VALLADOLID // LENTITUD,Cerrado,22/04/2026 3:06 PM,CEP CAU AGI,22/04/2026 5:30 PM,APL_MOV_CERES,4-Baja,Masiva,APL_ING_CALL_CENTER
INC000004000467,Media,SIEBEL 8 IP24  // TLP ATAC JEREZ // ERROR FUNCIONAL,Cerrado,22/04/2026 8:40 PM,CEP CAU AGI,24/04/2026 10:29 AM,CEP CAU AGI,4-Baja,Masiva,APL_CON_DESA_SERVICIO_ICF
INC000004000475,Media,FICHA DE CIENTE// LA FINCA // FUNCIONAL,Cerrado,23/04/2026 8:17 AM,CEP CAU AGI,08/05/2026 8:52 AM,DES_SOE_FICHA,3-Medio,Masiva,Soporte CCA
INC000004000548,Media,SIEBEL 7 // JAZZPLAT GUADALAJARA // ERROR FUNCIONAL,En curso,22/04/2026 4:42 PM,SOP_SMC_TEIDE,,SOP_SMC_TEIDE,4-Baja,Masiva,EDS_MTO
INC000004000553,Media,CERES // SALAMANCA // ERROR FUNCIONAL,Cerrado,22/04/2026 4:43 PM,CEP CAU AGI,22/04/2026 5:25 PM,CEP CAU AGI,3-Medio,Masiva,SLN Arvato Salamanca
INC000004000590,Media,SIEBEL IP24 - ATAC JEREZ // FUNCIONAL,Cerrado,23/04/2026 11:22 AM,CEP CAU AGI,29/04/2026 12:41 PM,SOP_SMC_TEIDE,4-Baja,Masiva,MESA DE AYUDA GUADALAJARA
INC000004000692,Media,DJINGO//JAZZPLAT BOGOTA//ERROR FUNCIONAL,Cerrado,23/04/2026 10:01 AM,CEP CAU AGI,23/04/2026 12:05 PM,SOP_ASISTENTE,3-Medio,Masiva,MESA DE AYUDA COLOMBIA
INC000004001701,Alta,DEGRADACIÓN / CIRCUITO SERMICRO PALOS / SL2,Cerrado,23/04/2026 11:38 AM,RTV-TECSE RED DATOS,27/04/2026 8:31 AM,GNOC,2-Alta,Masiva,Operador (A.G.I.)
INC000004002675,Media,FICHA DE CLIENTE // TWW LEÓN // ERROR FUNCIONAL,Cerrado,24/04/2026 2:11 PM,CEP CAU AGI,06/05/2026 3:54 PM,CEP CAU AGI,4-Baja,Masiva,CALLCENTER_TRANSCOM_LEON
INC000004002704,Media,IP24 // BOGOTA // FUNCIONAL,Cerrado,24/04/2026 11:50 AM,CEP CAU AGI,27/04/2026 6:33 AM,CEP CAU AGI,4-Baja,Masiva,MESA DE AYUDA COLOMBIA
INC000004002731,Media,DYNAMICS // ATENTO MADRID // ERROR FUNCIONAL,Cerrado,24/04/2026 2:34 PM,CEP CAU AGI,27/04/2026 6:53 AM,CEP CAU AGI,4-Baja,Masiva,APL_ING_CALL_CENTER
INC000004002840,Media,DEO // TLP MEDELLIN // NO ACCESO,Cerrado,24/04/2026 3:25 PM,CEP CAU AGI,27/04/2026 6:31 AM,CEP CAU AGI,4-Baja,Masiva,ATC_MADRID_MASIVO
INC000004003733,Media,PRDIAS-27618 LIVEPERSON //TLP MEDELLIN // FUNCIONAL,Cerrado,27/04/2026 9:34 AM,CEP CAU AGI,27/04/2026 1:25 PM,DES_DJINGO,3-Medio,Masiva,ATC_MADRID_MASIVO
INC000004003756,Media,SIEBEL 7 // SALAMANCA // FUNCIONAL,Cerrado,27/04/2026 11:23 AM,CEP CAU AGI,27/04/2026 5:00 PM,Soporte Siebel,4-Baja,Masiva,APL_CON_DESA_SERVICIO_ICF
INC000004003795,Media,[2026R4] CRM // TLP MEDELLIN // FUNCIONAL,Cerrado,27/04/2026 1:33 PM,CEP CAU AGI,27/04/2026 4:54 PM,CEP CAU AGI,4-Baja,Masiva,ATC_MADRID_MASIVO
INC000004003922,Media,[2026R4] FICHA DE CLIENTE // FOUNDEVER SEVILLA // ERROR FUNCIONAL,Resuelto,27/04/2026 10:00 AM,CEP CAU AGI,13/05/2026 8:47 AM,SOP_TURING_OSP,3-Medio,Masiva,APL_ING_CALL_CENTER
INC000004004262,Media,CRM // TLP MEDELLÍN // ERROR FUNCIONAL,Cerrado,27/04/2026 2:11 PM,CEP CAU AGI,29/04/2026 8:28 AM,DES_CRM4T,4-Baja,Masiva,ATC_MADRID_MASIVO
INC000004004299,Media,SIEBEL 7 // TLP ATAC JEREZ // ERROR FUNCIONAL,Cerrado,27/04/2026 5:47 PM,CEP CAU AGI,05/05/2026 5:43 PM,Soporte Siebel,4-Baja,Masiva,MESA DE AYUDA GUADALAJARA
INC000004004301,Media,[2026R4] CRM // BOGOTA // FUNCIONAL,Cerrado,27/04/2026 11:39 AM,CEP CAU AGI,29/04/2026 9:09 AM,SOP_BSS_JAZZTEL,4-Baja,Masiva,MESA DE AYUDA COLOMBIA
INC000004004553,Media,ALTITUDE // FOUNDEVER // ERROR FUNCIONAL,Cerrado,27/04/2026 7:16 PM,CEP CAU AGI,27/04/2026 7:36 PM,SOP_TECNICO_CALL_CENTER,4-Baja,Masiva,APL_ING_CALL_CENTER
INC000004004699,Media,DIGO // DISTRIBUIDOR // ERROR FUNCIONAL,Cerrado,28/04/2026 11:51 AM,CEP CAU AGI,28/04/2026 5:45 PM,SOP_SMC_SIGMA,4-Baja,Masiva,APL_ING_CALL_CENTER
INC000004005077,Media,AGORA  // GUADALAJARA ATAC  // ERROR FUNCIONAL,Cerrado,28/04/2026 1:51 PM,CEP CAU AGI,06/05/2026 9:38 AM,NEG_CAMP_CERES,4-Baja,Masiva,NEG_PROVISION_PYME
INC000004005528,Media,FICHA DE CLIENTE // OEST OVIEDO // ERROR FUNCIONAL,Cerrado,28/04/2026 11:26 AM,CEP CAU AGI,29/04/2026 12:15 PM,CEP CAU AGI,3-Medio,Masiva,OEST - SL
INC000004005552,Media,GIROS // JAZZPLAT GUADALAJARA // ERROR FUNCIONAL,Cerrado,28/04/2026 12:23 PM,CEP CAU AGI,28/04/2026 2:21 PM,SOP_SMC_GIROS,4-Baja,Masiva,MESA DE AYUDA GUADALAJARA
INC000004005611,Media,LIVEPERSON // OEST OVIEDO // ERROR FUNCIONAL,Cerrado,28/04/2026 1:02 PM,CEP CAU AGI,28/04/2026 2:41 PM,SOP_DJINGO,3-Medio,Masiva,OEST - SL
INC000004005631,Media,PRDIAS-27635 DJINGO // OEST OVIEDO // ERROR FUNCIONAL,Cerrado,28/04/2026 2:59 PM,CEP CAU AGI,11/05/2026 10:50 AM,SOP_DJINGO,3-Medio,Masiva,OEST - SL
INC000004005872,Media,PRDIAS-27637 DJINGO // CONTROL ROOM // ERROR FUNCIONAL,Cerrado,28/04/2026 5:31 PM,CEP CAU AGI,29/04/2026 12:12 PM,DES_DJINGO,4-Baja,Masiva,CEP CAU AGI
INC000004006792,Media,ABACUS //  ATAC JEREZ // ERROR FUNCIONAL,Cerrado,29/04/2026 5:05 PM,CEP CAU AGI,29/04/2026 5:57 PM,Soporte BRM,3-Medio,Masiva,MESA DE AYUDA GUADALAJARA
INC000004006918,Media,PSP // TWW SAN FERNANDO// FUNCIONAL,Cerrado,29/04/2026 1:58 PM,CEP CAU AGI,04/05/2026 11:18 AM,SOP_SOE_OWCS,3-Medio,Masiva,CALLCENTER_TRANSCOM_LEON
INC000004006919,Media,LIVEPERSON // TLP MEDELLIN // ERROR FUNCIONAL,Cerrado,29/04/2026 1:54 PM,CEP CAU AGI,04/05/2026 7:40 AM,CEP CAU AGI,4-Baja,Masiva,ATC_MADRID_MASIVO
INC000004006989,Media,ELENA// GUADALAJARA // FUNCIONAL,Cerrado,30/04/2026 9:30 AM,CEP CAU AGI,30/04/2026 10:59 AM,NEG_ELENA,3-Medio,Masiva,MESA DE AYUDA GUADALAJARA
INC000004007051,Media,DJINGO // OEST OVIEDO // ERROR FUNCIONAL,Cerrado,29/04/2026 9:44 PM,CEP CAU AGI,29/04/2026 10:59 PM,CEP CAU AGI,3-Medio,Masiva,OEST - SL
INC000004007183,Media,PRDIAS-27676 LIVEPERSON // TLP MEDELLÍN // ERROR FUNCIONAL,Cerrado,30/04/2026 12:35 PM,CEP CAU AGI,04/05/2026 7:40 AM,CEP CAU AGI,4-Baja,Masiva,SLN Teleperformance Medellin
INC000004007902,Media,WEB/APP JAZZTEL // TLP MEDELLÍN // ERROR FUNCIONAL,Cerrado,30/04/2026 12:11 PM,CEP CAU AGI,04/05/2026 11:50 AM,SOPORTE N1 CSO,4-Baja,Masiva,SLN Teleperformance Medellin
INC000004007980,Media,QLIKSENSE // CONTROL ROOM // ERROR FUNCIONAL,Cerrado,01/05/2026 10:42 AM,CEP CAU AGI,05/05/2026 3:58 PM,SOP_TECNICO_CALL_CENTER,3-Medio,Masiva,CEP CAU AGI
INC000004007983,Media,ALTITUDE // FOUNDEVER // ERROR FUNCIONAL,Cerrado,01/05/2026 12:52 PM,CEP CAU AGI,01/05/2026 11:50 PM,SOP_TECNICO_CALL_CENTER,4-Baja,Masiva,CEP CAU AGI
INC000004008001,Media,HPFMS // ISGF MADRID // SIN ACCESO,Cerrado,30/04/2026 12:57 PM,CEP CAU AGI,30/04/2026 1:39 PM,FRAUDE,4-Baja,Masiva,SLN ISGF Murcia
INC000004008130,Alta,DEGRADACION/SGA/SL2,Cerrado,30/04/2026 5:13 PM,SOP_TMC_HPE,30/04/2026 5:49 PM,SOP_BBDD,4-Baja,Masiva,SOP_RESPONSABLE_SERVICIO
INC000004009387,Media,IP24 // REDTEMA // ERROR FUNCIONAL,Cerrado,04/05/2026 2:35 PM,CEP CAU AGI,04/05/2026 4:00 PM,SOP_SMC_TEIDE,4-Baja,Masiva,CEP CAU AGI
INC000004009842,Media,FICHA DE CLIENTE // ISGF MURCIA // ERROR FUNCIONAL,Cerrado,04/05/2026 1:10 PM,CEP CAU AGI,08/05/2026 1:32 PM,NEG_CAMP_CERES,4-Baja,Masiva,SLN ISGF Murcia
INC000004009885,Media,KRATOS // LA FINCA // ERROR FUNCIONAL,En curso,04/05/2026 4:08 PM,SOP_SMC_TEIDE,,CEP CAU AGI,3-Medio,Masiva,CONTROL_ROOM
INC000004009934,Media,SIEBEL 8 // FOUNDEVER SEVILLA // ERROR FUNCIONAL,Cerrado,04/05/2026 12:47 PM,CEP CAU AGI,04/05/2026 1:33 PM,SOP_SMC_TEIDE,4-Baja,Masiva,APL_ING_CALL_CENTER
INC000004010151,Crítica,INDISPONIBILIDAD/Conectividad GCP/SL1,Cerrado,05/05/2026 3:44 AM,RTV-TECSE RED DATOS,05/05/2026 4:11 PM,OPER_COE_CLOUD,1-Crítica,Masiva,Operador (A.G.I.)
INC000004010372,Media,FICHA DE CLIENTE // ISGF MURCIA // ERROR FUNCIONAL,Cerrado,05/05/2026 10:16 AM,CEP CAU AGI,05/05/2026 1:00 PM,NEG_CAMP_CERES,3-Medio,Masiva,SLN ISGF Murcia
INC000004010398,Media,DEGRADACION/GED/SL3,Cerrado,05/05/2026 12:23 PM,CEP CAU AGI,05/05/2026 2:00 PM,GC GeD,4-Baja,Masiva,CALLCENTER_SITEL_SEVILLA
INC000004010510,Media,CERES // SALAMANCA // ERROR FUNCIONAL,Cerrado,04/05/2026 6:32 PM,CEP CAU AGI,04/05/2026 7:32 PM,SOPORTE N1 CSO,3-Medio,Masiva,SLN Arvato Salamanca
INC000004010519,Media,PRDIAS-27740  ASISTENTE / TLP MEDELLIN / ERROR FUNCIONAL,Cerrado,05/05/2026 12:18 AM,CEP CAU AGI,11/05/2026 8:30 AM,DES_ASISTENTE,4-Baja,Masiva,ATC_MADRID_MASIVO
INC000004010561,Alta,DEGRADACION/AURORA/SL2,Cerrado,05/05/2026 10:48 AM,CEP CAU AGI,05/05/2026 11:27 AM,SOP_TMC_AURORA,2-Alta,Masiva,APL_ING_CALL_CENTER
INC000004011400,Media,OMV// FINCA// ERROR FUNCIONAL,Asignado,05/05/2026 5:33 PM,SOP_OSS_MOVIL,,SOPORTE N1 CSO,4-Baja,Masiva,APL_ING_CALL_CENTER
INC000004011628,Media,ALTITUDE // MARKTEL VALENCIA // ERROR FUNCIONAL,Cerrado,05/05/2026 12:49 PM,CEP CAU AGI,05/05/2026 4:02 PM,SOP_TECNICO_CALL_CENTER,4-Baja,Masiva,SLN Marktel Valencia
INC000004011770,Media,OMV // FINCA// FUNCIONAL,Cerrado,05/05/2026 3:18 PM,CEP CAU AGI,05/05/2026 4:33 PM,SOPORTE N1 CSO,3-Medio,Masiva,APL_ING_CALL_CENTER
INC000004011779,Media,FICHA DE CLIENTE//COVISIAN// FUNCIONAL,Cerrado,05/05/2026 4:02 PM,CEP CAU AGI,07/05/2026 8:24 AM,DES_MADISON,3-Medio,Masiva,APL_ING_CALL_CENTER
INC000004011800,Media,IP24 // ISGF MURCIA  // ERROR FUNCIONAL,Cerrado,05/05/2026 6:28 PM,CEP CAU AGI,06/05/2026 4:20 PM,NEG_CAMP_CERES,4-Baja,Masiva,SLN ISGF Murcia
INC000004011809,Media,FICHA DE CLIENTE // FOUNDEVER // ERROR FUNCIONAL,Cerrado,05/05/2026 1:40 PM,CEP CAU AGI,05/05/2026 2:45 PM,APL_MOV_SOE,3-Medio,Masiva,APL_ING_CALL_CENTER
INC000004011851,Media,PRDIAS-27779  DJINGO // TLP MEDELLIN // ERROR FUNCIONAL,Cerrado,05/05/2026 6:30 PM,CEP CAU AGI,11/05/2026 8:29 AM,DES_ASISTENTE,3-Medio,Masiva,SLN Teleperformance Medellin
INC000004012231,Media,LIVEPERSON // ADI // ERROR FUNCIONAL,Cerrado,06/05/2026 8:53 AM,CEP CAU AGI,06/05/2026 5:31 PM,DES_ASISTENTE,3-Medio,Masiva,SLN Arvato Salamanca
INC000004012242,Media,LIVEPERSON // ISGF MURCIA // ERROR FUNCIONAL,Cerrado,06/05/2026 9:29 AM,CEP CAU AGI,06/05/2026 10:08 AM,SOP_DJINGO,3-Medio,Masiva,SLN ISGF Murcia
INC000004012970,Media,ALTITUDE // OEST OVIEDO // ERROR FUNCIONAL,Cerrado,06/05/2026 2:49 PM,CEP CAU AGI,06/05/2026 4:16 PM,SOP_TECNICO_CALL_CENTER,4-Baja,Masiva,OEST - SL
INC000004013227,Media,CRM JAZZTEL / JAZZTEL DISTRIUCION / ERROR FUNCIONAL,Cerrado,06/05/2026 4:20 PM,CEP CAU AGI,07/05/2026 10:14 AM,SOPORTE N1 CSO,4-Baja,Masiva,PROC_CAD
INC000004013306,Media,IP24 // TWW LEON // ERROR FUNCIONAL,Cerrado,06/05/2026 2:05 PM,CEP CAU AGI,06/05/2026 4:18 PM,NEG_CAMP_CERES,4-Baja,Masiva,CALLCENTER_TRANSCOM_LEON
INC000004013384,Media,WEB DE COMPROBANTES // TWW LEON // FUNCIONAL,Cerrado,07/05/2026 11:30 AM,CEP CAU AGI,07/05/2026 1:28 PM,SOP_MOV_COMPROBANTES_TIENDAS,3-Medio,Masiva,USU_COBROS
INC000004013552,Media,VERINT / FOUNDEVER SEVILLA // ERROR FUNCIONAL,Cerrado,07/05/2026 9:31 AM,CEP CAU AGI,07/05/2026 3:17 PM,SOP_TECNICO_CALL_CENTER,3-Medio,Masiva,APL_ING_CALL_CENTER
INC000004013553,Media,PRDIAS-27824 DJINGO // OEST OVIEDO // ERROR FUNCIONAL,Pendiente,07/05/2026 9:33 AM,DES_DJINGO,,CEP CAU AGI,3-Medio,Masiva,OEST - SL
INC000004013572,Media,IP24 // TWW LEON // FUNCIONAL,Cerrado,07/05/2026 11:11 AM,CEP CAU AGI,07/05/2026 1:58 PM,NEG_CAMP_CERES,4-Baja,Masiva,CALLCENTER_TRANSCOM_LEON
INC000004013806,Media,REMEDY // GUADALAJARA // ERROR FUNCIONAL.,Cerrado,07/05/2026 8:06 AM,CEP CAU AGI,07/05/2026 1:00 PM,DES_REMEDY,4-Baja,Masiva,MESA DE AYUDA GUADALAJARA
INC000004013842,Media,FICHA DE CLIENTE // TWW LEON // FUNCIONAL,Cerrado,07/05/2026 11:02 AM,CEP CAU AGI,07/05/2026 1:56 PM,NEG_CAMP_CERES,3-Medio,Masiva,CALLCENTER_TRANSCOM_LEON
INC000004014553,Media,FICHA DE CLIENTE //KONECTA SEVILLA // FUNCIONAL,Pendiente,07/05/2026 4:01 PM,DES_SOE_FICHA,,DES_SOE_FICHA,4-Baja,Masiva,CALLCENTER_KONECTA_SEVILLA
INC000004014582,Media,DEGRADACIÓN / SARO / SL3,Cerrado,07/05/2026 5:10 PM,CEP CAU AGI,07/05/2026 10:14 PM,SOP_BSS_JAZZTEL,2-Alta,Masiva,MESA DE AYUDA GUADALAJARA
INC000004014639,Media,ALTITUDE // GUADALAJARA // FUNCIONAL,Cerrado,07/05/2026 3:55 PM,CEP CAU AGI,08/05/2026 9:23 AM,SOP_TECNICO_CALL_CENTER,4-Baja,Masiva,MESA DE AYUDA GUADALAJARA
INC000004014676,Media,LIVEPERSON//KONECTA// ERROR FUNCIONAL,Pendiente,07/05/2026 5:56 PM,CEP CAU AGI,,SOP_DJINGO,4-Baja,Masiva,CALLCENTER_KONECTA_SEVILLA
INC000004014746,Media,FICHA DE CLIENTE // LA FINCA // ERROR FUNCIONAL,En curso,07/05/2026 5:31 PM,Soporte Siebel,,SOPORTE N1 CSO,3-Medio,Masiva,BO CLIENTE FINAL
INC000004015827,Media,IP24 // GUADALAJARA ATAC // FUNCIONAL,Cerrado,08/05/2026 12:40 PM,CEP CAU AGI,12/05/2026 5:57 PM,SOPORTE N1 CSO,4-Baja,Masiva,NEG_PROVISION_PYME
INC000004015960,Media,GESTOCK  // TLP ATAC JEREZ // ERROR FUNCIONAL,Cerrado,08/05/2026 2:59 PM,CEP CAU AGI,08/05/2026 4:47 PM,SOP_TMC_GESTOCK,3-Medio,Masiva,APL_CON_DESA_SERVICIO_ICF
INC000004016260,Media,PRDIAS-27853 DJINGO // LA FINCA // ERROR FUNCIONAL,Pendiente,11/05/2026 9:49 AM,DES_DJINGO,,,3-Medio,Masiva,CEP CAU AGI
INC000004016344,Media,OCEANE//JAZZPLAT GUADALAJARA// FUNCIONAL,Cerrado,10/05/2026 12:35 PM,CEP CAU AGI,11/05/2026 8:26 AM,SOPORTE N1 CSO,3-Medio,Masiva,MESA DE AYUDA GUADALAJARA
INC000004016375,Media,FICHA DE CLIENTE //  ISGF MURCIA // ERROR FUNCIONAL,Cerrado,11/05/2026 10:00 AM,CEP CAU AGI,11/05/2026 1:46 PM,APL_MOV_SOE,3-Medio,Masiva,SLN ISGF Murcia
INC000004016971,Media,MONITOR DE WHATSAPP // LA FINCA // ERRO FUNCIONAL,Cerrado,11/05/2026 11:38 AM,CEP CAU AGI,11/05/2026 1:38 PM,SOP_DJINGO,3-Medio,Masiva,CEP CAU AGI
INC000004016978,Media,GUISS // GUADALAJARA // ERROR FUNCIONAL,Cerrado,11/05/2026 11:52 AM,CEP CAU AGI,11/05/2026 1:51 PM,CEP CAU AGI,4-Baja,Masiva,MESA DE AYUDA GUADALAJARA
INC000004017542,Media,GED // FOUNDEVER // SIN ACCESO,Cerrado,11/05/2026 1:00 PM,CEP CAU AGI,11/05/2026 4:13 PM,GC GeD,3-Medio,Masiva,CALLCENTER_SITEL_SEVILLA
INC000004017569,Media,PRDIAS-27860 LIVEPERSON // TLP MEDELLÍN // ERROR FUNCIONAL,Pendiente,11/05/2026 2:57 PM,DES_DJINGO,,,3-Medio,Masiva,ATC_MADRID_MASIVO
INC000004017866,Media,CERES // TWW LEON // ERROR FUNCIONAL,Cerrado,12/05/2026 9:24 AM,CEP CAU AGI,12/05/2026 9:50 AM,APL_MOV_CERES,3-Medio,Masiva,CALLCENTER_TRANSCOM_LEON
INC000004017869,Media,CERES // OEST // ERROR FUNCIONAL,Resuelto,12/05/2026 10:24 AM,CEP CAU AGI,12/05/2026 3:55 PM,NEG_CAMP_CERES,3-Medio,Masiva,OEST - SL
INC000004018318,Media,FICHA DE CLIENTE // ISGF MURCIA // ERROR FUNCIONAL,Asignado,12/05/2026 8:21 AM,DES_SOE_FICHA,,NEG_CAMP_CERES,3-Medio,Masiva,APL_ING_CALL_CENTER
INC000004018342,Media,PRDIAS-27874 DJINGO // ISGF MURCIA // ERROR FUNCIONAL,Pendiente,12/05/2026 10:35 AM,DES_DJINGO,,SOP_DJINGO,3-Medio,Masiva,SLN ISGF Murcia
INC000004018614,Media,IP24 // TLP ATAC JEREZ // ERROR FUNCIONAL,En curso,12/05/2026 11:30 AM,SOP_SMC_TEIDE,,,4-Baja,Masiva,APL_CON_DESA_SERVICIO_ICF
INC000004018625,Media,IP24 // FOUNDEVER SEVILLA // ERROR FUNCIONAL,Pendiente,12/05/2026 11:57 AM,SOP_SMC_TEIDE,,CEP CAU AGI,4-Baja,Masiva,CALLCENTER_SITEL_SEVILLA
INC000004018835,Media,ECARE // JAZZPLAT BOGOTÁ // ERROR FUNCIONAL,Asignado,12/05/2026 1:20 PM,SOPORTE N1 CSO,,SOP_TMC_ACME,3-Medio,Masiva,MESA DE AYUDA COLOMBIA
INC000004018886,Media,PRDIAS-27883 DJINGO  // OVIEDO // ERROR FUNCIONAL,Pendiente,12/05/2026 5:27 PM,SOP_DJINGO,,,3-Medio,Masiva,OEST - SL
INC000004018901,Media,GUISS // JAZZPLAT GUADALAJARA // ERROR FUNCIONAL,Resuelto,12/05/2026 11:42 AM,CEP CAU AGI,12/05/2026 1:11 PM,CEP CAU AGI,4-Baja,Masiva,MESA DE AYUDA GUADALAJARA
INC000004018978,Alta,DEGRADACION /CRM4TELCO/ SL2,Resuelto,13/05/2026 7:07 AM,RTV-TECSE RED DATOS,13/05/2026 7:22 AM,Atlas_Soporte_Linux_Vmware,2-Alta,Masiva,Operador (A.G.I.)
